Portal,Tipo_Mercado,Moneda_Original,Codigo,Nombre Oferta,Empresa,Ubicacion,Modalidad,Seniority,Nivel_Educacion,Anios_Experiencia,Salario_COP,Salario_Millones,Habilidad,URL
CompuTrabajo,Mercado Local (Colombia - COP),COP,EF90507BD6D7058B61373E686DCF3405,Cientifico de Datos experiencia en IA,ZEMSANIA COLOMBIA SAS,"4,4",Remoto,Senior (4-5 años),Universidad / Carrera Profesional,5.0,12000000.0,12.0,Python,https://co.computrabajo.com/ofertas-de-trabajo/oferta-de-trabajo-de-cientifico-de-datos-experiencia-en-ia-bilingue-en-bogota-dc-EF90507BD6D7058B61373E686DCF3405#lc=ListOffers-Score4-0
CompuTrabajo,Mercado Local (Colombia - COP),COP,EF90507BD6D7058B61373E686DCF3405,Cientifico de Datos experiencia en IA,ZEMSANIA COLOMBIA SAS,"4,4",Remoto,Senior (4-5 años),Universidad / Carrera Profesional,5.0,12000000.0,12.0,SQL,https://co.computrabajo.com/ofertas-de-trabajo/oferta-de-trabajo-de-cientifico-de-datos-experiencia-en-ia-bilingue-en-bogota-dc-EF90507BD6D7058B61373E686DCF3405#lc=ListOffers-Score4-0
CompuTrabajo,Mercado Local (Colombia - COP),COP,EF90507BD6D7058B61373E686DCF3405,Cientifico de Datos experiencia en IA,ZEMSANIA COLOMBIA SAS,"4,4",Remoto,Senior (4-5 años),Universidad / Carrera Profesional,5.0,12000000.0,12.0,Spark / PySpark,https://co.computrabajo.com/ofertas-de-trabajo/oferta-de-trabajo-de-cientifico-de-datos-experiencia-en-ia-bilingue-en-bogota-dc-EF90507BD6D7058B61373E686DCF3405#lc=ListOffers-Score4-0
CompuTrabajo,Mercado Local (Colombia - COP),COP,EF90507BD6D7058B61373E686DCF3405,Cientifico de Datos experiencia en IA,ZEMSANIA COLOMBIA SAS,"4,4",Remoto,Senior (4-5 años),Universidad / Carrera Profesional,5.0,12000000.0,12.0,Databricks,https://co.computrabajo.com/ofertas-de-trabajo/oferta-de-trabajo-de-cientifico-de-datos-experiencia-en-ia-bilingue-en-bogota-dc-EF90507BD6D7058B61373E686DCF3405#lc=ListOffers-Score4-0
CompuTrabajo,Mercado Local (Colombia - COP),COP,EF90507BD6D7058B61373E686DCF3405,Cientifico de Datos experiencia en IA,ZEMSANIA COLOMBIA SAS,"4,4",Remoto,Senior (4-5 años),Universidad / Carrera Profesional,5.0,12000000.0,12.0,Azure,https://co.computrabajo.com/ofertas-de-trabajo/oferta-de-trabajo-de-cientifico-de-datos-experiencia-en-ia-bilingue-en-bogota-dc-EF90507BD6D7058B61373E686DCF3405#lc=ListOffers-Score4-0
CompuTrabajo,Mercado Local (Colombia - COP),COP,EF90507BD6D7058B61373E686DCF3405,Cientifico de Datos experiencia en IA,ZEMSANIA COLOMBIA SAS,"4,4",Remoto,Senior (4-5 años),Universidad / Carrera Profesional,5.0,12000000.0,12.0,Google Cloud (GCP),https://co.computrabajo.com/ofertas-de-trabajo/oferta-de-trabajo-de-cientifico-de-datos-experiencia-en-ia-bilingue-en-bogota-dc-EF90507BD6D7058B61373E686DCF3405#lc=ListOffers-Score4-0
CompuTrabajo,Mercado Local (Colombia - COP),COP,EF90507BD6D7058B61373E686DCF3405,Cientifico de Datos experiencia en IA,ZEMSANIA COLOMBIA SAS,"4,4",Remoto,Senior (4-5 años),Universidad / Carrera Profesional,5.0,12000000.0,12.0,Machine Learning General,https://co.computrabajo.com/ofertas-de-trabajo/oferta-de-trabajo-de-cientifico-de-datos-experiencia-en-ia-bilingue-en-bogota-dc-EF90507BD6D7058B61373E686DCF3405#lc=ListOffers-Score4-0
CompuTrabajo,Mercado Local (Colombia - COP),COP,EF90507BD6D7058B61373E686DCF3405,Cientifico de Datos experiencia en IA,ZEMSANIA COLOMBIA SAS,"4,4",Remoto,Senior (4-5 años),Universidad / Carrera Profesional,5.0,12000000.0,12.0,Bases de Datos NoSQL,https://co.computrabajo.com/ofertas-de-trabajo/oferta-de-trabajo-de-cientifico-de-datos-experiencia-en-ia-bilingue-en-bogota-dc-EF90507BD6D7058B61373E686DCF3405#lc=ListOffers-Score4-0
CompuTrabajo,Mercado Internacional (Remoto - USD),CAD,A332D4F7487E8D7961373E686DCF3405,Científico de datos,MINEROS S.A,"Medellín, Antioquia",No especificada,Semi-Senior (2-3 años),Postgrado / Especialización,3.0,,,Python,https://co.computrabajo.com/ofertas-de-trabajo/oferta-de-trabajo-de-cientifico-de-datos-en-medellin-A332D4F7487E8D7961373E686DCF3405#lc=ListOffers-Score4-1
CompuTrabajo,Mercado Internacional (Remoto - USD),CAD,A332D4F7487E8D7961373E686DCF3405,Científico de datos,MINEROS S.A,"Medellín, Antioquia",No especificada,Semi-Senior (2-3 años),Postgrado / Especialización,3.0,,,SQL,https://co.computrabajo.com/ofertas-de-trabajo/oferta-de-trabajo-de-cientifico-de-datos-en-medellin-A332D4F7487E8D7961373E686DCF3405#lc=ListOffers-Score4-1
CompuTrabajo,Mercado Internacional (Remoto - USD),CAD,A332D4F7487E8D7961373E686DCF3405,Científico de datos,MINEROS S.A,"Medellín, Antioquia",No especificada,Semi-Senior (2-3 años),Postgrado / Especialización,3.0,,,Power BI,https://co.computrabajo.com/ofertas-de-trabajo/oferta-de-trabajo-de-cientifico-de-datos-en-medellin-A332D4F7487E8D7961373E686DCF3405#lc=ListOffers-Score4-1
CompuTrabajo,Mercado Internacional (Remoto - USD),CAD,A332D4F7487E8D7961373E686DCF3405,Científico de datos,MINEROS S.A,"Medellín, Antioquia",No especificada,Semi-Senior (2-3 años),Postgrado / Especialización,3.0,,,Tableau,https://co.computrabajo.com/ofertas-de-trabajo/oferta-de-trabajo-de-cientifico-de-datos-en-medellin-A332D4F7487E8D7961373E686DCF3405#lc=ListOffers-Score4-1
CompuTrabajo,Mercado Internacional (Remoto - USD),CAD,A332D4F7487E8D7961373E686DCF3405,Científico de datos,MINEROS S.A,"Medellín, Antioquia",No especificada,Semi-Senior (2-3 años),Postgrado / Especialización,3.0,,,Databricks,https://co.computrabajo.com/ofertas-de-trabajo/oferta-de-trabajo-de-cientifico-de-datos-en-medellin-A332D4F7487E8D7961373E686DCF3405#lc=ListOffers-Score4-1
CompuTrabajo,Mercado Internacional (Remoto - USD),CAD,A332D4F7487E8D7961373E686DCF3405,Científico de datos,MINEROS S.A,"Medellín, Antioquia",No especificada,Semi-Senior (2-3 años),Postgrado / Especialización,3.0,,,AWS,https://co.computrabajo.com/ofertas-de-trabajo/oferta-de-trabajo-de-cientifico-de-datos-en-medellin-A332D4F7487E8D7961373E686DCF3405#lc=ListOffers-Score4-1
CompuTrabajo,Mercado Internacional (Remoto - USD),CAD,A332D4F7487E8D7961373E686DCF3405,Científico de datos,MINEROS S.A,"Medellín, Antioquia",No especificada,Semi-Senior (2-3 años),Postgrado / Especialización,3.0,,,Azure,https://co.computrabajo.com/ofertas-de-trabajo/oferta-de-trabajo-de-cientifico-de-datos-en-medellin-A332D4F7487E8D7961373E686DCF3405#lc=ListOffers-Score4-1
CompuTrabajo,Mercado Internacional (Remoto - USD),CAD,A332D4F7487E8D7961373E686DCF3405,Científico de datos,MINEROS S.A,"Medellín, Antioquia",No especificada,Semi-Senior (2-3 años),Postgrado / Especialización,3.0,,,Google Cloud (GCP),https://co.computrabajo.com/ofertas-de-trabajo/oferta-de-trabajo-de-cientifico-de-datos-en-medellin-A332D4F7487E8D7961373E686DCF3405#lc=ListOffers-Score4-1
CompuTrabajo,Mercado Internacional (Remoto - USD),CAD,A332D4F7487E8D7961373E686DCF3405,Científico de datos,MINEROS S.A,"Medellín, Antioquia",No especificada,Semi-Senior (2-3 años),Postgrado / Especialización,3.0,,,Machine Learning General,https://co.computrabajo.com/ofertas-de-trabajo/oferta-de-trabajo-de-cientifico-de-datos-en-medellin-A332D4F7487E8D7961373E686DCF3405#lc=ListOffers-Score4-1
CompuTrabajo,Mercado Internacional (Remoto - USD),CAD,A332D4F7487E8D7961373E686DCF3405,Científico de datos,MINEROS S.A,"Medellín, Antioquia",No especificada,Semi-Senior (2-3 años),Postgrado / Especialización,3.0,,,NLP / LLMs,https://co.computrabajo.com/ofertas-de-trabajo/oferta-de-trabajo-de-cientifico-de-datos-en-medellin-A332D4F7487E8D7961373E686DCF3405#lc=ListOffers-Score4-1
CompuTrabajo,Mercado Internacional (Remoto - USD),CAD,A332D4F7487E8D7961373E686DCF3405,Científico de datos,MINEROS S.A,"Medellín, Antioquia",No especificada,Semi-Senior (2-3 años),Postgrado / Especialización,3.0,,,Scikit-Learn,https://co.computrabajo.com/ofertas-de-trabajo/oferta-de-trabajo-de-cientifico-de-datos-en-medellin-A332D4F7487E8D7961373E686DCF3405#lc=ListOffers-Score4-1
CompuTrabajo,Mercado Internacional (Remoto - USD),CAD,A332D4F7487E8D7961373E686DCF3405,Científico de datos,MINEROS S.A,"Medellín, Antioquia",No especificada,Semi-Senior (2-3 años),Postgrado / Especialización,3.0,,,Estadística / Modelamiento,https://co.computrabajo.com/ofertas-de-trabajo/oferta-de-trabajo-de-cientifico-de-datos-en-medellin-A332D4F7487E8D7961373E686DCF3405#lc=ListOffers-Score4-1
CompuTrabajo,Mercado Internacional (Remoto - USD),CAD,A332D4F7487E8D7961373E686DCF3405,Científico de datos,MINEROS S.A,"Medellín, Antioquia",No especificada,Semi-Senior (2-3 años),Postgrado / Especialización,3.0,,,MLOps,https://co.computrabajo.com/ofertas-de-trabajo/oferta-de-trabajo-de-cientifico-de-datos-en-medellin-A332D4F7487E8D7961373E686DCF3405#lc=ListOffers-Score4-1
CompuTrabajo,Mercado Local (Colombia - COP),COP,CB72055DC19256A061373E686DCF3405,Científico de datos / Data Scientist // Inglés B2+ o C1,BRM S.A.S,"4,3",Remoto,Semi-Senior (2-3 años),Universidad / Carrera Profesional,2.0,6500000.0,6.5,Python,https://co.computrabajo.com/ofertas-de-trabajo/oferta-de-trabajo-de-cientifico-de-datos-data-scientist-ingles-b2-o-c1-dominio-de-sql-r-y-python-en-bogota-dc-CB72055DC19256A061373E686DCF3405#lc=ListOffers-Score4-2
CompuTrabajo,Mercado Local (Colombia - COP),COP,CB72055DC19256A061373E686DCF3405,Científico de datos / Data Scientist // Inglés B2+ o C1,BRM S.A.S,"4,3",Remoto,Semi-Senior (2-3 años),Universidad / Carrera Profesional,2.0,6500000.0,6.5,R,https://co.computrabajo.com/ofertas-de-trabajo/oferta-de-trabajo-de-cientifico-de-datos-data-scientist-ingles-b2-o-c1-dominio-de-sql-r-y-python-en-bogota-dc-CB72055DC19256A061373E686DCF3405#lc=ListOffers-Score4-2
CompuTrabajo,Mercado Local (Colombia - COP),COP,CB72055DC19256A061373E686DCF3405,Científico de datos / Data Scientist // Inglés B2+ o C1,BRM S.A.S,"4,3",Remoto,Semi-Senior (2-3 años),Universidad / Carrera Profesional,2.0,6500000.0,6.5,SQL,https://co.computrabajo.com/ofertas-de-trabajo/oferta-de-trabajo-de-cientifico-de-datos-data-scientist-ingles-b2-o-c1-dominio-de-sql-r-y-python-en-bogota-dc-CB72055DC19256A061373E686DCF3405#lc=ListOffers-Score4-2
CompuTrabajo,Mercado Local (Colombia - COP),COP,CB72055DC19256A061373E686DCF3405,Científico de datos / Data Scientist // Inglés B2+ o C1,BRM S.A.S,"4,3",Remoto,Semi-Senior (2-3 años),Universidad / Carrera Profesional,2.0,6500000.0,6.5,Power BI,https://co.computrabajo.com/ofertas-de-trabajo/oferta-de-trabajo-de-cientifico-de-datos-data-scientist-ingles-b2-o-c1-dominio-de-sql-r-y-python-en-bogota-dc-CB72055DC19256A061373E686DCF3405#lc=ListOffers-Score4-2
CompuTrabajo,Mercado Local (Colombia - COP),COP,CB72055DC19256A061373E686DCF3405,Científico de datos / Data Scientist // Inglés B2+ o C1,BRM S.A.S,"4,3",Remoto,Semi-Senior (2-3 años),Universidad / Carrera Profesional,2.0,6500000.0,6.5,Excel Avanzado,https://co.computrabajo.com/ofertas-de-trabajo/oferta-de-trabajo-de-cientifico-de-datos-data-scientist-ingles-b2-o-c1-dominio-de-sql-r-y-python-en-bogota-dc-CB72055DC19256A061373E686DCF3405#lc=ListOffers-Score4-2
CompuTrabajo,Mercado Local (Colombia - COP),COP,CB72055DC19256A061373E686DCF3405,Científico de datos / Data Scientist // Inglés B2+ o C1,BRM S.A.S,"4,3",Remoto,Semi-Senior (2-3 años),Universidad / Carrera Profesional,2.0,6500000.0,6.5,Google Cloud (GCP),https://co.computrabajo.com/ofertas-de-trabajo/oferta-de-trabajo-de-cientifico-de-datos-data-scientist-ingles-b2-o-c1-dominio-de-sql-r-y-python-en-bogota-dc-CB72055DC19256A061373E686DCF3405#lc=ListOffers-Score4-2
CompuTrabajo,Mercado Local (Colombia - COP),COP,CB72055DC19256A061373E686DCF3405,Científico de datos / Data Scientist // Inglés B2+ o C1,BRM S.A.S,"4,3",Remoto,Semi-Senior (2-3 años),Universidad / Carrera Profesional,2.0,6500000.0,6.5,Machine Learning General,https://co.computrabajo.com/ofertas-de-trabajo/oferta-de-trabajo-de-cientifico-de-datos-data-scientist-ingles-b2-o-c1-dominio-de-sql-r-y-python-en-bogota-dc-CB72055DC19256A061373E686DCF3405#lc=ListOffers-Score4-2
CompuTrabajo,Mercado Local (Colombia - COP),COP,CB72055DC19256A061373E686DCF3405,Científico de datos / Data Scientist // Inglés B2+ o C1,BRM S.A.S,"4,3",Remoto,Semi-Senior (2-3 años),Universidad / Carrera Profesional,2.0,6500000.0,6.5,Deep Learning,https://co.computrabajo.com/ofertas-de-trabajo/oferta-de-trabajo-de-cientifico-de-datos-data-scientist-ingles-b2-o-c1-dominio-de-sql-r-y-python-en-bogota-dc-CB72055DC19256A061373E686DCF3405#lc=ListOffers-Score4-2
CompuTrabajo,Mercado Local (Colombia - COP),COP,CB72055DC19256A061373E686DCF3405,Científico de datos / Data Scientist // Inglés B2+ o C1,BRM S.A.S,"4,3",Remoto,Semi-Senior (2-3 años),Universidad / Carrera Profesional,2.0,6500000.0,6.5,TensorFlow / Keras,https://co.computrabajo.com/ofertas-de-trabajo/oferta-de-trabajo-de-cientifico-de-datos-data-scientist-ingles-b2-o-c1-dominio-de-sql-r-y-python-en-bogota-dc-CB72055DC19256A061373E686DCF3405#lc=ListOffers-Score4-2
CompuTrabajo,Mercado Local (Colombia - COP),COP,CB72055DC19256A061373E686DCF3405,Científico de datos / Data Scientist // Inglés B2+ o C1,BRM S.A.S,"4,3",Remoto,Semi-Senior (2-3 años),Universidad / Carrera Profesional,2.0,6500000.0,6.5,PyTorch,https://co.computrabajo.com/ofertas-de-trabajo/oferta-de-trabajo-de-cientifico-de-datos-data-scientist-ingles-b2-o-c1-dominio-de-sql-r-y-python-en-bogota-dc-CB72055DC19256A061373E686DCF3405#lc=ListOffers-Score4-2
CompuTrabajo,Mercado Local (Colombia - COP),COP,CB72055DC19256A061373E686DCF3405,Científico de datos / Data Scientist // Inglés B2+ o C1,BRM S.A.S,"4,3",Remoto,Semi-Senior (2-3 años),Universidad / Carrera Profesional,2.0,6500000.0,6.5,Estadística / Modelamiento,https://co.computrabajo.com/ofertas-de-trabajo/oferta-de-trabajo-de-cientifico-de-datos-data-scientist-ingles-b2-o-c1-dominio-de-sql-r-y-python-en-bogota-dc-CB72055DC19256A061373E686DCF3405#lc=ListOffers-Score4-2
CompuTrabajo,Mercado Local (Colombia - COP),COP,8F5F2E33B1F632A161373E686DCF3405,Científico de Datos Junior,NEXA BPO,"4,4",Presencial y remoto,Junior / Trainee (0-1 años),Universidad / Carrera Profesional,1.0,3250000.0,3.25,AWS,https://co.computrabajo.com/ofertas-de-trabajo/oferta-de-trabajo-de-cientifico-de-datos-junior-en-bogota-dc-8F5F2E33B1F632A161373E686DCF3405#lc=ListOffers-Score4-3
CompuTrabajo,Mercado Local (Colombia - COP),COP,8F5F2E33B1F632A161373E686DCF3405,Científico de Datos Junior,NEXA BPO,"4,4",Presencial y remoto,Junior / Trainee (0-1 años),Universidad / Carrera Profesional,1.0,3250000.0,3.25,NLP / LLMs,https://co.computrabajo.com/ofertas-de-trabajo/oferta-de-trabajo-de-cientifico-de-datos-junior-en-bogota-dc-8F5F2E33B1F632A161373E686DCF3405#lc=ListOffers-Score4-3
CompuTrabajo,Mercado Local (Colombia - COP),COP,8F5F2E33B1F632A161373E686DCF3405,Científico de Datos Junior,NEXA BPO,"4,4",Presencial y remoto,Junior / Trainee (0-1 años),Universidad / Carrera Profesional,1.0,3250000.0,3.25,Estadística / Modelamiento,https://co.computrabajo.com/ofertas-de-trabajo/oferta-de-trabajo-de-cientifico-de-datos-junior-en-bogota-dc-8F5F2E33B1F632A161373E686DCF3405#lc=ListOffers-Score4-3
CompuTrabajo,Mercado Local (Colombia - COP),COP,936A18582B9CC24E61373E686DCF3405,Data Scientist,LIQUITTY COLOMBIA - CIBERGESTION COLOMBIA.,"4,3",No especificada,Junior / Trainee (0-1 años),Universidad / Carrera Profesional,1.0,4700000.0,4.7,Python,https://co.computrabajo.com/ofertas-de-trabajo/oferta-de-trabajo-de-data-scientist-en-bogota-dc-936A18582B9CC24E61373E686DCF3405#lc=ListOffers-Score4-4
CompuTrabajo,Mercado Local (Colombia - COP),COP,936A18582B9CC24E61373E686DCF3405,Data Scientist,LIQUITTY COLOMBIA - CIBERGESTION COLOMBIA.,"4,3",No especificada,Junior / Trainee (0-1 años),Universidad / Carrera Profesional,1.0,4700000.0,4.7,SQL,https://co.computrabajo.com/ofertas-de-trabajo/oferta-de-trabajo-de-data-scientist-en-bogota-dc-936A18582B9CC24E61373E686DCF3405#lc=ListOffers-Score4-4
CompuTrabajo,Mercado Local (Colombia - COP),COP,936A18582B9CC24E61373E686DCF3405,Data Scientist,LIQUITTY COLOMBIA - CIBERGESTION COLOMBIA.,"4,3",No especificada,Junior / Trainee (0-1 años),Universidad / Carrera Profesional,1.0,4700000.0,4.7,Excel Avanzado,https://co.computrabajo.com/ofertas-de-trabajo/oferta-de-trabajo-de-data-scientist-en-bogota-dc-936A18582B9CC24E61373E686DCF3405#lc=ListOffers-Score4-4
CompuTrabajo,Mercado Local (Colombia - COP),COP,936A18582B9CC24E61373E686DCF3405,Data Scientist,LIQUITTY COLOMBIA - CIBERGESTION COLOMBIA.,"4,3",No especificada,Junior / Trainee (0-1 años),Universidad / Carrera Profesional,1.0,4700000.0,4.7,Machine Learning General,https://co.computrabajo.com/ofertas-de-trabajo/oferta-de-trabajo-de-data-scientist-en-bogota-dc-936A18582B9CC24E61373E686DCF3405#lc=ListOffers-Score4-4
CompuTrabajo,Mercado Local (Colombia - COP),COP,936A18582B9CC24E61373E686DCF3405,Data Scientist,LIQUITTY COLOMBIA - CIBERGESTION COLOMBIA.,"4,3",No especificada,Junior / Trainee (0-1 años),Universidad / Carrera Profesional,1.0,4700000.0,4.7,Scikit-Learn,https://co.computrabajo.com/ofertas-de-trabajo/oferta-de-trabajo-de-data-scientist-en-bogota-dc-936A18582B9CC24E61373E686DCF3405#lc=ListOffers-Score4-4
CompuTrabajo,Mercado Local (Colombia - COP),COP,936A18582B9CC24E61373E686DCF3405,Data Scientist,LIQUITTY COLOMBIA - CIBERGESTION COLOMBIA.,"4,3",No especificada,Junior / Trainee (0-1 años),Universidad / Carrera Profesional,1.0,4700000.0,4.7,Estadística / Modelamiento,https://co.computrabajo.com/ofertas-de-trabajo/oferta-de-trabajo-de-data-scientist-en-bogota-dc-936A18582B9CC24E61373E686DCF3405#lc=ListOffers-Score4-4
CompuTrabajo,Mercado Local (Colombia - COP),COP,936A18582B9CC24E61373E686DCF3405,Data Scientist,LIQUITTY COLOMBIA - CIBERGESTION COLOMBIA.,"4,3",No especificada,Junior / Trainee (0-1 años),Universidad / Carrera Profesional,1.0,4700000.0,4.7,ETL / Pipelines de Datos,https://co.computrabajo.com/ofertas-de-trabajo/oferta-de-trabajo-de-data-scientist-en-bogota-dc-936A18582B9CC24E61373E686DCF3405#lc=ListOffers-Score4-4
CompuTrabajo,Mercado Local (Colombia - COP),COP,936A18582B9CC24E61373E686DCF3405,Data Scientist,LIQUITTY COLOMBIA - CIBERGESTION COLOMBIA.,"4,3",No especificada,Junior / Trainee (0-1 años),Universidad / Carrera Profesional,1.0,4700000.0,4.7,Git / Control de Versiones,https://co.computrabajo.com/ofertas-de-trabajo/oferta-de-trabajo-de-data-scientist-en-bogota-dc-936A18582B9CC24E61373E686DCF3405#lc=ListOffers-Score4-4
CompuTrabajo,Mercado Internacional (Remoto - USD),CAD,8DCF886B9003345161373E686DCF3405,Cientifico de Datos,Adecco Colombia S.A.,"4,6",No especificada,Semi-Senior (2-3 años),Universidad / Carrera Profesional,2.0,,,Python,https://co.computrabajo.com/ofertas-de-trabajo/oferta-de-trabajo-de-cientifico-de-datos-bogota-en-bogota-dc-8DCF886B9003345161373E686DCF3405#lc=ListOffers-Score4-5
CompuTrabajo,Mercado Internacional (Remoto - USD),CAD,8DCF886B9003345161373E686DCF3405,Cientifico de Datos,Adecco Colombia S.A.,"4,6",No especificada,Semi-Senior (2-3 años),Universidad / Carrera Profesional,2.0,,,Power BI,https://co.computrabajo.com/ofertas-de-trabajo/oferta-de-trabajo-de-cientifico-de-datos-bogota-en-bogota-dc-8DCF886B9003345161373E686DCF3405#lc=ListOffers-Score4-5
CompuTrabajo,Mercado Internacional (Remoto - USD),CAD,8DCF886B9003345161373E686DCF3405,Cientifico de Datos,Adecco Colombia S.A.,"4,6",No especificada,Semi-Senior (2-3 años),Universidad / Carrera Profesional,2.0,,,Excel Avanzado,https://co.computrabajo.com/ofertas-de-trabajo/oferta-de-trabajo-de-cientifico-de-datos-bogota-en-bogota-dc-8DCF886B9003345161373E686DCF3405#lc=ListOffers-Score4-5
CompuTrabajo,Mercado Internacional (Remoto - USD),CAD,8DCF886B9003345161373E686DCF3405,Cientifico de Datos,Adecco Colombia S.A.,"4,6",No especificada,Semi-Senior (2-3 años),Universidad / Carrera Profesional,2.0,,,Machine Learning General,https://co.computrabajo.com/ofertas-de-trabajo/oferta-de-trabajo-de-cientifico-de-datos-bogota-en-bogota-dc-8DCF886B9003345161373E686DCF3405#lc=ListOffers-Score4-5
CompuTrabajo,Mercado Internacional (Remoto - USD),CAD,8DCF886B9003345161373E686DCF3405,Cientifico de Datos,Adecco Colombia S.A.,"4,6",No especificada,Semi-Senior (2-3 años),Universidad / Carrera Profesional,2.0,,,Estadística / Modelamiento,https://co.computrabajo.com/ofertas-de-trabajo/oferta-de-trabajo-de-cientifico-de-datos-bogota-en-bogota-dc-8DCF886B9003345161373E686DCF3405#lc=ListOffers-Score4-5
CompuTrabajo,Mercado Local (Colombia - COP),COP,CC32FBA2FBD8899C61373E686DCF3405,Científico de Datos,Confidencial / No especificada,"Bogotá, D.C., Bogotá, D.C.",Presencial y remoto,Junior / Trainee (0-1 años),Universidad / Carrera Profesional,1.0,3250600.0,3.2506,Power BI,https://co.computrabajo.com/ofertas-de-trabajo/oferta-de-trabajo-de-cientifico-de-datos-conocimiento-en-aws-en-bogota-dc-CC32FBA2FBD8899C61373E686DCF3405#lc=ListOffers-Score4-6
CompuTrabajo,Mercado Local (Colombia - COP),COP,CC32FBA2FBD8899C61373E686DCF3405,Científico de Datos,Confidencial / No especificada,"Bogotá, D.C., Bogotá, D.C.",Presencial y remoto,Junior / Trainee (0-1 años),Universidad / Carrera Profesional,1.0,3250600.0,3.2506,AWS,https://co.computrabajo.com/ofertas-de-trabajo/oferta-de-trabajo-de-cientifico-de-datos-conocimiento-en-aws-en-bogota-dc-CC32FBA2FBD8899C61373E686DCF3405#lc=ListOffers-Score4-6
CompuTrabajo,Mercado Local (Colombia - COP),COP,CC32FBA2FBD8899C61373E686DCF3405,Científico de Datos,Confidencial / No especificada,"Bogotá, D.C., Bogotá, D.C.",Presencial y remoto,Junior / Trainee (0-1 años),Universidad / Carrera Profesional,1.0,3250600.0,3.2506,NLP / LLMs,https://co.computrabajo.com/ofertas-de-trabajo/oferta-de-trabajo-de-cientifico-de-datos-conocimiento-en-aws-en-bogota-dc-CC32FBA2FBD8899C61373E686DCF3405#lc=ListOffers-Score4-6
CompuTrabajo,Mercado Local (Colombia - COP),COP,CC32FBA2FBD8899C61373E686DCF3405,Científico de Datos,Confidencial / No especificada,"Bogotá, D.C., Bogotá, D.C.",Presencial y remoto,Junior / Trainee (0-1 años),Universidad / Carrera Profesional,1.0,3250600.0,3.2506,Estadística / Modelamiento,https://co.computrabajo.com/ofertas-de-trabajo/oferta-de-trabajo-de-cientifico-de-datos-conocimiento-en-aws-en-bogota-dc-CC32FBA2FBD8899C61373E686DCF3405#lc=ListOffers-Score4-6
CompuTrabajo,Mercado Internacional (Remoto - USD),CAD,A07C908FD7DDE2D261373E686DCF3405,Científico de datos  Python y R,As Talento SAS,"Bogotá, D.C., Bogotá, D.C.",Remoto,Semi-Senior (2-3 años),Postgrado / Maestría,3.0,,,Python,https://co.computrabajo.com/ofertas-de-trabajo/oferta-de-trabajo-de-cientifico-de-datos-python-y-r-python-y-r-en-bogota-dc-A07C908FD7DDE2D261373E686DCF3405#lc=ListOffers-Score4-7
CompuTrabajo,Mercado Internacional (Remoto - USD),CAD,A07C908FD7DDE2D261373E686DCF3405,Científico de datos  Python y R,As Talento SAS,"Bogotá, D.C., Bogotá, D.C.",Remoto,Semi-Senior (2-3 años),Postgrado / Maestría,3.0,,,R,https://co.computrabajo.com/ofertas-de-trabajo/oferta-de-trabajo-de-cientifico-de-datos-python-y-r-python-y-r-en-bogota-dc-A07C908FD7DDE2D261373E686DCF3405#lc=ListOffers-Score4-7
CompuTrabajo,Mercado Internacional (Remoto - USD),CAD,A07C908FD7DDE2D261373E686DCF3405,Científico de datos  Python y R,As Talento SAS,"Bogotá, D.C., Bogotá, D.C.",Remoto,Semi-Senior (2-3 años),Postgrado / Maestría,3.0,,,AWS,https://co.computrabajo.com/ofertas-de-trabajo/oferta-de-trabajo-de-cientifico-de-datos-python-y-r-python-y-r-en-bogota-dc-A07C908FD7DDE2D261373E686DCF3405#lc=ListOffers-Score4-7
CompuTrabajo,Mercado Internacional (Remoto - USD),CAD,A07C908FD7DDE2D261373E686DCF3405,Científico de datos  Python y R,As Talento SAS,"Bogotá, D.C., Bogotá, D.C.",Remoto,Semi-Senior (2-3 años),Postgrado / Maestría,3.0,,,Machine Learning General,https://co.computrabajo.com/ofertas-de-trabajo/oferta-de-trabajo-de-cientifico-de-datos-python-y-r-python-y-r-en-bogota-dc-A07C908FD7DDE2D261373E686DCF3405#lc=ListOffers-Score4-7
CompuTrabajo,Mercado Internacional (Remoto - USD),CAD,A07C908FD7DDE2D261373E686DCF3405,Científico de datos  Python y R,As Talento SAS,"Bogotá, D.C., Bogotá, D.C.",Remoto,Semi-Senior (2-3 años),Postgrado / Maestría,3.0,,,Scikit-Learn,https://co.computrabajo.com/ofertas-de-trabajo/oferta-de-trabajo-de-cientifico-de-datos-python-y-r-python-y-r-en-bogota-dc-A07C908FD7DDE2D261373E686DCF3405#lc=ListOffers-Score4-7
CompuTrabajo,Mercado Internacional (Remoto - USD),CAD,A07C908FD7DDE2D261373E686DCF3405,Científico de datos  Python y R,As Talento SAS,"Bogotá, D.C., Bogotá, D.C.",Remoto,Semi-Senior (2-3 años),Postgrado / Maestría,3.0,,,Estadística / Modelamiento,https://co.computrabajo.com/ofertas-de-trabajo/oferta-de-trabajo-de-cientifico-de-datos-python-y-r-python-y-r-en-bogota-dc-A07C908FD7DDE2D261373E686DCF3405#lc=ListOffers-Score4-7
CompuTrabajo,Mercado Internacional (Remoto - USD),CAD,A07C908FD7DDE2D261373E686DCF3405,Científico de datos  Python y R,As Talento SAS,"Bogotá, D.C., Bogotá, D.C.",Remoto,Semi-Senior (2-3 años),Postgrado / Maestría,3.0,,,MLOps,https://co.computrabajo.com/ofertas-de-trabajo/oferta-de-trabajo-de-cientifico-de-datos-python-y-r-python-y-r-en-bogota-dc-A07C908FD7DDE2D261373E686DCF3405#lc=ListOffers-Score4-7
CompuTrabajo,Mercado Local (Colombia - COP),COP,E047BA4766E9EF4061373E686DCF3405,Científico de Datos,Confidencial / No especificada,"Medellín, Antioquia",No especificada,Semi-Senior (2-3 años),Postgrado / Especialización,3.0,6500000.0,6.5,Python,https://co.computrabajo.com/ofertas-de-trabajo/oferta-de-trabajo-de-cientifico-de-datos-sector-salud-en-medellin-E047BA4766E9EF4061373E686DCF3405#lc=ListOffers-Score4-8
CompuTrabajo,Mercado Local (Colombia - COP),COP,E047BA4766E9EF4061373E686DCF3405,Científico de Datos,Confidencial / No especificada,"Medellín, Antioquia",No especificada,Semi-Senior (2-3 años),Postgrado / Especialización,3.0,6500000.0,6.5,R,https://co.computrabajo.com/ofertas-de-trabajo/oferta-de-trabajo-de-cientifico-de-datos-sector-salud-en-medellin-E047BA4766E9EF4061373E686DCF3405#lc=ListOffers-Score4-8
CompuTrabajo,Mercado Local (Colombia - COP),COP,E047BA4766E9EF4061373E686DCF3405,Científico de Datos,Confidencial / No especificada,"Medellín, Antioquia",No especificada,Semi-Senior (2-3 años),Postgrado / Especialización,3.0,6500000.0,6.5,SQL,https://co.computrabajo.com/ofertas-de-trabajo/oferta-de-trabajo-de-cientifico-de-datos-sector-salud-en-medellin-E047BA4766E9EF4061373E686DCF3405#lc=ListOffers-Score4-8
CompuTrabajo,Mercado Local (Colombia - COP),COP,E047BA4766E9EF4061373E686DCF3405,Científico de Datos,Confidencial / No especificada,"Medellín, Antioquia",No especificada,Semi-Senior (2-3 años),Postgrado / Especialización,3.0,6500000.0,6.5,Power BI,https://co.computrabajo.com/ofertas-de-trabajo/oferta-de-trabajo-de-cientifico-de-datos-sector-salud-en-medellin-E047BA4766E9EF4061373E686DCF3405#lc=ListOffers-Score4-8
CompuTrabajo,Mercado Local (Colombia - COP),COP,E047BA4766E9EF4061373E686DCF3405,Científico de Datos,Confidencial / No especificada,"Medellín, Antioquia",No especificada,Semi-Senior (2-3 años),Postgrado / Especialización,3.0,6500000.0,6.5,Tableau,https://co.computrabajo.com/ofertas-de-trabajo/oferta-de-trabajo-de-cientifico-de-datos-sector-salud-en-medellin-E047BA4766E9EF4061373E686DCF3405#lc=ListOffers-Score4-8
CompuTrabajo,Mercado Local (Colombia - COP),COP,E047BA4766E9EF4061373E686DCF3405,Científico de Datos,Confidencial / No especificada,"Medellín, Antioquia",No especificada,Semi-Senior (2-3 años),Postgrado / Especialización,3.0,6500000.0,6.5,Spark / PySpark,https://co.computrabajo.com/ofertas-de-trabajo/oferta-de-trabajo-de-cientifico-de-datos-sector-salud-en-medellin-E047BA4766E9EF4061373E686DCF3405#lc=ListOffers-Score4-8
CompuTrabajo,Mercado Local (Colombia - COP),COP,E047BA4766E9EF4061373E686DCF3405,Científico de Datos,Confidencial / No especificada,"Medellín, Antioquia",No especificada,Semi-Senior (2-3 años),Postgrado / Especialización,3.0,6500000.0,6.5,Hadoop / Hive,https://co.computrabajo.com/ofertas-de-trabajo/oferta-de-trabajo-de-cientifico-de-datos-sector-salud-en-medellin-E047BA4766E9EF4061373E686DCF3405#lc=ListOffers-Score4-8
CompuTrabajo,Mercado Local (Colombia - COP),COP,E047BA4766E9EF4061373E686DCF3405,Científico de Datos,Confidencial / No especificada,"Medellín, Antioquia",No especificada,Semi-Senior (2-3 años),Postgrado / Especialización,3.0,6500000.0,6.5,Machine Learning General,https://co.computrabajo.com/ofertas-de-trabajo/oferta-de-trabajo-de-cientifico-de-datos-sector-salud-en-medellin-E047BA4766E9EF4061373E686DCF3405#lc=ListOffers-Score4-8
CompuTrabajo,Mercado Local (Colombia - COP),COP,E047BA4766E9EF4061373E686DCF3405,Científico de Datos,Confidencial / No especificada,"Medellín, Antioquia",No especificada,Semi-Senior (2-3 años),Postgrado / Especialización,3.0,6500000.0,6.5,Estadística / Modelamiento,https://co.computrabajo.com/ofertas-de-trabajo/oferta-de-trabajo-de-cientifico-de-datos-sector-salud-en-medellin-E047BA4766E9EF4061373E686DCF3405#lc=ListOffers-Score4-8
CompuTrabajo,Mercado Local (Colombia - COP),COP,3806322D2064E11A61373E686DCF3405,Científico de Datos Senior,Confidencial / No especificada,"Medellín, Antioquia",No especificada,Senior (4-5 años),Universidad / Carrera Profesional,4.0,5000000.0,5.0,Python,https://co.computrabajo.com/ofertas-de-trabajo/oferta-de-trabajo-de-cientifico-de-datos-senior-para-medellin-en-medellin-3806322D2064E11A61373E686DCF3405#lc=ListOffers-Score4-9
CompuTrabajo,Mercado Local (Colombia - COP),COP,3806322D2064E11A61373E686DCF3405,Científico de Datos Senior,Confidencial / No especificada,"Medellín, Antioquia",No especificada,Senior (4-5 años),Universidad / Carrera Profesional,4.0,5000000.0,5.0,Excel Avanzado,https://co.computrabajo.com/ofertas-de-trabajo/oferta-de-trabajo-de-cientifico-de-datos-senior-para-medellin-en-medellin-3806322D2064E11A61373E686DCF3405#lc=ListOffers-Score4-9
CompuTrabajo,Mercado Local (Colombia - COP),COP,3806322D2064E11A61373E686DCF3405,Científico de Datos Senior,Confidencial / No especificada,"Medellín, Antioquia",No especificada,Senior (4-5 años),Universidad / Carrera Profesional,4.0,5000000.0,5.0,Estadística / Modelamiento,https://co.computrabajo.com/ofertas-de-trabajo/oferta-de-trabajo-de-cientifico-de-datos-senior-para-medellin-en-medellin-3806322D2064E11A61373E686DCF3405#lc=ListOffers-Score4-9
CompuTrabajo,Mercado Internacional (Remoto - USD),CAD,035B7AFE324A728461373E686DCF3405,Junior Data Scientist,Appril Labs S.A.S.,"Bogotá, D.C., Bogotá, D.C.",Presencial y remoto,Semi-Senior (2-3 años),Universidad / Carrera Profesional,2.0,,,Python,https://co.computrabajo.com/ofertas-de-trabajo/oferta-de-trabajo-de-junior-data-scientist-analitica-de-datos-databricks-sql-python-en-bogota-dc-035B7AFE324A728461373E686DCF3405#lc=ListOffers-Score4-10
CompuTrabajo,Mercado Internacional (Remoto - USD),CAD,035B7AFE324A728461373E686DCF3405,Junior Data Scientist,Appril Labs S.A.S.,"Bogotá, D.C., Bogotá, D.C.",Presencial y remoto,Semi-Senior (2-3 años),Universidad / Carrera Profesional,2.0,,,SQL,https://co.computrabajo.com/ofertas-de-trabajo/oferta-de-trabajo-de-junior-data-scientist-analitica-de-datos-databricks-sql-python-en-bogota-dc-035B7AFE324A728461373E686DCF3405#lc=ListOffers-Score4-10
CompuTrabajo,Mercado Internacional (Remoto - USD),CAD,035B7AFE324A728461373E686DCF3405,Junior Data Scientist,Appril Labs S.A.S.,"Bogotá, D.C., Bogotá, D.C.",Presencial y remoto,Semi-Senior (2-3 años),Universidad / Carrera Profesional,2.0,,,Power BI,https://co.computrabajo.com/ofertas-de-trabajo/oferta-de-trabajo-de-junior-data-scientist-analitica-de-datos-databricks-sql-python-en-bogota-dc-035B7AFE324A728461373E686DCF3405#lc=ListOffers-Score4-10
CompuTrabajo,Mercado Internacional (Remoto - USD),CAD,035B7AFE324A728461373E686DCF3405,Junior Data Scientist,Appril Labs S.A.S.,"Bogotá, D.C., Bogotá, D.C.",Presencial y remoto,Semi-Senior (2-3 años),Universidad / Carrera Profesional,2.0,,,Spark / PySpark,https://co.computrabajo.com/ofertas-de-trabajo/oferta-de-trabajo-de-junior-data-scientist-analitica-de-datos-databricks-sql-python-en-bogota-dc-035B7AFE324A728461373E686DCF3405#lc=ListOffers-Score4-10
CompuTrabajo,Mercado Internacional (Remoto - USD),CAD,035B7AFE324A728461373E686DCF3405,Junior Data Scientist,Appril Labs S.A.S.,"Bogotá, D.C., Bogotá, D.C.",Presencial y remoto,Semi-Senior (2-3 años),Universidad / Carrera Profesional,2.0,,,Databricks,https://co.computrabajo.com/ofertas-de-trabajo/oferta-de-trabajo-de-junior-data-scientist-analitica-de-datos-databricks-sql-python-en-bogota-dc-035B7AFE324A728461373E686DCF3405#lc=ListOffers-Score4-10
CompuTrabajo,Mercado Internacional (Remoto - USD),CAD,035B7AFE324A728461373E686DCF3405,Junior Data Scientist,Appril Labs S.A.S.,"Bogotá, D.C., Bogotá, D.C.",Presencial y remoto,Semi-Senior (2-3 años),Universidad / Carrera Profesional,2.0,,,Estadística / Modelamiento,https://co.computrabajo.com/ofertas-de-trabajo/oferta-de-trabajo-de-junior-data-scientist-analitica-de-datos-databricks-sql-python-en-bogota-dc-035B7AFE324A728461373E686DCF3405#lc=ListOffers-Score4-10
CompuTrabajo,Mercado Internacional (Remoto - USD),CAD,035B7AFE324A728461373E686DCF3405,Junior Data Scientist,Appril Labs S.A.S.,"Bogotá, D.C., Bogotá, D.C.",Presencial y remoto,Semi-Senior (2-3 años),Universidad / Carrera Profesional,2.0,,,ETL / Pipelines de Datos,https://co.computrabajo.com/ofertas-de-trabajo/oferta-de-trabajo-de-junior-data-scientist-analitica-de-datos-databricks-sql-python-en-bogota-dc-035B7AFE324A728461373E686DCF3405#lc=ListOffers-Score4-10
CompuTrabajo,Mercado Internacional (Remoto - USD),CAD,E4CAF8043677CCBE61373E686DCF3405,Científico de Datos Junior,RapiCredit,"Bogotá, D.C., Bogotá, D.C.",Presencial y remoto,Junior / Trainee (0-1 años),Universidad / Carrera Profesional,1.0,,,Python,https://co.computrabajo.com/ofertas-de-trabajo/oferta-de-trabajo-de-cientifico-de-datos-junior-en-bogota-dc-E4CAF8043677CCBE61373E686DCF3405#lc=ListOffers-Score4-11
CompuTrabajo,Mercado Internacional (Remoto - USD),CAD,E4CAF8043677CCBE61373E686DCF3405,Científico de Datos Junior,RapiCredit,"Bogotá, D.C., Bogotá, D.C.",Presencial y remoto,Junior / Trainee (0-1 años),Universidad / Carrera Profesional,1.0,,,R,https://co.computrabajo.com/ofertas-de-trabajo/oferta-de-trabajo-de-cientifico-de-datos-junior-en-bogota-dc-E4CAF8043677CCBE61373E686DCF3405#lc=ListOffers-Score4-11
CompuTrabajo,Mercado Internacional (Remoto - USD),CAD,E4CAF8043677CCBE61373E686DCF3405,Científico de Datos Junior,RapiCredit,"Bogotá, D.C., Bogotá, D.C.",Presencial y remoto,Junior / Trainee (0-1 años),Universidad / Carrera Profesional,1.0,,,SQL,https://co.computrabajo.com/ofertas-de-trabajo/oferta-de-trabajo-de-cientifico-de-datos-junior-en-bogota-dc-E4CAF8043677CCBE61373E686DCF3405#lc=ListOffers-Score4-11
CompuTrabajo,Mercado Internacional (Remoto - USD),CAD,E4CAF8043677CCBE61373E686DCF3405,Científico de Datos Junior,RapiCredit,"Bogotá, D.C., Bogotá, D.C.",Presencial y remoto,Junior / Trainee (0-1 años),Universidad / Carrera Profesional,1.0,,,Power BI,https://co.computrabajo.com/ofertas-de-trabajo/oferta-de-trabajo-de-cientifico-de-datos-junior-en-bogota-dc-E4CAF8043677CCBE61373E686DCF3405#lc=ListOffers-Score4-11
CompuTrabajo,Mercado Internacional (Remoto - USD),CAD,E4CAF8043677CCBE61373E686DCF3405,Científico de Datos Junior,RapiCredit,"Bogotá, D.C., Bogotá, D.C.",Presencial y remoto,Junior / Trainee (0-1 años),Universidad / Carrera Profesional,1.0,,,Excel Avanzado,https://co.computrabajo.com/ofertas-de-trabajo/oferta-de-trabajo-de-cientifico-de-datos-junior-en-bogota-dc-E4CAF8043677CCBE61373E686DCF3405#lc=ListOffers-Score4-11
CompuTrabajo,Mercado Internacional (Remoto - USD),CAD,E4CAF8043677CCBE61373E686DCF3405,Científico de Datos Junior,RapiCredit,"Bogotá, D.C., Bogotá, D.C.",Presencial y remoto,Junior / Trainee (0-1 años),Universidad / Carrera Profesional,1.0,,,Estadística / Modelamiento,https://co.computrabajo.com/ofertas-de-trabajo/oferta-de-trabajo-de-cientifico-de-datos-junior-en-bogota-dc-E4CAF8043677CCBE61373E686DCF3405#lc=ListOffers-Score4-11
CompuTrabajo,Mercado Internacional (Remoto - USD),CAD,E4CAF8043677CCBE61373E686DCF3405,Científico de Datos Junior,RapiCredit,"Bogotá, D.C., Bogotá, D.C.",Presencial y remoto,Junior / Trainee (0-1 años),Universidad / Carrera Profesional,1.0,,,ETL / Pipelines de Datos,https://co.computrabajo.com/ofertas-de-trabajo/oferta-de-trabajo-de-cientifico-de-datos-junior-en-bogota-dc-E4CAF8043677CCBE61373E686DCF3405#lc=ListOffers-Score4-11
CompuTrabajo,Mercado Internacional (Remoto - USD),CAD,086FBCA6BF604F3261373E686DCF3405,Data Engineer,DROPI,"Cali, Valle del Cauca",Presencial y remoto,Junior / Trainee (0-1 años),Universidad / Carrera Profesional,1.0,,,Python,https://co.computrabajo.com/ofertas-de-trabajo/oferta-de-trabajo-de-data-engineer-en-cali-086FBCA6BF604F3261373E686DCF3405#lc=ListOffers-Score3-3
CompuTrabajo,Mercado Internacional (Remoto - USD),CAD,086FBCA6BF604F3261373E686DCF3405,Data Engineer,DROPI,"Cali, Valle del Cauca",Presencial y remoto,Junior / Trainee (0-1 años),Universidad / Carrera Profesional,1.0,,,SQL,https://co.computrabajo.com/ofertas-de-trabajo/oferta-de-trabajo-de-data-engineer-en-cali-086FBCA6BF604F3261373E686DCF3405#lc=ListOffers-Score3-3
CompuTrabajo,Mercado Internacional (Remoto - USD),CAD,086FBCA6BF604F3261373E686DCF3405,Data Engineer,DROPI,"Cali, Valle del Cauca",Presencial y remoto,Junior / Trainee (0-1 años),Universidad / Carrera Profesional,1.0,,,AWS,https://co.computrabajo.com/ofertas-de-trabajo/oferta-de-trabajo-de-data-engineer-en-cali-086FBCA6BF604F3261373E686DCF3405#lc=ListOffers-Score3-3
CompuTrabajo,Mercado Internacional (Remoto - USD),CAD,086FBCA6BF604F3261373E686DCF3405,Data Engineer,DROPI,"Cali, Valle del Cauca",Presencial y remoto,Junior / Trainee (0-1 años),Universidad / Carrera Profesional,1.0,,,Estadística / Modelamiento,https://co.computrabajo.com/ofertas-de-trabajo/oferta-de-trabajo-de-data-engineer-en-cali-086FBCA6BF604F3261373E686DCF3405#lc=ListOffers-Score3-3
CompuTrabajo,Mercado Internacional (Remoto - USD),CAD,086FBCA6BF604F3261373E686DCF3405,Data Engineer,DROPI,"Cali, Valle del Cauca",Presencial y remoto,Junior / Trainee (0-1 años),Universidad / Carrera Profesional,1.0,,,ETL / Pipelines de Datos,https://co.computrabajo.com/ofertas-de-trabajo/oferta-de-trabajo-de-data-engineer-en-cali-086FBCA6BF604F3261373E686DCF3405#lc=ListOffers-Score3-3
CompuTrabajo,Mercado Internacional (Remoto - USD),CAD,086FBCA6BF604F3261373E686DCF3405,Data Engineer,DROPI,"Cali, Valle del Cauca",Presencial y remoto,Junior / Trainee (0-1 años),Universidad / Carrera Profesional,1.0,,,Git / Control de Versiones,https://co.computrabajo.com/ofertas-de-trabajo/oferta-de-trabajo-de-data-engineer-en-cali-086FBCA6BF604F3261373E686DCF3405#lc=ListOffers-Score3-3
CompuTrabajo,Mercado Internacional (Remoto - USD),CAD,6672B2E80D2DD0FA61373E686DCF3405,Estudiante Universitario en Práctica de Analítica de Datos,envía,"4,5",No especificada,Junior / Trainee (0-1 años),Universidad / Carrera Profesional,1.0,,,Python,https://co.computrabajo.com/ofertas-de-trabajo/oferta-de-trabajo-de-estudiante-universitario-en-practica-de-analitica-de-datos-en-bogota-dc-6672B2E80D2DD0FA61373E686DCF3405#lc=ListOffers-Score0-1
CompuTrabajo,Mercado Internacional (Remoto - USD),CAD,6672B2E80D2DD0FA61373E686DCF3405,Estudiante Universitario en Práctica de Analítica de Datos,envía,"4,5",No especificada,Junior / Trainee (0-1 años),Universidad / Carrera Profesional,1.0,,,R,https://co.computrabajo.com/ofertas-de-trabajo/oferta-de-trabajo-de-estudiante-universitario-en-practica-de-analitica-de-datos-en-bogota-dc-6672B2E80D2DD0FA61373E686DCF3405#lc=ListOffers-Score0-1
CompuTrabajo,Mercado Internacional (Remoto - USD),CAD,6672B2E80D2DD0FA61373E686DCF3405,Estudiante Universitario en Práctica de Analítica de Datos,envía,"4,5",No especificada,Junior / Trainee (0-1 años),Universidad / Carrera Profesional,1.0,,,Excel Avanzado,https://co.computrabajo.com/ofertas-de-trabajo/oferta-de-trabajo-de-estudiante-universitario-en-practica-de-analitica-de-datos-en-bogota-dc-6672B2E80D2DD0FA61373E686DCF3405#lc=ListOffers-Score0-1
CompuTrabajo,Mercado Internacional (Remoto - USD),CAD,6672B2E80D2DD0FA61373E686DCF3405,Estudiante Universitario en Práctica de Analítica de Datos,envía,"4,5",No especificada,Junior / Trainee (0-1 años),Universidad / Carrera Profesional,1.0,,,Estadística / Modelamiento,https://co.computrabajo.com/ofertas-de-trabajo/oferta-de-trabajo-de-estudiante-universitario-en-practica-de-analitica-de-datos-en-bogota-dc-6672B2E80D2DD0FA61373E686DCF3405#lc=ListOffers-Score0-1
ElEmpleo,Mercado Local (Colombia - COP),COP,1886758640,Data science analyst,TP COLOMBIA,Bogotá,,No especificado,No especificado,,5750000.0,5.75,Python,https://www.elempleo.com/co/ofertas-trabajo/data-science-analyst-1886758640
ElEmpleo,Mercado Local (Colombia - COP),COP,1886758640,Data science analyst,TP COLOMBIA,Bogotá,,No especificado,No especificado,,5750000.0,5.75,R,https://www.elempleo.com/co/ofertas-trabajo/data-science-analyst-1886758640
ElEmpleo,Mercado Local (Colombia - COP),COP,1886758640,Data science analyst,TP COLOMBIA,Bogotá,,No especificado,No especificado,,5750000.0,5.75,Machine Learning General,https://www.elempleo.com/co/ofertas-trabajo/data-science-analyst-1886758640
ElEmpleo,Mercado Local (Colombia - COP),COP,1886758640,Data science analyst,TP COLOMBIA,Bogotá,,No especificado,No especificado,,5750000.0,5.75,NLP / LLMs,https://www.elempleo.com/co/ofertas-trabajo/data-science-analyst-1886758640
ElEmpleo,Mercado Local (Colombia - COP),COP,1886758640,Data science analyst,TP COLOMBIA,Bogotá,,No especificado,No especificado,,5750000.0,5.75,Estadística / Modelamiento,https://www.elempleo.com/co/ofertas-trabajo/data-science-analyst-1886758640
ElEmpleo,Mercado Local (Colombia - COP),COP,1886758640,Data science analyst,TP COLOMBIA,Bogotá,,No especificado,No especificado,,5750000.0,5.75,MLOps,https://www.elempleo.com/co/ofertas-trabajo/data-science-analyst-1886758640
ElEmpleo,Mercado Local (Colombia - COP),COP,1886753064,Analista de datos,KEVINS JOYEROS,Bogotá,,No especificado,No especificado,,,,Power BI,https://www.elempleo.com/co/ofertas-trabajo/analista-de-datos-1886753064
ElEmpleo,Mercado Local (Colombia - COP),COP,1886753064,Analista de datos,KEVINS JOYEROS,Bogotá,,No especificado,No especificado,,,,Tableau,https://www.elempleo.com/co/ofertas-trabajo/analista-de-datos-1886753064
ElEmpleo,Mercado Local (Colombia - COP),COP,1886753064,Analista de datos,KEVINS JOYEROS,Bogotá,,No especificado,No especificado,,,,Excel Avanzado,https://www.elempleo.com/co/ofertas-trabajo/analista-de-datos-1886753064
ElEmpleo,Mercado Local (Colombia - COP),COP,1886753064,Analista de datos,KEVINS JOYEROS,Bogotá,,No especificado,No especificado,,,,Machine Learning General,https://www.elempleo.com/co/ofertas-trabajo/analista-de-datos-1886753064
ElEmpleo,Mercado Local (Colombia - COP),COP,1886753064,Analista de datos,KEVINS JOYEROS,Bogotá,,No especificado,No especificado,,,,Estadística / Modelamiento,https://www.elempleo.com/co/ofertas-trabajo/analista-de-datos-1886753064
ElEmpleo,Mercado Local (Colombia - COP),COP,1886753064,Analista de datos,KEVINS JOYEROS,Bogotá,,No especificado,No especificado,,,,ETL / Pipelines de Datos,https://www.elempleo.com/co/ofertas-trabajo/analista-de-datos-1886753064
ElEmpleo,Mercado Local (Colombia - COP),COP,1886756551,Especialista de datos e información,Universidad Central,Bogotá,,No especificado,No especificado,,3750000.0,3.75,Python,https://www.elempleo.com/co/ofertas-trabajo/especialista-de-datos-e-informacion-1886756551
ElEmpleo,Mercado Local (Colombia - COP),COP,1886756551,Especialista de datos e información,Universidad Central,Bogotá,,No especificado,No especificado,,3750000.0,3.75,Power BI,https://www.elempleo.com/co/ofertas-trabajo/especialista-de-datos-e-informacion-1886756551
ElEmpleo,Mercado Local (Colombia - COP),COP,1886756551,Especialista de datos e información,Universidad Central,Bogotá,,No especificado,No especificado,,3750000.0,3.75,Excel Avanzado,https://www.elempleo.com/co/ofertas-trabajo/especialista-de-datos-e-informacion-1886756551
ElEmpleo,Mercado Local (Colombia - COP),COP,1886756551,Especialista de datos e información,Universidad Central,Bogotá,,No especificado,No especificado,,3750000.0,3.75,Estadística / Modelamiento,https://www.elempleo.com/co/ofertas-trabajo/especialista-de-datos-e-informacion-1886756551
ElEmpleo,Mercado Local (Colombia - COP),COP,1886765090,Analista soporte bi,Empresa confidencial,Bogotá,,No especificado,No especificado,,3750000.0,3.75,Python,https://www.elempleo.com/co/ofertas-trabajo/analista-soporte-bi-1886765090
ElEmpleo,Mercado Local (Colombia - COP),COP,1886765090,Analista soporte bi,Empresa confidencial,Bogotá,,No especificado,No especificado,,3750000.0,3.75,Power BI,https://www.elempleo.com/co/ofertas-trabajo/analista-soporte-bi-1886765090
ElEmpleo,Mercado Local (Colombia - COP),COP,1886765090,Analista soporte bi,Empresa confidencial,Bogotá,,No especificado,No especificado,,3750000.0,3.75,Tableau,https://www.elempleo.com/co/ofertas-trabajo/analista-soporte-bi-1886765090
ElEmpleo,Mercado Local (Colombia - COP),COP,1886765090,Analista soporte bi,Empresa confidencial,Bogotá,,No especificado,No especificado,,3750000.0,3.75,Spark / PySpark,https://www.elempleo.com/co/ofertas-trabajo/analista-soporte-bi-1886765090
ElEmpleo,Mercado Local (Colombia - COP),COP,1886765090,Analista soporte bi,Empresa confidencial,Bogotá,,No especificado,No especificado,,3750000.0,3.75,Azure,https://www.elempleo.com/co/ofertas-trabajo/analista-soporte-bi-1886765090
ElEmpleo,Mercado Local (Colombia - COP),COP,1886765090,Analista soporte bi,Empresa confidencial,Bogotá,,No especificado,No especificado,,3750000.0,3.75,Estadística / Modelamiento,https://www.elempleo.com/co/ofertas-trabajo/analista-soporte-bi-1886765090
ElEmpleo,Mercado Local (Colombia - COP),COP,1886759082,Analista soporte bi,Empresa confidencial,Bogotá,,No especificado,No especificado,,3750000.0,3.75,Python,https://www.elempleo.com/co/ofertas-trabajo/analista-soporte-bi-1886759082
ElEmpleo,Mercado Local (Colombia - COP),COP,1886759082,Analista soporte bi,Empresa confidencial,Bogotá,,No especificado,No especificado,,3750000.0,3.75,Power BI,https://www.elempleo.com/co/ofertas-trabajo/analista-soporte-bi-1886759082
ElEmpleo,Mercado Local (Colombia - COP),COP,1886759082,Analista soporte bi,Empresa confidencial,Bogotá,,No especificado,No especificado,,3750000.0,3.75,Tableau,https://www.elempleo.com/co/ofertas-trabajo/analista-soporte-bi-1886759082
ElEmpleo,Mercado Local (Colombia - COP),COP,1886759082,Analista soporte bi,Empresa confidencial,Bogotá,,No especificado,No especificado,,3750000.0,3.75,Spark / PySpark,https://www.elempleo.com/co/ofertas-trabajo/analista-soporte-bi-1886759082
ElEmpleo,Mercado Local (Colombia - COP),COP,1886759082,Analista soporte bi,Empresa confidencial,Bogotá,,No especificado,No especificado,,3750000.0,3.75,Azure,https://www.elempleo.com/co/ofertas-trabajo/analista-soporte-bi-1886759082
ElEmpleo,Mercado Local (Colombia - COP),COP,1886759082,Analista soporte bi,Empresa confidencial,Bogotá,,No especificado,No especificado,,3750000.0,3.75,Estadística / Modelamiento,https://www.elempleo.com/co/ofertas-trabajo/analista-soporte-bi-1886759082
ElEmpleo,Mercado Local (Colombia - COP),COP,1886765091,Profesional de datos farmaceuticos,MEDICALL TALENTO HUMANO S.A.S.,Bogotá,,No especificado,No especificado,,5000000.0,5.0,Power BI,https://www.elempleo.com/co/ofertas-trabajo/profesional-de-datos-farmaceuticos-1886765091
ElEmpleo,Mercado Local (Colombia - COP),COP,1886765091,Profesional de datos farmaceuticos,MEDICALL TALENTO HUMANO S.A.S.,Bogotá,,No especificado,No especificado,,5000000.0,5.0,Excel Avanzado,https://www.elempleo.com/co/ofertas-trabajo/profesional-de-datos-farmaceuticos-1886765091
ElEmpleo,Mercado Local (Colombia - COP),COP,1886765091,Profesional de datos farmaceuticos,MEDICALL TALENTO HUMANO S.A.S.,Bogotá,,No especificado,No especificado,,5000000.0,5.0,Estadística / Modelamiento,https://www.elempleo.com/co/ofertas-trabajo/profesional-de-datos-farmaceuticos-1886765091
ElEmpleo,Mercado Local (Colombia - COP),COP,1886752179,Analista de datos junior,Cibergestión - Liquitty,Bogotá,,No especificado,No especificado,,1250000.0,1.25,Python,https://www.elempleo.com/co/ofertas-trabajo/analista-de-datos-junior-1886752179
ElEmpleo,Mercado Local (Colombia - COP),COP,1886752179,Analista de datos junior,Cibergestión - Liquitty,Bogotá,,No especificado,No especificado,,1250000.0,1.25,SQL,https://www.elempleo.com/co/ofertas-trabajo/analista-de-datos-junior-1886752179
ElEmpleo,Mercado Local (Colombia - COP),COP,1886752179,Analista de datos junior,Cibergestión - Liquitty,Bogotá,,No especificado,No especificado,,1250000.0,1.25,Power BI,https://www.elempleo.com/co/ofertas-trabajo/analista-de-datos-junior-1886752179
ElEmpleo,Mercado Local (Colombia - COP),COP,1886752179,Analista de datos junior,Cibergestión - Liquitty,Bogotá,,No especificado,No especificado,,1250000.0,1.25,Excel Avanzado,https://www.elempleo.com/co/ofertas-trabajo/analista-de-datos-junior-1886752179
ElEmpleo,Mercado Local (Colombia - COP),COP,1886758067,Científico de datos,EY MÉXICO ASUNTOS DE CONSULTORIA SUCURSAL COLOMBIA,Bogotá,,No especificado,No especificado,,,,Python,https://www.elempleo.com/co/ofertas-trabajo/cientifico-de-datos-1886758067
ElEmpleo,Mercado Local (Colombia - COP),COP,1886758067,Científico de datos,EY MÉXICO ASUNTOS DE CONSULTORIA SUCURSAL COLOMBIA,Bogotá,,No especificado,No especificado,,,,SQL,https://www.elempleo.com/co/ofertas-trabajo/cientifico-de-datos-1886758067
ElEmpleo,Mercado Local (Colombia - COP),COP,1886758067,Científico de datos,EY MÉXICO ASUNTOS DE CONSULTORIA SUCURSAL COLOMBIA,Bogotá,,No especificado,No especificado,,,,Machine Learning General,https://www.elempleo.com/co/ofertas-trabajo/cientifico-de-datos-1886758067
ElEmpleo,Mercado Local (Colombia - COP),COP,1886758067,Científico de datos,EY MÉXICO ASUNTOS DE CONSULTORIA SUCURSAL COLOMBIA,Bogotá,,No especificado,No especificado,,,,MLOps,https://www.elempleo.com/co/ofertas-trabajo/cientifico-de-datos-1886758067
ElEmpleo,Mercado Local (Colombia - COP),COP,1886760229,Científico de datos junior (modelos predictivos/ml)- híbrido en bogotá,Cinte Colombia SAS,Bogotá,Hibrido,No especificado,No especificado,,5750000.0,5.75,Python,https://www.elempleo.com/co/ofertas-trabajo/cientifico-de-datos-junior-modelos-predictivos-ml-hibrido-en-bogota-1886760229
ElEmpleo,Mercado Local (Colombia - COP),COP,1886760229,Científico de datos junior (modelos predictivos/ml)- híbrido en bogotá,Cinte Colombia SAS,Bogotá,Hibrido,No especificado,No especificado,,5750000.0,5.75,SQL,https://www.elempleo.com/co/ofertas-trabajo/cientifico-de-datos-junior-modelos-predictivos-ml-hibrido-en-bogota-1886760229
ElEmpleo,Mercado Local (Colombia - COP),COP,1886760229,Científico de datos junior (modelos predictivos/ml)- híbrido en bogotá,Cinte Colombia SAS,Bogotá,Hibrido,No especificado,No especificado,,5750000.0,5.75,Power BI,https://www.elempleo.com/co/ofertas-trabajo/cientifico-de-datos-junior-modelos-predictivos-ml-hibrido-en-bogota-1886760229
ElEmpleo,Mercado Local (Colombia - COP),COP,1886760229,Científico de datos junior (modelos predictivos/ml)- híbrido en bogotá,Cinte Colombia SAS,Bogotá,Hibrido,No especificado,No especificado,,5750000.0,5.75,Machine Learning General,https://www.elempleo.com/co/ofertas-trabajo/cientifico-de-datos-junior-modelos-predictivos-ml-hibrido-en-bogota-1886760229
ElEmpleo,Mercado Local (Colombia - COP),COP,1886760229,Científico de datos junior (modelos predictivos/ml)- híbrido en bogotá,Cinte Colombia SAS,Bogotá,Hibrido,No especificado,No especificado,,5750000.0,5.75,Estadística / Modelamiento,https://www.elempleo.com/co/ofertas-trabajo/cientifico-de-datos-junior-modelos-predictivos-ml-hibrido-en-bogota-1886760229
ElEmpleo,Mercado Local (Colombia - COP),COP,1886744394,Profesional en analisis de datos,Empresa confidencial,Bogotá,,No especificado,No especificado,,5000000.0,5.0,Python,https://www.elempleo.com/co/ofertas-trabajo/profesional-en-analisis-de-datos-1886744394
ElEmpleo,Mercado Local (Colombia - COP),COP,1886744394,Profesional en analisis de datos,Empresa confidencial,Bogotá,,No especificado,No especificado,,5000000.0,5.0,SQL,https://www.elempleo.com/co/ofertas-trabajo/profesional-en-analisis-de-datos-1886744394
ElEmpleo,Mercado Local (Colombia - COP),COP,1886744394,Profesional en analisis de datos,Empresa confidencial,Bogotá,,No especificado,No especificado,,5000000.0,5.0,Power BI,https://www.elempleo.com/co/ofertas-trabajo/profesional-en-analisis-de-datos-1886744394
ElEmpleo,Mercado Local (Colombia - COP),COP,1886744394,Profesional en analisis de datos,Empresa confidencial,Bogotá,,No especificado,No especificado,,5000000.0,5.0,Excel Avanzado,https://www.elempleo.com/co/ofertas-trabajo/profesional-en-analisis-de-datos-1886744394
ElEmpleo,Mercado Local (Colombia - COP),COP,1886744394,Profesional en analisis de datos,Empresa confidencial,Bogotá,,No especificado,No especificado,,5000000.0,5.0,Estadística / Modelamiento,https://www.elempleo.com/co/ofertas-trabajo/profesional-en-analisis-de-datos-1886744394
ElEmpleo,Mercado Local (Colombia - COP),COP,1886755165,Analista de datos y riesgo de fraude,REDEBAN,Bogotá,Hibrido,No especificado,No especificado,,4250000.0,4.25,Python,https://www.elempleo.com/co/ofertas-trabajo/analista-de-datos-y-riesgo-de-fraude-1886755165
ElEmpleo,Mercado Local (Colombia - COP),COP,1886755165,Analista de datos y riesgo de fraude,REDEBAN,Bogotá,Hibrido,No especificado,No especificado,,4250000.0,4.25,R,https://www.elempleo.com/co/ofertas-trabajo/analista-de-datos-y-riesgo-de-fraude-1886755165
ElEmpleo,Mercado Local (Colombia - COP),COP,1886755165,Analista de datos y riesgo de fraude,REDEBAN,Bogotá,Hibrido,No especificado,No especificado,,4250000.0,4.25,SQL,https://www.elempleo.com/co/ofertas-trabajo/analista-de-datos-y-riesgo-de-fraude-1886755165
ElEmpleo,Mercado Local (Colombia - COP),COP,1886755165,Analista de datos y riesgo de fraude,REDEBAN,Bogotá,Hibrido,No especificado,No especificado,,4250000.0,4.25,Power BI,https://www.elempleo.com/co/ofertas-trabajo/analista-de-datos-y-riesgo-de-fraude-1886755165
ElEmpleo,Mercado Local (Colombia - COP),COP,1886755165,Analista de datos y riesgo de fraude,REDEBAN,Bogotá,Hibrido,No especificado,No especificado,,4250000.0,4.25,Excel Avanzado,https://www.elempleo.com/co/ofertas-trabajo/analista-de-datos-y-riesgo-de-fraude-1886755165
ElEmpleo,Mercado Local (Colombia - COP),COP,1886755165,Analista de datos y riesgo de fraude,REDEBAN,Bogotá,Hibrido,No especificado,No especificado,,4250000.0,4.25,Spark / PySpark,https://www.elempleo.com/co/ofertas-trabajo/analista-de-datos-y-riesgo-de-fraude-1886755165
ElEmpleo,Mercado Local (Colombia - COP),COP,1886755165,Analista de datos y riesgo de fraude,REDEBAN,Bogotá,Hibrido,No especificado,No especificado,,4250000.0,4.25,Machine Learning General,https://www.elempleo.com/co/ofertas-trabajo/analista-de-datos-y-riesgo-de-fraude-1886755165
ElEmpleo,Mercado Local (Colombia - COP),COP,1886755165,Analista de datos y riesgo de fraude,REDEBAN,Bogotá,Hibrido,No especificado,No especificado,,4250000.0,4.25,Estadística / Modelamiento,https://www.elempleo.com/co/ofertas-trabajo/analista-de-datos-y-riesgo-de-fraude-1886755165
ElEmpleo,Mercado Local (Colombia - COP),COP,1886755168,Analista de datos y riesgo de fraude (dirigida a personas en condición de discapacidad),REDEBAN,Bogotá,Hibrido,No especificado,No especificado,,4250000.0,4.25,Python,https://www.elempleo.com/co/ofertas-trabajo/analista-de-datos-y-riesgo-de-fraude-dirigida-a-personas-en-condicion-de-discapacidad-1886755168
ElEmpleo,Mercado Local (Colombia - COP),COP,1886755168,Analista de datos y riesgo de fraude (dirigida a personas en condición de discapacidad),REDEBAN,Bogotá,Hibrido,No especificado,No especificado,,4250000.0,4.25,R,https://www.elempleo.com/co/ofertas-trabajo/analista-de-datos-y-riesgo-de-fraude-dirigida-a-personas-en-condicion-de-discapacidad-1886755168
ElEmpleo,Mercado Local (Colombia - COP),COP,1886755168,Analista de datos y riesgo de fraude (dirigida a personas en condición de discapacidad),REDEBAN,Bogotá,Hibrido,No especificado,No especificado,,4250000.0,4.25,SQL,https://www.elempleo.com/co/ofertas-trabajo/analista-de-datos-y-riesgo-de-fraude-dirigida-a-personas-en-condicion-de-discapacidad-1886755168
ElEmpleo,Mercado Local (Colombia - COP),COP,1886755168,Analista de datos y riesgo de fraude (dirigida a personas en condición de discapacidad),REDEBAN,Bogotá,Hibrido,No especificado,No especificado,,4250000.0,4.25,Power BI,https://www.elempleo.com/co/ofertas-trabajo/analista-de-datos-y-riesgo-de-fraude-dirigida-a-personas-en-condicion-de-discapacidad-1886755168
ElEmpleo,Mercado Local (Colombia - COP),COP,1886755168,Analista de datos y riesgo de fraude (dirigida a personas en condición de discapacidad),REDEBAN,Bogotá,Hibrido,No especificado,No especificado,,4250000.0,4.25,Excel Avanzado,https://www.elempleo.com/co/ofertas-trabajo/analista-de-datos-y-riesgo-de-fraude-dirigida-a-personas-en-condicion-de-discapacidad-1886755168
ElEmpleo,Mercado Local (Colombia - COP),COP,1886755168,Analista de datos y riesgo de fraude (dirigida a personas en condición de discapacidad),REDEBAN,Bogotá,Hibrido,No especificado,No especificado,,4250000.0,4.25,Spark / PySpark,https://www.elempleo.com/co/ofertas-trabajo/analista-de-datos-y-riesgo-de-fraude-dirigida-a-personas-en-condicion-de-discapacidad-1886755168
ElEmpleo,Mercado Local (Colombia - COP),COP,1886755168,Analista de datos y riesgo de fraude (dirigida a personas en condición de discapacidad),REDEBAN,Bogotá,Hibrido,No especificado,No especificado,,4250000.0,4.25,Machine Learning General,https://www.elempleo.com/co/ofertas-trabajo/analista-de-datos-y-riesgo-de-fraude-dirigida-a-personas-en-condicion-de-discapacidad-1886755168
ElEmpleo,Mercado Local (Colombia - COP),COP,1886755168,Analista de datos y riesgo de fraude (dirigida a personas en condición de discapacidad),REDEBAN,Bogotá,Hibrido,No especificado,No especificado,,4250000.0,4.25,Estadística / Modelamiento,https://www.elempleo.com/co/ofertas-trabajo/analista-de-datos-y-riesgo-de-fraude-dirigida-a-personas-en-condicion-de-discapacidad-1886755168
ElEmpleo,Mercado Local (Colombia - COP),COP,1886758109,Analista de datos (power bi/etl/excel/sql) - remoto,Cinte Colombia SAS,Bogotá,,No especificado,No especificado,,4250000.0,4.25,Python,https://www.elempleo.com/co/ofertas-trabajo/analista-de-datos-power-bi-etl-excel-sql-remoto-1886758109
ElEmpleo,Mercado Local (Colombia - COP),COP,1886758109,Analista de datos (power bi/etl/excel/sql) - remoto,Cinte Colombia SAS,Bogotá,,No especificado,No especificado,,4250000.0,4.25,SQL,https://www.elempleo.com/co/ofertas-trabajo/analista-de-datos-power-bi-etl-excel-sql-remoto-1886758109
ElEmpleo,Mercado Local (Colombia - COP),COP,1886758109,Analista de datos (power bi/etl/excel/sql) - remoto,Cinte Colombia SAS,Bogotá,,No especificado,No especificado,,4250000.0,4.25,Power BI,https://www.elempleo.com/co/ofertas-trabajo/analista-de-datos-power-bi-etl-excel-sql-remoto-1886758109
ElEmpleo,Mercado Local (Colombia - COP),COP,1886758109,Analista de datos (power bi/etl/excel/sql) - remoto,Cinte Colombia SAS,Bogotá,,No especificado,No especificado,,4250000.0,4.25,Excel Avanzado,https://www.elempleo.com/co/ofertas-trabajo/analista-de-datos-power-bi-etl-excel-sql-remoto-1886758109
ElEmpleo,Mercado Local (Colombia - COP),COP,1886758109,Analista de datos (power bi/etl/excel/sql) - remoto,Cinte Colombia SAS,Bogotá,,No especificado,No especificado,,4250000.0,4.25,ETL / Pipelines de Datos,https://www.elempleo.com/co/ofertas-trabajo/analista-de-datos-power-bi-etl-excel-sql-remoto-1886758109
ElEmpleo,Mercado Local (Colombia - COP),COP,1886758056,Analista de datos (power bi/etl/excel/sql) - híbrido en bogotá,Cinte Colombia SAS,Bogotá,Hibrido,No especificado,No especificado,,4250000.0,4.25,Python,https://www.elempleo.com/co/ofertas-trabajo/analista-de-datos-power-bi-etl-excel-sql-hibrido-en-bogota-1886758056
ElEmpleo,Mercado Local (Colombia - COP),COP,1886758056,Analista de datos (power bi/etl/excel/sql) - híbrido en bogotá,Cinte Colombia SAS,Bogotá,Hibrido,No especificado,No especificado,,4250000.0,4.25,SQL,https://www.elempleo.com/co/ofertas-trabajo/analista-de-datos-power-bi-etl-excel-sql-hibrido-en-bogota-1886758056
ElEmpleo,Mercado Local (Colombia - COP),COP,1886758056,Analista de datos (power bi/etl/excel/sql) - híbrido en bogotá,Cinte Colombia SAS,Bogotá,Hibrido,No especificado,No especificado,,4250000.0,4.25,Power BI,https://www.elempleo.com/co/ofertas-trabajo/analista-de-datos-power-bi-etl-excel-sql-hibrido-en-bogota-1886758056
ElEmpleo,Mercado Local (Colombia - COP),COP,1886758056,Analista de datos (power bi/etl/excel/sql) - híbrido en bogotá,Cinte Colombia SAS,Bogotá,Hibrido,No especificado,No especificado,,4250000.0,4.25,Excel Avanzado,https://www.elempleo.com/co/ofertas-trabajo/analista-de-datos-power-bi-etl-excel-sql-hibrido-en-bogota-1886758056
ElEmpleo,Mercado Local (Colombia - COP),COP,1886758056,Analista de datos (power bi/etl/excel/sql) - híbrido en bogotá,Cinte Colombia SAS,Bogotá,Hibrido,No especificado,No especificado,,4250000.0,4.25,ETL / Pipelines de Datos,https://www.elempleo.com/co/ofertas-trabajo/analista-de-datos-power-bi-etl-excel-sql-hibrido-en-bogota-1886758056
ElEmpleo,Mercado Local (Colombia - COP),COP,1886740139,Analista senior de gestión datos,Empresa confidencial,Bogotá alrededores,Hibrido,No especificado,No especificado,,,,Python,https://www.elempleo.com/co/ofertas-trabajo/analista-senior-de-gestion-datos-1886740139
ElEmpleo,Mercado Local (Colombia - COP),COP,1886740139,Analista senior de gestión datos,Empresa confidencial,Bogotá alrededores,Hibrido,No especificado,No especificado,,,,SQL,https://www.elempleo.com/co/ofertas-trabajo/analista-senior-de-gestion-datos-1886740139
ElEmpleo,Mercado Local (Colombia - COP),COP,1886740139,Analista senior de gestión datos,Empresa confidencial,Bogotá alrededores,Hibrido,No especificado,No especificado,,,,Power BI,https://www.elempleo.com/co/ofertas-trabajo/analista-senior-de-gestion-datos-1886740139
ElEmpleo,Mercado Local (Colombia - COP),COP,1886740139,Analista senior de gestión datos,Empresa confidencial,Bogotá alrededores,Hibrido,No especificado,No especificado,,,,Estadística / Modelamiento,https://www.elempleo.com/co/ofertas-trabajo/analista-senior-de-gestion-datos-1886740139
ElEmpleo,Mercado Local (Colombia - COP),COP,1886760956,Analista de datos,CUN,Bogotá,,No especificado,No especificado,,3250000.0,3.25,Python,https://www.elempleo.com/co/ofertas-trabajo/analista-de-datos-1886760956
ElEmpleo,Mercado Local (Colombia - COP),COP,1886760956,Analista de datos,CUN,Bogotá,,No especificado,No especificado,,3250000.0,3.25,SQL,https://www.elempleo.com/co/ofertas-trabajo/analista-de-datos-1886760956
ElEmpleo,Mercado Local (Colombia - COP),COP,1886760956,Analista de datos,CUN,Bogotá,,No especificado,No especificado,,3250000.0,3.25,Power BI,https://www.elempleo.com/co/ofertas-trabajo/analista-de-datos-1886760956
ElEmpleo,Mercado Local (Colombia - COP),COP,1886760956,Analista de datos,CUN,Bogotá,,No especificado,No especificado,,3250000.0,3.25,Estadística / Modelamiento,https://www.elempleo.com/co/ofertas-trabajo/analista-de-datos-1886760956
ElEmpleo,Mercado Local (Colombia - COP),COP,1886753258,Profesional en ciencia de datos,CLINICA SHAIO,Bogotá,,No especificado,No especificado,,5000000.0,5.0,Python,https://www.elempleo.com/co/ofertas-trabajo/profesional-en-ciencia-de-datos-1886753258
ElEmpleo,Mercado Local (Colombia - COP),COP,1886753258,Profesional en ciencia de datos,CLINICA SHAIO,Bogotá,,No especificado,No especificado,,5000000.0,5.0,R,https://www.elempleo.com/co/ofertas-trabajo/profesional-en-ciencia-de-datos-1886753258
ElEmpleo,Mercado Local (Colombia - COP),COP,1886753258,Profesional en ciencia de datos,CLINICA SHAIO,Bogotá,,No especificado,No especificado,,5000000.0,5.0,Machine Learning General,https://www.elempleo.com/co/ofertas-trabajo/profesional-en-ciencia-de-datos-1886753258
ElEmpleo,Mercado Local (Colombia - COP),COP,1886753258,Profesional en ciencia de datos,CLINICA SHAIO,Bogotá,,No especificado,No especificado,,5000000.0,5.0,Estadística / Modelamiento,https://www.elempleo.com/co/ofertas-trabajo/profesional-en-ciencia-de-datos-1886753258
ElEmpleo,Mercado Local (Colombia - COP),COP,1886743454,Developer teradata / big data -  remoto,Cinte Colombia SAS,Bogotá,,No especificado,No especificado,,7000000.0,7.0,SQL,https://www.elempleo.com/co/ofertas-trabajo/developer-teradata-big-data-remoto-1886743454
ElEmpleo,Mercado Local (Colombia - COP),COP,1886743454,Developer teradata / big data -  remoto,Cinte Colombia SAS,Bogotá,,No especificado,No especificado,,7000000.0,7.0,Hadoop / Hive,https://www.elempleo.com/co/ofertas-trabajo/developer-teradata-big-data-remoto-1886743454
ElEmpleo,Mercado Local (Colombia - COP),COP,1886688872,Automatizador (data & power platform) bilingue bogota,TALYCAP GLOBAL SAS,Bogotá,Hibrido,No especificado,No especificado,,,,Python,https://www.elempleo.com/co/ofertas-trabajo/automatizador-data-power-platform-bilingue-bogota-1886688872
ElEmpleo,Mercado Local (Colombia - COP),COP,1886688872,Automatizador (data & power platform) bilingue bogota,TALYCAP GLOBAL SAS,Bogotá,Hibrido,No especificado,No especificado,,,,SQL,https://www.elempleo.com/co/ofertas-trabajo/automatizador-data-power-platform-bilingue-bogota-1886688872
ElEmpleo,Mercado Local (Colombia - COP),COP,1886688872,Automatizador (data & power platform) bilingue bogota,TALYCAP GLOBAL SAS,Bogotá,Hibrido,No especificado,No especificado,,,,Power BI,https://www.elempleo.com/co/ofertas-trabajo/automatizador-data-power-platform-bilingue-bogota-1886688872
ElEmpleo,Mercado Local (Colombia - COP),COP,1886757122,Especialista inteligencia de datos - bogotá,MEDIREX BIC SAS,Bogotá,Hibrido,No especificado,No especificado,,,,Python,https://www.elempleo.com/co/ofertas-trabajo/especialista-inteligencia-de-datos-bogota-1886757122
ElEmpleo,Mercado Local (Colombia - COP),COP,1886757122,Especialista inteligencia de datos - bogotá,MEDIREX BIC SAS,Bogotá,Hibrido,No especificado,No especificado,,,,SQL,https://www.elempleo.com/co/ofertas-trabajo/especialista-inteligencia-de-datos-bogota-1886757122
ElEmpleo,Mercado Local (Colombia - COP),COP,1886757122,Especialista inteligencia de datos - bogotá,MEDIREX BIC SAS,Bogotá,Hibrido,No especificado,No especificado,,,,Machine Learning General,https://www.elempleo.com/co/ofertas-trabajo/especialista-inteligencia-de-datos-bogota-1886757122
ElEmpleo,Mercado Local (Colombia - COP),COP,1886757122,Especialista inteligencia de datos - bogotá,MEDIREX BIC SAS,Bogotá,Hibrido,No especificado,No especificado,,,,Estadística / Modelamiento,https://www.elempleo.com/co/ofertas-trabajo/especialista-inteligencia-de-datos-bogota-1886757122
ElEmpleo,Mercado Local (Colombia - COP),COP,1886752608,Especialista de análisis de datos y reporting comercial (exclusiva para personas con discapacidad),FUNDACIÓN UNIVERSITARIA INTERNACIONAL DE LA RIOJA,Bogotá,,No especificado,No especificado,,5000000.0,5.0,Power BI,https://www.elempleo.com/co/ofertas-trabajo/especialista-de-analisis-de-datos-y-reporting-comercial-exclusiva-para-personas-con-discapacidad-1886752608
ElEmpleo,Mercado Local (Colombia - COP),COP,1886752608,Especialista de análisis de datos y reporting comercial (exclusiva para personas con discapacidad),FUNDACIÓN UNIVERSITARIA INTERNACIONAL DE LA RIOJA,Bogotá,,No especificado,No especificado,,5000000.0,5.0,Excel Avanzado,https://www.elempleo.com/co/ofertas-trabajo/especialista-de-analisis-de-datos-y-reporting-comercial-exclusiva-para-personas-con-discapacidad-1886752608
ElEmpleo,Mercado Local (Colombia - COP),COP,1886752608,Especialista de análisis de datos y reporting comercial (exclusiva para personas con discapacidad),FUNDACIÓN UNIVERSITARIA INTERNACIONAL DE LA RIOJA,Bogotá,,No especificado,No especificado,,5000000.0,5.0,NLP / LLMs,https://www.elempleo.com/co/ofertas-trabajo/especialista-de-analisis-de-datos-y-reporting-comercial-exclusiva-para-personas-con-discapacidad-1886752608
ElEmpleo,Mercado Local (Colombia - COP),COP,1886752608,Especialista de análisis de datos y reporting comercial (exclusiva para personas con discapacidad),FUNDACIÓN UNIVERSITARIA INTERNACIONAL DE LA RIOJA,Bogotá,,No especificado,No especificado,,5000000.0,5.0,Estadística / Modelamiento,https://www.elempleo.com/co/ofertas-trabajo/especialista-de-analisis-de-datos-y-reporting-comercial-exclusiva-para-personas-con-discapacidad-1886752608
ElEmpleo,Mercado Local (Colombia - COP),COP,1886760166,Científico de datos,Empresa confidencial,Bogotá alrededores,Hibrido,No especificado,No especificado,,,,Python,https://www.elempleo.com/co/ofertas-trabajo/cientifico-de-datos-1886760166
ElEmpleo,Mercado Local (Colombia - COP),COP,1886760166,Científico de datos,Empresa confidencial,Bogotá alrededores,Hibrido,No especificado,No especificado,,,,R,https://www.elempleo.com/co/ofertas-trabajo/cientifico-de-datos-1886760166
ElEmpleo,Mercado Local (Colombia - COP),COP,1886760166,Científico de datos,Empresa confidencial,Bogotá alrededores,Hibrido,No especificado,No especificado,,,,Power BI,https://www.elempleo.com/co/ofertas-trabajo/cientifico-de-datos-1886760166
ElEmpleo,Mercado Local (Colombia - COP),COP,1886760166,Científico de datos,Empresa confidencial,Bogotá alrededores,Hibrido,No especificado,No especificado,,,,Looker,https://www.elempleo.com/co/ofertas-trabajo/cientifico-de-datos-1886760166
ElEmpleo,Mercado Local (Colombia - COP),COP,1886760166,Científico de datos,Empresa confidencial,Bogotá alrededores,Hibrido,No especificado,No especificado,,,,Google Cloud (GCP),https://www.elempleo.com/co/ofertas-trabajo/cientifico-de-datos-1886760166
ElEmpleo,Mercado Local (Colombia - COP),COP,1886760166,Científico de datos,Empresa confidencial,Bogotá alrededores,Hibrido,No especificado,No especificado,,,,Machine Learning General,https://www.elempleo.com/co/ofertas-trabajo/cientifico-de-datos-1886760166
ElEmpleo,Mercado Local (Colombia - COP),COP,1886760166,Científico de datos,Empresa confidencial,Bogotá alrededores,Hibrido,No especificado,No especificado,,,,Deep Learning,https://www.elempleo.com/co/ofertas-trabajo/cientifico-de-datos-1886760166
ElEmpleo,Mercado Local (Colombia - COP),COP,1886760166,Científico de datos,Empresa confidencial,Bogotá alrededores,Hibrido,No especificado,No especificado,,,,NLP / LLMs,https://www.elempleo.com/co/ofertas-trabajo/cientifico-de-datos-1886760166
ElEmpleo,Mercado Local (Colombia - COP),COP,1886760166,Científico de datos,Empresa confidencial,Bogotá alrededores,Hibrido,No especificado,No especificado,,,,Estadística / Modelamiento,https://www.elempleo.com/co/ofertas-trabajo/cientifico-de-datos-1886760166
ElEmpleo,Mercado Local (Colombia - COP),COP,1886760166,Científico de datos,Empresa confidencial,Bogotá alrededores,Hibrido,No especificado,No especificado,,,,ETL / Pipelines de Datos,https://www.elempleo.com/co/ofertas-trabajo/cientifico-de-datos-1886760166
ElEmpleo,Mercado Local (Colombia - COP),COP,1886760166,Científico de datos,Empresa confidencial,Bogotá alrededores,Hibrido,No especificado,No especificado,,,,MLOps,https://www.elempleo.com/co/ofertas-trabajo/cientifico-de-datos-1886760166
ElEmpleo,Mercado Local (Colombia - COP),COP,1886757736,Científico/a de datos databricks,SOC ADM DE FONDOS DE PENSIONES Y CESANTIAS PORVENIR S A,Bogotá,Hibrido,No especificado,No especificado,,,,Python,https://www.elempleo.com/co/ofertas-trabajo/cientifico-a-de-datos-databricks-1886757736
ElEmpleo,Mercado Local (Colombia - COP),COP,1886757736,Científico/a de datos databricks,SOC ADM DE FONDOS DE PENSIONES Y CESANTIAS PORVENIR S A,Bogotá,Hibrido,No especificado,No especificado,,,,R,https://www.elempleo.com/co/ofertas-trabajo/cientifico-a-de-datos-databricks-1886757736
ElEmpleo,Mercado Local (Colombia - COP),COP,1886757736,Científico/a de datos databricks,SOC ADM DE FONDOS DE PENSIONES Y CESANTIAS PORVENIR S A,Bogotá,Hibrido,No especificado,No especificado,,,,Databricks,https://www.elempleo.com/co/ofertas-trabajo/cientifico-a-de-datos-databricks-1886757736
ElEmpleo,Mercado Local (Colombia - COP),COP,1886757736,Científico/a de datos databricks,SOC ADM DE FONDOS DE PENSIONES Y CESANTIAS PORVENIR S A,Bogotá,Hibrido,No especificado,No especificado,,,,Machine Learning General,https://www.elempleo.com/co/ofertas-trabajo/cientifico-a-de-datos-databricks-1886757736
ElEmpleo,Mercado Local (Colombia - COP),COP,1886757736,Científico/a de datos databricks,SOC ADM DE FONDOS DE PENSIONES Y CESANTIAS PORVENIR S A,Bogotá,Hibrido,No especificado,No especificado,,,,Estadística / Modelamiento,https://www.elempleo.com/co/ofertas-trabajo/cientifico-a-de-datos-databricks-1886757736
ElEmpleo,Mercado Local (Colombia - COP),COP,1886757736,Científico/a de datos databricks,SOC ADM DE FONDOS DE PENSIONES Y CESANTIAS PORVENIR S A,Bogotá,Hibrido,No especificado,No especificado,,,,MLOps,https://www.elempleo.com/co/ofertas-trabajo/cientifico-a-de-datos-databricks-1886757736
ElEmpleo,Mercado Local (Colombia - COP),COP,1886765412,Cientifico de datos,BANCO W S.A.,Cali,,No especificado,No especificado,,,,R,https://www.elempleo.com/co/ofertas-trabajo/cientifico-de-datos-1886765412
ElEmpleo,Mercado Local (Colombia - COP),COP,1886765412,Cientifico de datos,BANCO W S.A.,Cali,,No especificado,No especificado,,,,Estadística / Modelamiento,https://www.elempleo.com/co/ofertas-trabajo/cientifico-de-datos-1886765412
ElEmpleo,Mercado Local (Colombia - COP),COP,1886740218,Especialista de datos -  gobierno de datos,Empresa confidencial,Bogotá,,No especificado,No especificado,,,,SQL,https://www.elempleo.com/co/ofertas-trabajo/especialista-de-datos-gobierno-de-datos-1886740218
ElEmpleo,Mercado Local (Colombia - COP),COP,1886750254,Científico de inteligencia de mercados,Empresa confidencial,Bogotá,,No especificado,No especificado,,,,Python,https://www.elempleo.com/co/ofertas-trabajo/cientifico-de-inteligencia-de-mercados-1886750254
ElEmpleo,Mercado Local (Colombia - COP),COP,1886750254,Científico de inteligencia de mercados,Empresa confidencial,Bogotá,,No especificado,No especificado,,,,SQL,https://www.elempleo.com/co/ofertas-trabajo/cientifico-de-inteligencia-de-mercados-1886750254
ElEmpleo,Mercado Local (Colombia - COP),COP,1886750254,Científico de inteligencia de mercados,Empresa confidencial,Bogotá,,No especificado,No especificado,,,,AWS,https://www.elempleo.com/co/ofertas-trabajo/cientifico-de-inteligencia-de-mercados-1886750254
ElEmpleo,Mercado Local (Colombia - COP),COP,1886750254,Científico de inteligencia de mercados,Empresa confidencial,Bogotá,,No especificado,No especificado,,,,Azure,https://www.elempleo.com/co/ofertas-trabajo/cientifico-de-inteligencia-de-mercados-1886750254
ElEmpleo,Mercado Local (Colombia - COP),COP,1886750254,Científico de inteligencia de mercados,Empresa confidencial,Bogotá,,No especificado,No especificado,,,,Machine Learning General,https://www.elempleo.com/co/ofertas-trabajo/cientifico-de-inteligencia-de-mercados-1886750254
ElEmpleo,Mercado Local (Colombia - COP),COP,1886750254,Científico de inteligencia de mercados,Empresa confidencial,Bogotá,,No especificado,No especificado,,,,NLP / LLMs,https://www.elempleo.com/co/ofertas-trabajo/cientifico-de-inteligencia-de-mercados-1886750254
ElEmpleo,Mercado Local (Colombia - COP),COP,1886750254,Científico de inteligencia de mercados,Empresa confidencial,Bogotá,,No especificado,No especificado,,,,Estadística / Modelamiento,https://www.elempleo.com/co/ofertas-trabajo/cientifico-de-inteligencia-de-mercados-1886750254
ElEmpleo,Mercado Local (Colombia - COP),COP,1886750254,Científico de inteligencia de mercados,Empresa confidencial,Bogotá,,No especificado,No especificado,,,,MLOps,https://www.elempleo.com/co/ofertas-trabajo/cientifico-de-inteligencia-de-mercados-1886750254
ElEmpleo,Mercado Local (Colombia - COP),COP,1886764738,Analista de datos facilities,ADECCO COLOMBIA S A,Bogotá,Hibrido,No especificado,No especificado,,3250000.0,3.25,Python,https://www.elempleo.com/co/ofertas-trabajo/analista-de-datos-facilities-1886764738
ElEmpleo,Mercado Local (Colombia - COP),COP,1886764738,Analista de datos facilities,ADECCO COLOMBIA S A,Bogotá,Hibrido,No especificado,No especificado,,3250000.0,3.25,R,https://www.elempleo.com/co/ofertas-trabajo/analista-de-datos-facilities-1886764738
ElEmpleo,Mercado Local (Colombia - COP),COP,1886764738,Analista de datos facilities,ADECCO COLOMBIA S A,Bogotá,Hibrido,No especificado,No especificado,,3250000.0,3.25,SQL,https://www.elempleo.com/co/ofertas-trabajo/analista-de-datos-facilities-1886764738
ElEmpleo,Mercado Local (Colombia - COP),COP,1886764738,Analista de datos facilities,ADECCO COLOMBIA S A,Bogotá,Hibrido,No especificado,No especificado,,3250000.0,3.25,Power BI,https://www.elempleo.com/co/ofertas-trabajo/analista-de-datos-facilities-1886764738
ElEmpleo,Mercado Local (Colombia - COP),COP,1886764738,Analista de datos facilities,ADECCO COLOMBIA S A,Bogotá,Hibrido,No especificado,No especificado,,3250000.0,3.25,Excel Avanzado,https://www.elempleo.com/co/ofertas-trabajo/analista-de-datos-facilities-1886764738
ElEmpleo,Mercado Local (Colombia - COP),COP,1886764738,Analista de datos facilities,ADECCO COLOMBIA S A,Bogotá,Hibrido,No especificado,No especificado,,3250000.0,3.25,Estadística / Modelamiento,https://www.elempleo.com/co/ofertas-trabajo/analista-de-datos-facilities-1886764738
ElEmpleo,Mercado Local (Colombia - COP),COP,1886764747,Analista de datos - atracción,ADECCO COLOMBIA S A,Bogotá,Hibrido,No especificado,No especificado,,4250000.0,4.25,SQL,https://www.elempleo.com/co/ofertas-trabajo/analista-de-datos-atraccion-1886764747
ElEmpleo,Mercado Local (Colombia - COP),COP,1886764747,Analista de datos - atracción,ADECCO COLOMBIA S A,Bogotá,Hibrido,No especificado,No especificado,,4250000.0,4.25,Power BI,https://www.elempleo.com/co/ofertas-trabajo/analista-de-datos-atraccion-1886764747
ElEmpleo,Mercado Local (Colombia - COP),COP,1886764747,Analista de datos - atracción,ADECCO COLOMBIA S A,Bogotá,Hibrido,No especificado,No especificado,,4250000.0,4.25,Tableau,https://www.elempleo.com/co/ofertas-trabajo/analista-de-datos-atraccion-1886764747
ElEmpleo,Mercado Local (Colombia - COP),COP,1886764747,Analista de datos - atracción,ADECCO COLOMBIA S A,Bogotá,Hibrido,No especificado,No especificado,,4250000.0,4.25,Excel Avanzado,https://www.elempleo.com/co/ofertas-trabajo/analista-de-datos-atraccion-1886764747
ElEmpleo,Mercado Local (Colombia - COP),COP,1886764747,Analista de datos - atracción,ADECCO COLOMBIA S A,Bogotá,Hibrido,No especificado,No especificado,,4250000.0,4.25,Estadística / Modelamiento,https://www.elempleo.com/co/ofertas-trabajo/analista-de-datos-atraccion-1886764747
ElEmpleo,Mercado Local (Colombia - COP),COP,1886764021,Especialista de datos e información o profesional de datos educacion superior,Empresa confidencial,Bogotá,,No especificado,No especificado,,3750000.0,3.75,Power BI,https://www.elempleo.com/co/ofertas-trabajo/especialista-de-datos-e-informacion-o-profesional-de-datos-educacion-superior-1886764021
ElEmpleo,Mercado Local (Colombia - COP),COP,1886764021,Especialista de datos e información o profesional de datos educacion superior,Empresa confidencial,Bogotá,,No especificado,No especificado,,3750000.0,3.75,Estadística / Modelamiento,https://www.elempleo.com/co/ofertas-trabajo/especialista-de-datos-e-informacion-o-profesional-de-datos-educacion-superior-1886764021
ElEmpleo,Mercado Local (Colombia - COP),COP,1886751789,Especialista gobierno de datos sector financiero,Empresa confidencial,Bogotá,Hibrido,No especificado,No especificado,,4250000.0,4.25,AWS,https://www.elempleo.com/co/ofertas-trabajo/especialista-gobierno-de-datos-sector-financiero-1886751789
ElEmpleo,Mercado Local (Colombia - COP),COP,1886740705,Especialista gobierno de datos,Empresa confidencial,Bogotá,Hibrido,No especificado,No especificado,,4250000.0,4.25,Estadística / Modelamiento,https://www.elempleo.com/co/ofertas-trabajo/especialista-gobierno-de-datos-1886740705
ElEmpleo,Mercado Local (Colombia - COP),COP,1886762160,Data analyst specialist,GSG-GESTIÓN DE SERVICIOS GLOBALES S.A.S,Bogotá,Hibrido,No especificado,No especificado,,,,Python,https://www.elempleo.com/co/ofertas-trabajo/data-analyst-specialist-1886762160
ElEmpleo,Mercado Local (Colombia - COP),COP,1886762160,Data analyst specialist,GSG-GESTIÓN DE SERVICIOS GLOBALES S.A.S,Bogotá,Hibrido,No especificado,No especificado,,,,SQL,https://www.elempleo.com/co/ofertas-trabajo/data-analyst-specialist-1886762160
ElEmpleo,Mercado Local (Colombia - COP),COP,1886762160,Data analyst specialist,GSG-GESTIÓN DE SERVICIOS GLOBALES S.A.S,Bogotá,Hibrido,No especificado,No especificado,,,,Power BI,https://www.elempleo.com/co/ofertas-trabajo/data-analyst-specialist-1886762160
ElEmpleo,Mercado Local (Colombia - COP),COP,1886762160,Data analyst specialist,GSG-GESTIÓN DE SERVICIOS GLOBALES S.A.S,Bogotá,Hibrido,No especificado,No especificado,,,,Tableau,https://www.elempleo.com/co/ofertas-trabajo/data-analyst-specialist-1886762160
ElEmpleo,Mercado Local (Colombia - COP),COP,1886762160,Data analyst specialist,GSG-GESTIÓN DE SERVICIOS GLOBALES S.A.S,Bogotá,Hibrido,No especificado,No especificado,,,,Databricks,https://www.elempleo.com/co/ofertas-trabajo/data-analyst-specialist-1886762160
ElEmpleo,Mercado Local (Colombia - COP),COP,1886762160,Data analyst specialist,GSG-GESTIÓN DE SERVICIOS GLOBALES S.A.S,Bogotá,Hibrido,No especificado,No especificado,,,,AWS,https://www.elempleo.com/co/ofertas-trabajo/data-analyst-specialist-1886762160
ElEmpleo,Mercado Local (Colombia - COP),COP,1886762160,Data analyst specialist,GSG-GESTIÓN DE SERVICIOS GLOBALES S.A.S,Bogotá,Hibrido,No especificado,No especificado,,,,Azure,https://www.elempleo.com/co/ofertas-trabajo/data-analyst-specialist-1886762160
ElEmpleo,Mercado Local (Colombia - COP),COP,1886762160,Data analyst specialist,GSG-GESTIÓN DE SERVICIOS GLOBALES S.A.S,Bogotá,Hibrido,No especificado,No especificado,,,,Google Cloud (GCP),https://www.elempleo.com/co/ofertas-trabajo/data-analyst-specialist-1886762160
ElEmpleo,Mercado Local (Colombia - COP),COP,1886762160,Data analyst specialist,GSG-GESTIÓN DE SERVICIOS GLOBALES S.A.S,Bogotá,Hibrido,No especificado,No especificado,,,,ETL / Pipelines de Datos,https://www.elempleo.com/co/ofertas-trabajo/data-analyst-specialist-1886762160
ElEmpleo,Mercado Local (Colombia - COP),COP,1886755945,Data analyst - microsoft fabric,Empresa confidencial,Bogotá,Hibrido,No especificado,No especificado,,5750000.0,5.75,Python,https://www.elempleo.com/co/ofertas-trabajo/data-analyst-microsoft-fabric-1886755945
ElEmpleo,Mercado Local (Colombia - COP),COP,1886755945,Data analyst - microsoft fabric,Empresa confidencial,Bogotá,Hibrido,No especificado,No especificado,,5750000.0,5.75,SQL,https://www.elempleo.com/co/ofertas-trabajo/data-analyst-microsoft-fabric-1886755945
ElEmpleo,Mercado Local (Colombia - COP),COP,1886755945,Data analyst - microsoft fabric,Empresa confidencial,Bogotá,Hibrido,No especificado,No especificado,,5750000.0,5.75,Power BI,https://www.elempleo.com/co/ofertas-trabajo/data-analyst-microsoft-fabric-1886755945
ElEmpleo,Mercado Local (Colombia - COP),COP,1886755945,Data analyst - microsoft fabric,Empresa confidencial,Bogotá,Hibrido,No especificado,No especificado,,5750000.0,5.75,Spark / PySpark,https://www.elempleo.com/co/ofertas-trabajo/data-analyst-microsoft-fabric-1886755945
ElEmpleo,Mercado Local (Colombia - COP),COP,1886755945,Data analyst - microsoft fabric,Empresa confidencial,Bogotá,Hibrido,No especificado,No especificado,,5750000.0,5.75,Azure,https://www.elempleo.com/co/ofertas-trabajo/data-analyst-microsoft-fabric-1886755945
ElEmpleo,Mercado Local (Colombia - COP),COP,1886755945,Data analyst - microsoft fabric,Empresa confidencial,Bogotá,Hibrido,No especificado,No especificado,,5750000.0,5.75,Estadística / Modelamiento,https://www.elempleo.com/co/ofertas-trabajo/data-analyst-microsoft-fabric-1886755945
ElEmpleo,Mercado Local (Colombia - COP),COP,1886755945,Data analyst - microsoft fabric,Empresa confidencial,Bogotá,Hibrido,No especificado,No especificado,,5750000.0,5.75,ETL / Pipelines de Datos,https://www.elempleo.com/co/ofertas-trabajo/data-analyst-microsoft-fabric-1886755945
ElEmpleo,Mercado Local (Colombia - COP),COP,1886755945,Data analyst - microsoft fabric,Empresa confidencial,Bogotá,Hibrido,No especificado,No especificado,,5750000.0,5.75,Git / Control de Versiones,https://www.elempleo.com/co/ofertas-trabajo/data-analyst-microsoft-fabric-1886755945
ElEmpleo,Mercado Local (Colombia - COP),COP,1886755945,Data analyst - microsoft fabric,Empresa confidencial,Bogotá,Hibrido,No especificado,No especificado,,5750000.0,5.75,Bases de Datos NoSQL,https://www.elempleo.com/co/ofertas-trabajo/data-analyst-microsoft-fabric-1886755945
ElEmpleo,Mercado Local (Colombia - COP),COP,1886726814,Master data analyst,Empresa confidencial,Bogotá,,No especificado,No especificado,,3750000.0,3.75,Excel Avanzado,https://www.elempleo.com/co/ofertas-trabajo/master-data-analyst-1886726814
ElEmpleo,Mercado Local (Colombia - COP),COP,1886765098,Profesional junior soporte bases datos - presencial - bogota 114149,NUEVA EPS S.A,Bogotá,,No especificado,No especificado,,5000000.0,5.0,SQL,https://www.elempleo.com/co/ofertas-trabajo/profesional-junior-soporte-bases-datos-presencial-bogota-114149-1886765098
ElEmpleo,Mercado Local (Colombia - COP),COP,1886745587,Estamos buscando un científico de datos!,TALYCAP GLOBAL SAS,Bogotá,,No especificado,No especificado,,,,Python,https://www.elempleo.com/co/ofertas-trabajo/estamos-buscando-un-cientifico-de-datos-1886745587
ElEmpleo,Mercado Local (Colombia - COP),COP,1886745587,Estamos buscando un científico de datos!,TALYCAP GLOBAL SAS,Bogotá,,No especificado,No especificado,,,,SQL,https://www.elempleo.com/co/ofertas-trabajo/estamos-buscando-un-cientifico-de-datos-1886745587
ElEmpleo,Mercado Local (Colombia - COP),COP,1886745587,Estamos buscando un científico de datos!,TALYCAP GLOBAL SAS,Bogotá,,No especificado,No especificado,,,,Machine Learning General,https://www.elempleo.com/co/ofertas-trabajo/estamos-buscando-un-cientifico-de-datos-1886745587
ElEmpleo,Mercado Local (Colombia - COP),COP,1886745587,Estamos buscando un científico de datos!,TALYCAP GLOBAL SAS,Bogotá,,No especificado,No especificado,,,,Scikit-Learn,https://www.elempleo.com/co/ofertas-trabajo/estamos-buscando-un-cientifico-de-datos-1886745587
ElEmpleo,Mercado Local (Colombia - COP),COP,1886745587,Estamos buscando un científico de datos!,TALYCAP GLOBAL SAS,Bogotá,,No especificado,No especificado,,,,TensorFlow / Keras,https://www.elempleo.com/co/ofertas-trabajo/estamos-buscando-un-cientifico-de-datos-1886745587
ElEmpleo,Mercado Local (Colombia - COP),COP,1886745587,Estamos buscando un científico de datos!,TALYCAP GLOBAL SAS,Bogotá,,No especificado,No especificado,,,,PyTorch,https://www.elempleo.com/co/ofertas-trabajo/estamos-buscando-un-cientifico-de-datos-1886745587
ElEmpleo,Mercado Local (Colombia - COP),COP,1886745587,Estamos buscando un científico de datos!,TALYCAP GLOBAL SAS,Bogotá,,No especificado,No especificado,,,,Estadística / Modelamiento,https://www.elempleo.com/co/ofertas-trabajo/estamos-buscando-un-cientifico-de-datos-1886745587
ElEmpleo,Mercado Local (Colombia - COP),COP,1886761203,Científico de datos,INTER RAPIDISIMO,Bogotá,,No especificado,No especificado,,16500000.0,16.5,Python,https://www.elempleo.com/co/ofertas-trabajo/cientifico-de-datos-1886761203
ElEmpleo,Mercado Local (Colombia - COP),COP,1886761203,Científico de datos,INTER RAPIDISIMO,Bogotá,,No especificado,No especificado,,16500000.0,16.5,R,https://www.elempleo.com/co/ofertas-trabajo/cientifico-de-datos-1886761203
ElEmpleo,Mercado Local (Colombia - COP),COP,1886761203,Científico de datos,INTER RAPIDISIMO,Bogotá,,No especificado,No especificado,,16500000.0,16.5,SQL,https://www.elempleo.com/co/ofertas-trabajo/cientifico-de-datos-1886761203
ElEmpleo,Mercado Local (Colombia - COP),COP,1886761203,Científico de datos,INTER RAPIDISIMO,Bogotá,,No especificado,No especificado,,16500000.0,16.5,Power BI,https://www.elempleo.com/co/ofertas-trabajo/cientifico-de-datos-1886761203
ElEmpleo,Mercado Local (Colombia - COP),COP,1886761203,Científico de datos,INTER RAPIDISIMO,Bogotá,,No especificado,No especificado,,16500000.0,16.5,Tableau,https://www.elempleo.com/co/ofertas-trabajo/cientifico-de-datos-1886761203
ElEmpleo,Mercado Local (Colombia - COP),COP,1886761203,Científico de datos,INTER RAPIDISIMO,Bogotá,,No especificado,No especificado,,16500000.0,16.5,AWS,https://www.elempleo.com/co/ofertas-trabajo/cientifico-de-datos-1886761203
ElEmpleo,Mercado Local (Colombia - COP),COP,1886761203,Científico de datos,INTER RAPIDISIMO,Bogotá,,No especificado,No especificado,,16500000.0,16.5,Azure,https://www.elempleo.com/co/ofertas-trabajo/cientifico-de-datos-1886761203
ElEmpleo,Mercado Local (Colombia - COP),COP,1886761203,Científico de datos,INTER RAPIDISIMO,Bogotá,,No especificado,No especificado,,16500000.0,16.5,Google Cloud (GCP),https://www.elempleo.com/co/ofertas-trabajo/cientifico-de-datos-1886761203
ElEmpleo,Mercado Local (Colombia - COP),COP,1886761203,Científico de datos,INTER RAPIDISIMO,Bogotá,,No especificado,No especificado,,16500000.0,16.5,Machine Learning General,https://www.elempleo.com/co/ofertas-trabajo/cientifico-de-datos-1886761203
ElEmpleo,Mercado Local (Colombia - COP),COP,1886761203,Científico de datos,INTER RAPIDISIMO,Bogotá,,No especificado,No especificado,,16500000.0,16.5,Scikit-Learn,https://www.elempleo.com/co/ofertas-trabajo/cientifico-de-datos-1886761203
ElEmpleo,Mercado Local (Colombia - COP),COP,1886761203,Científico de datos,INTER RAPIDISIMO,Bogotá,,No especificado,No especificado,,16500000.0,16.5,TensorFlow / Keras,https://www.elempleo.com/co/ofertas-trabajo/cientifico-de-datos-1886761203
ElEmpleo,Mercado Local (Colombia - COP),COP,1886761203,Científico de datos,INTER RAPIDISIMO,Bogotá,,No especificado,No especificado,,16500000.0,16.5,PyTorch,https://www.elempleo.com/co/ofertas-trabajo/cientifico-de-datos-1886761203
ElEmpleo,Mercado Local (Colombia - COP),COP,1886761203,Científico de datos,INTER RAPIDISIMO,Bogotá,,No especificado,No especificado,,16500000.0,16.5,Estadística / Modelamiento,https://www.elempleo.com/co/ofertas-trabajo/cientifico-de-datos-1886761203
ElEmpleo,Mercado Local (Colombia - COP),COP,1886755517,"Científico de datos senior. hibrido, bogotá",Cinte Colombia SAS,Bogotá,Hibrido,No especificado,No especificado,,7000000.0,7.0,Python,https://www.elempleo.com/co/ofertas-trabajo/cientifico-de-datos-senior-hibrido-bogota-1886755517
ElEmpleo,Mercado Local (Colombia - COP),COP,1886755517,"Científico de datos senior. hibrido, bogotá",Cinte Colombia SAS,Bogotá,Hibrido,No especificado,No especificado,,7000000.0,7.0,SQL,https://www.elempleo.com/co/ofertas-trabajo/cientifico-de-datos-senior-hibrido-bogota-1886755517
ElEmpleo,Mercado Local (Colombia - COP),COP,1886755517,"Científico de datos senior. hibrido, bogotá",Cinte Colombia SAS,Bogotá,Hibrido,No especificado,No especificado,,7000000.0,7.0,Power BI,https://www.elempleo.com/co/ofertas-trabajo/cientifico-de-datos-senior-hibrido-bogota-1886755517
ElEmpleo,Mercado Local (Colombia - COP),COP,1886755517,"Científico de datos senior. hibrido, bogotá",Cinte Colombia SAS,Bogotá,Hibrido,No especificado,No especificado,,7000000.0,7.0,Estadística / Modelamiento,https://www.elempleo.com/co/ofertas-trabajo/cientifico-de-datos-senior-hibrido-bogota-1886755517
ElEmpleo,Mercado Local (Colombia - COP),COP,1886746474,Consultor en gestión de datos, Sinergy & Lowells,Bogotá,Hibrido,No especificado,No especificado,,,,ETL / Pipelines de Datos,https://www.elempleo.com/co/ofertas-trabajo/consultor-en-gestion-de-datos-1886746474
ElEmpleo,Mercado Local (Colombia - COP),COP,1886762088,Data analyst specialist,SUPPLYING TOTAL TALENT SAS,Bogotá,,No especificado,No especificado,,3750000.0,3.75,Python,https://www.elempleo.com/co/ofertas-trabajo/data-analyst-specialist-1886762088
ElEmpleo,Mercado Local (Colombia - COP),COP,1886762088,Data analyst specialist,SUPPLYING TOTAL TALENT SAS,Bogotá,,No especificado,No especificado,,3750000.0,3.75,SQL,https://www.elempleo.com/co/ofertas-trabajo/data-analyst-specialist-1886762088
ElEmpleo,Mercado Local (Colombia - COP),COP,1886762088,Data analyst specialist,SUPPLYING TOTAL TALENT SAS,Bogotá,,No especificado,No especificado,,3750000.0,3.75,Power BI,https://www.elempleo.com/co/ofertas-trabajo/data-analyst-specialist-1886762088
ElEmpleo,Mercado Local (Colombia - COP),COP,1886762088,Data analyst specialist,SUPPLYING TOTAL TALENT SAS,Bogotá,,No especificado,No especificado,,3750000.0,3.75,Excel Avanzado,https://www.elempleo.com/co/ofertas-trabajo/data-analyst-specialist-1886762088
ElEmpleo,Mercado Local (Colombia - COP),COP,1886748734,Profesional de bi y analitica de datos,Empresa confidencial,Bogotá,,No especificado,No especificado,,4250000.0,4.25,Python,https://www.elempleo.com/co/ofertas-trabajo/profesional-de-bi-y-analitica-de-datos-1886748734
ElEmpleo,Mercado Local (Colombia - COP),COP,1886748734,Profesional de bi y analitica de datos,Empresa confidencial,Bogotá,,No especificado,No especificado,,4250000.0,4.25,SQL,https://www.elempleo.com/co/ofertas-trabajo/profesional-de-bi-y-analitica-de-datos-1886748734
ElEmpleo,Mercado Local (Colombia - COP),COP,1886748734,Profesional de bi y analitica de datos,Empresa confidencial,Bogotá,,No especificado,No especificado,,4250000.0,4.25,Power BI,https://www.elempleo.com/co/ofertas-trabajo/profesional-de-bi-y-analitica-de-datos-1886748734
ElEmpleo,Mercado Local (Colombia - COP),COP,1886748734,Profesional de bi y analitica de datos,Empresa confidencial,Bogotá,,No especificado,No especificado,,4250000.0,4.25,AWS,https://www.elempleo.com/co/ofertas-trabajo/profesional-de-bi-y-analitica-de-datos-1886748734
ElEmpleo,Mercado Local (Colombia - COP),COP,1886748734,Profesional de bi y analitica de datos,Empresa confidencial,Bogotá,,No especificado,No especificado,,4250000.0,4.25,Azure,https://www.elempleo.com/co/ofertas-trabajo/profesional-de-bi-y-analitica-de-datos-1886748734
ElEmpleo,Mercado Local (Colombia - COP),COP,1886748734,Profesional de bi y analitica de datos,Empresa confidencial,Bogotá,,No especificado,No especificado,,4250000.0,4.25,Estadística / Modelamiento,https://www.elempleo.com/co/ofertas-trabajo/profesional-de-bi-y-analitica-de-datos-1886748734
ElEmpleo,Mercado Local (Colombia - COP),COP,1886717941,Profesional iii calidad de datos presencial 113543,NUEVA EPS S.A,Bogotá,,No especificado,No especificado,,7000000.0,7.0,ETL / Pipelines de Datos,https://www.elempleo.com/co/ofertas-trabajo/profesional-iii-calidad-de-datos-presencial-113543-1886717941
ElEmpleo,Mercado Local (Colombia - COP),COP,1886752895,Profesional i - parametrización y bases de datos  - 113981,NUEVA EPS S.A,Bogotá,,No especificado,No especificado,,5000000.0,5.0,SQL,https://www.elempleo.com/co/ofertas-trabajo/profesional-i-parametrizacion-y-bases-de-datos-113981-1886752895
ElEmpleo,Mercado Local (Colombia - COP),COP,1886752895,Profesional i - parametrización y bases de datos  - 113981,NUEVA EPS S.A,Bogotá,,No especificado,No especificado,,5000000.0,5.0,Excel Avanzado,https://www.elempleo.com/co/ofertas-trabajo/profesional-i-parametrizacion-y-bases-de-datos-113981-1886752895
ElEmpleo,Mercado Local (Colombia - COP),COP,1886719078,Profesional senior datos e informacion  113636 presencial,NUEVA EPS S.A,Bogotá,,No especificado,No especificado,,9000000.0,9.0,SQL,https://www.elempleo.com/co/ofertas-trabajo/profesional-senior-datos-e-informacion-113636-presencial-1886719078
ElEmpleo,Mercado Local (Colombia - COP),COP,1886719078,Profesional senior datos e informacion  113636 presencial,NUEVA EPS S.A,Bogotá,,No especificado,No especificado,,9000000.0,9.0,Estadística / Modelamiento,https://www.elempleo.com/co/ofertas-trabajo/profesional-senior-datos-e-informacion-113636-presencial-1886719078
ElEmpleo,Mercado Local (Colombia - COP),COP,1886755344,Profesional ingeniero de datos,Empresa confidencial,Bogotá,,No especificado,No especificado,,3250000.0,3.25,Estadística / Modelamiento,https://www.elempleo.com/co/ofertas-trabajo/profesional-ingeniero-de-datos-1886755344
ElEmpleo,Mercado Local (Colombia - COP),COP,1886751891,Ingeniero de datos senior - azure + databricks,PRAXIS I.T COLOMBIA LTDA,Bogotá,,No especificado,No especificado,,,,Python,https://www.elempleo.com/co/ofertas-trabajo/ingeniero-de-datos-senior-azure-databricks-1886751891
ElEmpleo,Mercado Local (Colombia - COP),COP,1886751891,Ingeniero de datos senior - azure + databricks,PRAXIS I.T COLOMBIA LTDA,Bogotá,,No especificado,No especificado,,,,SQL,https://www.elempleo.com/co/ofertas-trabajo/ingeniero-de-datos-senior-azure-databricks-1886751891
ElEmpleo,Mercado Local (Colombia - COP),COP,1886751891,Ingeniero de datos senior - azure + databricks,PRAXIS I.T COLOMBIA LTDA,Bogotá,,No especificado,No especificado,,,,Spark / PySpark,https://www.elempleo.com/co/ofertas-trabajo/ingeniero-de-datos-senior-azure-databricks-1886751891
ElEmpleo,Mercado Local (Colombia - COP),COP,1886751891,Ingeniero de datos senior - azure + databricks,PRAXIS I.T COLOMBIA LTDA,Bogotá,,No especificado,No especificado,,,,Databricks,https://www.elempleo.com/co/ofertas-trabajo/ingeniero-de-datos-senior-azure-databricks-1886751891
ElEmpleo,Mercado Local (Colombia - COP),COP,1886751891,Ingeniero de datos senior - azure + databricks,PRAXIS I.T COLOMBIA LTDA,Bogotá,,No especificado,No especificado,,,,Azure,https://www.elempleo.com/co/ofertas-trabajo/ingeniero-de-datos-senior-azure-databricks-1886751891
ElEmpleo,Mercado Local (Colombia - COP),COP,1886751891,Ingeniero de datos senior - azure + databricks,PRAXIS I.T COLOMBIA LTDA,Bogotá,,No especificado,No especificado,,,,ETL / Pipelines de Datos,https://www.elempleo.com/co/ofertas-trabajo/ingeniero-de-datos-senior-azure-databricks-1886751891
ElEmpleo,Mercado Local (Colombia - COP),COP,1886751891,Ingeniero de datos senior - azure + databricks,PRAXIS I.T COLOMBIA LTDA,Bogotá,,No especificado,No especificado,,,,Airflow,https://www.elempleo.com/co/ofertas-trabajo/ingeniero-de-datos-senior-azure-databricks-1886751891
ElEmpleo,Mercado Local (Colombia - COP),COP,1886751891,Ingeniero de datos senior - azure + databricks,PRAXIS I.T COLOMBIA LTDA,Bogotá,,No especificado,No especificado,,,,Git / Control de Versiones,https://www.elempleo.com/co/ofertas-trabajo/ingeniero-de-datos-senior-azure-databricks-1886751891
ElEmpleo,Mercado Local (Colombia - COP),COP,1886743598,Ingeniero de datos,INTER RAPIDISIMO,Bogotá,,No especificado,No especificado,,11250000.0,11.25,AWS,https://www.elempleo.com/co/ofertas-trabajo/ingeniero-de-datos-1886743598
ElEmpleo,Mercado Local (Colombia - COP),COP,1886743598,Ingeniero de datos,INTER RAPIDISIMO,Bogotá,,No especificado,No especificado,,11250000.0,11.25,ETL / Pipelines de Datos,https://www.elempleo.com/co/ofertas-trabajo/ingeniero-de-datos-1886743598
ElEmpleo,Mercado Local (Colombia - COP),COP,1886762478,Coordinador de bi y gobierno de datos,Empresa confidencial,Bogotá alrededores,Hibrido,No especificado,No especificado,,,,Estadística / Modelamiento,https://www.elempleo.com/co/ofertas-trabajo/coordinador-de-bi-y-gobierno-de-datos-1886762478
ElEmpleo,Mercado Local (Colombia - COP),COP,1886760701,Especialista bi,ALIANZA ,Bogotá,,No especificado,No especificado,,7000000.0,7.0,Power BI,https://www.elempleo.com/co/ofertas-trabajo/especialista-bi-1886760701
ElEmpleo,Mercado Local (Colombia - COP),COP,1886760701,Especialista bi,ALIANZA ,Bogotá,,No especificado,No especificado,,7000000.0,7.0,Estadística / Modelamiento,https://www.elempleo.com/co/ofertas-trabajo/especialista-bi-1886760701
ElEmpleo,Mercado Local (Colombia - COP),COP,1886756187,Especialista bi,ALIANZA ,Bogotá,,No especificado,No especificado,,7000000.0,7.0,Power BI,https://www.elempleo.com/co/ofertas-trabajo/especialista-bi-1886756187
ElEmpleo,Mercado Local (Colombia - COP),COP,1886756187,Especialista bi,ALIANZA ,Bogotá,,No especificado,No especificado,,7000000.0,7.0,Estadística / Modelamiento,https://www.elempleo.com/co/ofertas-trabajo/especialista-bi-1886756187
ElEmpleo,Mercado Local (Colombia - COP),COP,1886758433,Director(a) de posgrados en analítica estratégica de datos e inteligencia artificial,ADECCO COLOMBIA S A,Bogotá,,No especificado,No especificado,,9000000.0,9.0,Machine Learning General,https://www.elempleo.com/co/ofertas-trabajo/directora-de-posgrados-en-analitica-estrategica-de-datos-e-inteligencia-artificial-1886758433
ElEmpleo,Mercado Local (Colombia - COP),COP,1886758433,Director(a) de posgrados en analítica estratégica de datos e inteligencia artificial,ADECCO COLOMBIA S A,Bogotá,,No especificado,No especificado,,9000000.0,9.0,Estadística / Modelamiento,https://www.elempleo.com/co/ofertas-trabajo/directora-de-posgrados-en-analitica-estrategica-de-datos-e-inteligencia-artificial-1886758433
ElEmpleo,Mercado Local (Colombia - COP),COP,1886742163,Profesional de analítica de datos (people analytics) - talento humano,AMARILO S.A.,Bogotá,Hibrido,No especificado,No especificado,,,,Python,https://www.elempleo.com/co/ofertas-trabajo/profesional-de-analitica-de-datos-people-analytics-talento-humano-1886742163
ElEmpleo,Mercado Local (Colombia - COP),COP,1886742163,Profesional de analítica de datos (people analytics) - talento humano,AMARILO S.A.,Bogotá,Hibrido,No especificado,No especificado,,,,R,https://www.elempleo.com/co/ofertas-trabajo/profesional-de-analitica-de-datos-people-analytics-talento-humano-1886742163
ElEmpleo,Mercado Local (Colombia - COP),COP,1886742163,Profesional de analítica de datos (people analytics) - talento humano,AMARILO S.A.,Bogotá,Hibrido,No especificado,No especificado,,,,SQL,https://www.elempleo.com/co/ofertas-trabajo/profesional-de-analitica-de-datos-people-analytics-talento-humano-1886742163
ElEmpleo,Mercado Local (Colombia - COP),COP,1886742163,Profesional de analítica de datos (people analytics) - talento humano,AMARILO S.A.,Bogotá,Hibrido,No especificado,No especificado,,,,Power BI,https://www.elempleo.com/co/ofertas-trabajo/profesional-de-analitica-de-datos-people-analytics-talento-humano-1886742163
ElEmpleo,Mercado Local (Colombia - COP),COP,1886742163,Profesional de analítica de datos (people analytics) - talento humano,AMARILO S.A.,Bogotá,Hibrido,No especificado,No especificado,,,,Tableau,https://www.elempleo.com/co/ofertas-trabajo/profesional-de-analitica-de-datos-people-analytics-talento-humano-1886742163
ElEmpleo,Mercado Local (Colombia - COP),COP,1886742163,Profesional de analítica de datos (people analytics) - talento humano,AMARILO S.A.,Bogotá,Hibrido,No especificado,No especificado,,,,Excel Avanzado,https://www.elempleo.com/co/ofertas-trabajo/profesional-de-analitica-de-datos-people-analytics-talento-humano-1886742163
ElEmpleo,Mercado Local (Colombia - COP),COP,1886742163,Profesional de analítica de datos (people analytics) - talento humano,AMARILO S.A.,Bogotá,Hibrido,No especificado,No especificado,,,,Estadística / Modelamiento,https://www.elempleo.com/co/ofertas-trabajo/profesional-de-analitica-de-datos-people-analytics-talento-humano-1886742163
ElEmpleo,Mercado Local (Colombia - COP),COP,1886760033,Desarrallador bases de datos senior sql server 2019,TALYCAP GLOBAL SAS,Bogotá,Hibrido,No especificado,No especificado,,,,SQL,https://www.elempleo.com/co/ofertas-trabajo/desarrallador-bases-de-datos-senior-sql-server-2019-1886760033
ElEmpleo,Mercado Local (Colombia - COP),COP,1886760033,Desarrallador bases de datos senior sql server 2019,TALYCAP GLOBAL SAS,Bogotá,Hibrido,No especificado,No especificado,,,,Azure,https://www.elempleo.com/co/ofertas-trabajo/desarrallador-bases-de-datos-senior-sql-server-2019-1886760033
ElEmpleo,Mercado Local (Colombia - COP),COP,1886760033,Desarrallador bases de datos senior sql server 2019,TALYCAP GLOBAL SAS,Bogotá,Hibrido,No especificado,No especificado,,,,ETL / Pipelines de Datos,https://www.elempleo.com/co/ofertas-trabajo/desarrallador-bases-de-datos-senior-sql-server-2019-1886760033
ElEmpleo,Mercado Local (Colombia - COP),COP,1886747293,Líder de bases de datos,Empresa confidencial,Bogotá,,No especificado,No especificado,,7000000.0,7.0,SQL,https://www.elempleo.com/co/ofertas-trabajo/lider-de-bases-de-datos-1886747293
ElEmpleo,Mercado Local (Colombia - COP),COP,1886757793,Ingeniero de datos - experiencia en sector seguros o financiero,Empresa confidencial,Bogotá,Hibrido,No especificado,No especificado,,7000000.0,7.0,Python,https://www.elempleo.com/co/ofertas-trabajo/ingeniero-de-datos-experiencia-en-sector-seguros-o-financiero-1886757793
ElEmpleo,Mercado Local (Colombia - COP),COP,1886757793,Ingeniero de datos - experiencia en sector seguros o financiero,Empresa confidencial,Bogotá,Hibrido,No especificado,No especificado,,7000000.0,7.0,SQL,https://www.elempleo.com/co/ofertas-trabajo/ingeniero-de-datos-experiencia-en-sector-seguros-o-financiero-1886757793
ElEmpleo,Mercado Local (Colombia - COP),COP,1886757793,Ingeniero de datos - experiencia en sector seguros o financiero,Empresa confidencial,Bogotá,Hibrido,No especificado,No especificado,,7000000.0,7.0,ETL / Pipelines de Datos,https://www.elempleo.com/co/ofertas-trabajo/ingeniero-de-datos-experiencia-en-sector-seguros-o-financiero-1886757793
ElEmpleo,Mercado Local (Colombia - COP),COP,1886757793,Ingeniero de datos - experiencia en sector seguros o financiero,Empresa confidencial,Bogotá,Hibrido,No especificado,No especificado,,7000000.0,7.0,Git / Control de Versiones,https://www.elempleo.com/co/ofertas-trabajo/ingeniero-de-datos-experiencia-en-sector-seguros-o-financiero-1886757793
ElEmpleo,Mercado Local (Colombia - COP),COP,1886751929,Experto en arquitectura de datos e integración con certificación vigente togaf 9.2 o superior,Todosistemas S.T.I.,Bogotá,Hibrido,No especificado,No especificado,,,,Estadística / Modelamiento,https://www.elempleo.com/co/ofertas-trabajo/experto-en-arquitectura-de-datos-e-integracion-con-certificacion-vigente-togaf-92-o-superior-1886751929
ElEmpleo,Mercado Local (Colombia - COP),COP,1886740585,Administrador de bases de datos oracle / sql server,TSG THE IT EXPERTS ,Bogotá,Hibrido,No especificado,No especificado,,9000000.0,9.0,SQL,https://www.elempleo.com/co/ofertas-trabajo/administrador-de-bases-de-datos-oracle-sql-server-1886740585
ElEmpleo,Mercado Local (Colombia - COP),COP,1886742926,Líder de business intelligence y analítica de datos / bogotá,NOVATEC,Bogotá,Hibrido,No especificado,No especificado,,,,Python,https://www.elempleo.com/co/ofertas-trabajo/lider-de-business-intelligence-y-analitica-de-datos-bogota-1886742926
ElEmpleo,Mercado Local (Colombia - COP),COP,1886742926,Líder de business intelligence y analítica de datos / bogotá,NOVATEC,Bogotá,Hibrido,No especificado,No especificado,,,,SQL,https://www.elempleo.com/co/ofertas-trabajo/lider-de-business-intelligence-y-analitica-de-datos-bogota-1886742926
ElEmpleo,Mercado Local (Colombia - COP),COP,1886742926,Líder de business intelligence y analítica de datos / bogotá,NOVATEC,Bogotá,Hibrido,No especificado,No especificado,,,,Excel Avanzado,https://www.elempleo.com/co/ofertas-trabajo/lider-de-business-intelligence-y-analitica-de-datos-bogota-1886742926
ElEmpleo,Mercado Local (Colombia - COP),COP,1886742926,Líder de business intelligence y analítica de datos / bogotá,NOVATEC,Bogotá,Hibrido,No especificado,No especificado,,,,Looker,https://www.elempleo.com/co/ofertas-trabajo/lider-de-business-intelligence-y-analitica-de-datos-bogota-1886742926
ElEmpleo,Mercado Local (Colombia - COP),COP,1886742926,Líder de business intelligence y analítica de datos / bogotá,NOVATEC,Bogotá,Hibrido,No especificado,No especificado,,,,Spark / PySpark,https://www.elempleo.com/co/ofertas-trabajo/lider-de-business-intelligence-y-analitica-de-datos-bogota-1886742926
ElEmpleo,Mercado Local (Colombia - COP),COP,1886742926,Líder de business intelligence y analítica de datos / bogotá,NOVATEC,Bogotá,Hibrido,No especificado,No especificado,,,,AWS,https://www.elempleo.com/co/ofertas-trabajo/lider-de-business-intelligence-y-analitica-de-datos-bogota-1886742926
ElEmpleo,Mercado Local (Colombia - COP),COP,1886742926,Líder de business intelligence y analítica de datos / bogotá,NOVATEC,Bogotá,Hibrido,No especificado,No especificado,,,,Estadística / Modelamiento,https://www.elempleo.com/co/ofertas-trabajo/lider-de-business-intelligence-y-analitica-de-datos-bogota-1886742926
ElEmpleo,Mercado Local (Colombia - COP),COP,1886742926,Líder de business intelligence y analítica de datos / bogotá,NOVATEC,Bogotá,Hibrido,No especificado,No especificado,,,,ETL / Pipelines de Datos,https://www.elempleo.com/co/ofertas-trabajo/lider-de-business-intelligence-y-analitica-de-datos-bogota-1886742926
ElEmpleo,Mercado Local (Colombia - COP),COP,1886765457,Analista de datos  - 127,Empresa confidencial,Bogotá,,No especificado,No especificado,,,,Estadística / Modelamiento,https://www.elempleo.com/co/ofertas-trabajo/analista-de-datos-127-1886765457
ElEmpleo,Mercado Local (Colombia - COP),COP,1886754134,Profesional en gestión técnica - análisis de datos,Empresa confidencial,Bogotá,Hibrido,No especificado,No especificado,,9000000.0,9.0,Power BI,https://www.elempleo.com/co/ofertas-trabajo/profesional-en-gestion-tecnica-analisis-de-datos-1886754134
ElEmpleo,Mercado Local (Colombia - COP),COP,1886754134,Profesional en gestión técnica - análisis de datos,Empresa confidencial,Bogotá,Hibrido,No especificado,No especificado,,9000000.0,9.0,Excel Avanzado,https://www.elempleo.com/co/ofertas-trabajo/profesional-en-gestion-tecnica-analisis-de-datos-1886754134
ElEmpleo,Mercado Local (Colombia - COP),COP,1886755930,Experto en estadística,JAHV MC GREGOR S.A.S,Bogotá,Hibrido,No especificado,No especificado,,,,Estadística / Modelamiento,https://www.elempleo.com/co/ofertas-trabajo/experto-en-estadistica-1886755930
ElEmpleo,Mercado Local (Colombia - COP),COP,1886751651,Experto en estadística,Empresa confidencial,Bogotá,,No especificado,No especificado,,,,Estadística / Modelamiento,https://www.elempleo.com/co/ofertas-trabajo/experto-en-estadistica-1886751651
GetOnBoard,Mercado Internacional (Remoto - USD),CAD,applied-scientist-neuralworks-santiago-e3c8,Applied Scientist,Confidencial / No especificada,Latinoamérica,Híbrido,No especificado,No especificado,,,,Python,https://www.getonbrd.com/jobs/applied-scientist-neuralworks-santiago-e3c8
GetOnBoard,Mercado Internacional (Remoto - USD),CAD,applied-scientist-neuralworks-santiago-e3c8,Applied Scientist,Confidencial / No especificada,Latinoamérica,Híbrido,No especificado,No especificado,,,,R,https://www.getonbrd.com/jobs/applied-scientist-neuralworks-santiago-e3c8
GetOnBoard,Mercado Internacional (Remoto - USD),CAD,applied-scientist-neuralworks-santiago-e3c8,Applied Scientist,Confidencial / No especificada,Latinoamérica,Híbrido,No especificado,No especificado,,,,SQL,https://www.getonbrd.com/jobs/applied-scientist-neuralworks-santiago-e3c8
GetOnBoard,Mercado Internacional (Remoto - USD),USD,data-engineer-en-ambiente-gcp-factor-it-santiago,Data Engineer en Ambiente GCP,Confidencial / No especificada,Latinoamérica,Remoto,No especificado,No especificado,,11400000.0,11.4,SQL,https://www.getonbrd.com/jobs/data-engineer-en-ambiente-gcp-factor-it-santiago
GetOnBoard,Mercado Internacional (Remoto - USD),USD,data-engineer-en-ambiente-gcp-factor-it-santiago,Data Engineer en Ambiente GCP,Confidencial / No especificada,Latinoamérica,Remoto,No especificado,No especificado,,11400000.0,11.4,Google Cloud (GCP),https://www.getonbrd.com/jobs/data-engineer-en-ambiente-gcp-factor-it-santiago
GetOnBoard,Mercado Internacional (Remoto - USD),USD,data-engineer-en-ambiente-gcp-factor-it-santiago,Data Engineer en Ambiente GCP,Confidencial / No especificada,Latinoamérica,Remoto,No especificado,No especificado,,11400000.0,11.4,Estadística / Modelamiento,https://www.getonbrd.com/jobs/data-engineer-en-ambiente-gcp-factor-it-santiago
GetOnBoard,Mercado Internacional (Remoto - USD),USD,data-engineer-en-ambiente-gcp-factor-it-santiago,Data Engineer en Ambiente GCP,Confidencial / No especificada,Latinoamérica,Remoto,No especificado,No especificado,,11400000.0,11.4,ETL / Pipelines de Datos,https://www.getonbrd.com/jobs/data-engineer-en-ambiente-gcp-factor-it-santiago
GetOnBoard,Mercado Internacional (Remoto - USD),USD,data-engineer-en-ambiente-gcp-factor-it-santiago,Data Engineer en Ambiente GCP,Confidencial / No especificada,Latinoamérica,Remoto,No especificado,No especificado,,11400000.0,11.4,Airflow,https://www.getonbrd.com/jobs/data-engineer-en-ambiente-gcp-factor-it-santiago
GetOnBoard,Mercado Internacional (Remoto - USD),CAD,data-scientist-gcp-factor-it-santiago,Data Scientist – GCP,Confidencial / No especificada,Latinoamérica,Remoto,No especificado,No especificado,,,,Python,https://www.getonbrd.com/jobs/data-scientist-gcp-factor-it-santiago
GetOnBoard,Mercado Internacional (Remoto - USD),CAD,data-scientist-gcp-factor-it-santiago,Data Scientist – GCP,Confidencial / No especificada,Latinoamérica,Remoto,No especificado,No especificado,,,,R,https://www.getonbrd.com/jobs/data-scientist-gcp-factor-it-santiago
GetOnBoard,Mercado Internacional (Remoto - USD),CAD,data-scientist-gcp-factor-it-santiago,Data Scientist – GCP,Confidencial / No especificada,Latinoamérica,Remoto,No especificado,No especificado,,,,Google Cloud (GCP),https://www.getonbrd.com/jobs/data-scientist-gcp-factor-it-santiago
GetOnBoard,Mercado Internacional (Remoto - USD),CAD,data-scientist-gcp-factor-it-santiago,Data Scientist – GCP,Confidencial / No especificada,Latinoamérica,Remoto,No especificado,No especificado,,,,Machine Learning General,https://www.getonbrd.com/jobs/data-scientist-gcp-factor-it-santiago
GetOnBoard,Mercado Internacional (Remoto - USD),CAD,data-scientist-gcp-factor-it-santiago,Data Scientist – GCP,Confidencial / No especificada,Latinoamérica,Remoto,No especificado,No especificado,,,,Scikit-Learn,https://www.getonbrd.com/jobs/data-scientist-gcp-factor-it-santiago
GetOnBoard,Mercado Internacional (Remoto - USD),CAD,data-scientist-gcp-factor-it-santiago,Data Scientist – GCP,Confidencial / No especificada,Latinoamérica,Remoto,No especificado,No especificado,,,,Estadística / Modelamiento,https://www.getonbrd.com/jobs/data-scientist-gcp-factor-it-santiago
GetOnBoard,Mercado Internacional (Remoto - USD),CAD,senior-data-engineer-microsoft-fabric-power-bi-and-purvie-integratz-vina-del-mar,"Sr Data Engineer (Microsoft Fabric, Power BI, and Purview)",Confidencial / No especificada,Latinoamérica,Híbrido,No especificado,No especificado,,,,Python,https://www.getonbrd.com/jobs/senior-data-engineer-microsoft-fabric-power-bi-and-purvie-integratz-vina-del-mar
GetOnBoard,Mercado Internacional (Remoto - USD),CAD,senior-data-engineer-microsoft-fabric-power-bi-and-purvie-integratz-vina-del-mar,"Sr Data Engineer (Microsoft Fabric, Power BI, and Purview)",Confidencial / No especificada,Latinoamérica,Híbrido,No especificado,No especificado,,,,SQL,https://www.getonbrd.com/jobs/senior-data-engineer-microsoft-fabric-power-bi-and-purvie-integratz-vina-del-mar
GetOnBoard,Mercado Internacional (Remoto - USD),CAD,senior-data-engineer-microsoft-fabric-power-bi-and-purvie-integratz-vina-del-mar,"Sr Data Engineer (Microsoft Fabric, Power BI, and Purview)",Confidencial / No especificada,Latinoamérica,Híbrido,No especificado,No especificado,,,,Power BI,https://www.getonbrd.com/jobs/senior-data-engineer-microsoft-fabric-power-bi-and-purvie-integratz-vina-del-mar
GetOnBoard,Mercado Internacional (Remoto - USD),CAD,senior-data-engineer-microsoft-fabric-power-bi-and-purvie-integratz-vina-del-mar,"Sr Data Engineer (Microsoft Fabric, Power BI, and Purview)",Confidencial / No especificada,Latinoamérica,Híbrido,No especificado,No especificado,,,,Azure,https://www.getonbrd.com/jobs/senior-data-engineer-microsoft-fabric-power-bi-and-purvie-integratz-vina-del-mar
GetOnBoard,Mercado Internacional (Remoto - USD),CAD,senior-data-engineer-microsoft-fabric-power-bi-and-purvie-integratz-vina-del-mar,"Sr Data Engineer (Microsoft Fabric, Power BI, and Purview)",Confidencial / No especificada,Latinoamérica,Híbrido,No especificado,No especificado,,,,ETL / Pipelines de Datos,https://www.getonbrd.com/jobs/senior-data-engineer-microsoft-fabric-power-bi-and-purvie-integratz-vina-del-mar
GetOnBoard,Mercado Internacional (Remoto - USD),USD,data-scientist-ia-engineer-lisit-santiago,Data Scientist / IA Engineer,Confidencial / No especificada,Latinoamérica,Híbrido,No especificado,No especificado,,7000000.0,7.0,Python,https://www.getonbrd.com/jobs/data-scientist-ia-engineer-lisit-santiago
GetOnBoard,Mercado Internacional (Remoto - USD),USD,data-scientist-ia-engineer-lisit-santiago,Data Scientist / IA Engineer,Confidencial / No especificada,Latinoamérica,Híbrido,No especificado,No especificado,,7000000.0,7.0,SQL,https://www.getonbrd.com/jobs/data-scientist-ia-engineer-lisit-santiago
GetOnBoard,Mercado Internacional (Remoto - USD),USD,data-scientist-ia-engineer-lisit-santiago,Data Scientist / IA Engineer,Confidencial / No especificada,Latinoamérica,Híbrido,No especificado,No especificado,,7000000.0,7.0,Machine Learning General,https://www.getonbrd.com/jobs/data-scientist-ia-engineer-lisit-santiago
GetOnBoard,Mercado Internacional (Remoto - USD),USD,data-scientist-ia-engineer-lisit-santiago,Data Scientist / IA Engineer,Confidencial / No especificada,Latinoamérica,Híbrido,No especificado,No especificado,,7000000.0,7.0,Deep Learning,https://www.getonbrd.com/jobs/data-scientist-ia-engineer-lisit-santiago
GetOnBoard,Mercado Internacional (Remoto - USD),USD,data-scientist-ia-engineer-lisit-santiago,Data Scientist / IA Engineer,Confidencial / No especificada,Latinoamérica,Híbrido,No especificado,No especificado,,7000000.0,7.0,Scikit-Learn,https://www.getonbrd.com/jobs/data-scientist-ia-engineer-lisit-santiago
GetOnBoard,Mercado Internacional (Remoto - USD),USD,data-scientist-ia-engineer-lisit-santiago,Data Scientist / IA Engineer,Confidencial / No especificada,Latinoamérica,Híbrido,No especificado,No especificado,,7000000.0,7.0,TensorFlow / Keras,https://www.getonbrd.com/jobs/data-scientist-ia-engineer-lisit-santiago
GetOnBoard,Mercado Internacional (Remoto - USD),USD,data-scientist-ia-engineer-lisit-santiago,Data Scientist / IA Engineer,Confidencial / No especificada,Latinoamérica,Híbrido,No especificado,No especificado,,7000000.0,7.0,PyTorch,https://www.getonbrd.com/jobs/data-scientist-ia-engineer-lisit-santiago
GetOnBoard,Mercado Internacional (Remoto - USD),USD,data-scientist-ia-engineer-lisit-santiago,Data Scientist / IA Engineer,Confidencial / No especificada,Latinoamérica,Híbrido,No especificado,No especificado,,7000000.0,7.0,Estadística / Modelamiento,https://www.getonbrd.com/jobs/data-scientist-ia-engineer-lisit-santiago
GetOnBoard,Mercado Internacional (Remoto - USD),USD,data-scientist-ia-engineer-lisit-santiago,Data Scientist / IA Engineer,Confidencial / No especificada,Latinoamérica,Híbrido,No especificado,No especificado,,7000000.0,7.0,ETL / Pipelines de Datos,https://www.getonbrd.com/jobs/data-scientist-ia-engineer-lisit-santiago
GetOnBoard,Mercado Internacional (Remoto - USD),USD,data-scientist-ia-engineer-lisit-santiago,Data Scientist / IA Engineer,Confidencial / No especificada,Latinoamérica,Híbrido,No especificado,No especificado,,7000000.0,7.0,Git / Control de Versiones,https://www.getonbrd.com/jobs/data-scientist-ia-engineer-lisit-santiago
GetOnBoard,Mercado Internacional (Remoto - USD),CAD,ingeniero-ml-data-scientist-lisit-remote,Ingeniero ML / Data Scientist,Confidencial / No especificada,Latinoamérica,Híbrido,No especificado,No especificado,,,,Python,https://www.getonbrd.com/jobs/ingeniero-ml-data-scientist-lisit-remote
GetOnBoard,Mercado Internacional (Remoto - USD),CAD,ingeniero-ml-data-scientist-lisit-remote,Ingeniero ML / Data Scientist,Confidencial / No especificada,Latinoamérica,Híbrido,No especificado,No especificado,,,,Machine Learning General,https://www.getonbrd.com/jobs/ingeniero-ml-data-scientist-lisit-remote
GetOnBoard,Mercado Internacional (Remoto - USD),CAD,ingeniero-ml-data-scientist-lisit-remote,Ingeniero ML / Data Scientist,Confidencial / No especificada,Latinoamérica,Híbrido,No especificado,No especificado,,,,NLP / LLMs,https://www.getonbrd.com/jobs/ingeniero-ml-data-scientist-lisit-remote
GetOnBoard,Mercado Internacional (Remoto - USD),CAD,ingeniero-ml-data-scientist-lisit-remote,Ingeniero ML / Data Scientist,Confidencial / No especificada,Latinoamérica,Híbrido,No especificado,No especificado,,,,Scikit-Learn,https://www.getonbrd.com/jobs/ingeniero-ml-data-scientist-lisit-remote
GetOnBoard,Mercado Internacional (Remoto - USD),CAD,data-engineer-neuralworks-santiago-1c28,Data Engineer,Confidencial / No especificada,Latinoamérica,Híbrido,No especificado,No especificado,,,,Python,https://www.getonbrd.com/jobs/data-engineer-neuralworks-santiago-1c28
GetOnBoard,Mercado Internacional (Remoto - USD),CAD,data-engineer-neuralworks-santiago-1c28,Data Engineer,Confidencial / No especificada,Latinoamérica,Híbrido,No especificado,No especificado,,,,SQL,https://www.getonbrd.com/jobs/data-engineer-neuralworks-santiago-1c28
GetOnBoard,Mercado Internacional (Remoto - USD),CAD,data-engineer-neuralworks-santiago-1c28,Data Engineer,Confidencial / No especificada,Latinoamérica,Híbrido,No especificado,No especificado,,,,AWS,https://www.getonbrd.com/jobs/data-engineer-neuralworks-santiago-1c28
GetOnBoard,Mercado Internacional (Remoto - USD),CAD,data-engineer-neuralworks-santiago-1c28,Data Engineer,Confidencial / No especificada,Latinoamérica,Híbrido,No especificado,No especificado,,,,Azure,https://www.getonbrd.com/jobs/data-engineer-neuralworks-santiago-1c28
GetOnBoard,Mercado Internacional (Remoto - USD),CAD,data-engineer-neuralworks-santiago-1c28,Data Engineer,Confidencial / No especificada,Latinoamérica,Híbrido,No especificado,No especificado,,,,Google Cloud (GCP),https://www.getonbrd.com/jobs/data-engineer-neuralworks-santiago-1c28
GetOnBoard,Mercado Internacional (Remoto - USD),CAD,data-scientist-decision-point-latam-ciudad-de-mexico-santiago-8d7c,Data Scientist,Confidencial / No especificada,Latinoamérica,Híbrido,No especificado,No especificado,,,,Python,https://www.getonbrd.com/jobs/data-scientist-decision-point-latam-ciudad-de-mexico-santiago-8d7c
GetOnBoard,Mercado Internacional (Remoto - USD),CAD,data-scientist-decision-point-latam-ciudad-de-mexico-santiago-8d7c,Data Scientist,Confidencial / No especificada,Latinoamérica,Híbrido,No especificado,No especificado,,,,SQL,https://www.getonbrd.com/jobs/data-scientist-decision-point-latam-ciudad-de-mexico-santiago-8d7c
GetOnBoard,Mercado Internacional (Remoto - USD),CAD,data-scientist-decision-point-latam-ciudad-de-mexico-santiago-8d7c,Data Scientist,Confidencial / No especificada,Latinoamérica,Híbrido,No especificado,No especificado,,,,Power BI,https://www.getonbrd.com/jobs/data-scientist-decision-point-latam-ciudad-de-mexico-santiago-8d7c
GetOnBoard,Mercado Internacional (Remoto - USD),CAD,data-scientist-decision-point-latam-ciudad-de-mexico-santiago-8d7c,Data Scientist,Confidencial / No especificada,Latinoamérica,Híbrido,No especificado,No especificado,,,,Tableau,https://www.getonbrd.com/jobs/data-scientist-decision-point-latam-ciudad-de-mexico-santiago-8d7c
GetOnBoard,Mercado Internacional (Remoto - USD),CAD,data-scientist-decision-point-latam-ciudad-de-mexico-santiago-8d7c,Data Scientist,Confidencial / No especificada,Latinoamérica,Híbrido,No especificado,No especificado,,,,Looker,https://www.getonbrd.com/jobs/data-scientist-decision-point-latam-ciudad-de-mexico-santiago-8d7c
GetOnBoard,Mercado Internacional (Remoto - USD),CAD,data-scientist-decision-point-latam-ciudad-de-mexico-santiago-8d7c,Data Scientist,Confidencial / No especificada,Latinoamérica,Híbrido,No especificado,No especificado,,,,AWS,https://www.getonbrd.com/jobs/data-scientist-decision-point-latam-ciudad-de-mexico-santiago-8d7c
GetOnBoard,Mercado Internacional (Remoto - USD),CAD,data-scientist-decision-point-latam-ciudad-de-mexico-santiago-8d7c,Data Scientist,Confidencial / No especificada,Latinoamérica,Híbrido,No especificado,No especificado,,,,Azure,https://www.getonbrd.com/jobs/data-scientist-decision-point-latam-ciudad-de-mexico-santiago-8d7c
GetOnBoard,Mercado Internacional (Remoto - USD),CAD,data-scientist-decision-point-latam-ciudad-de-mexico-santiago-8d7c,Data Scientist,Confidencial / No especificada,Latinoamérica,Híbrido,No especificado,No especificado,,,,Machine Learning General,https://www.getonbrd.com/jobs/data-scientist-decision-point-latam-ciudad-de-mexico-santiago-8d7c
GetOnBoard,Mercado Internacional (Remoto - USD),CAD,data-scientist-decision-point-latam-ciudad-de-mexico-santiago-8d7c,Data Scientist,Confidencial / No especificada,Latinoamérica,Híbrido,No especificado,No especificado,,,,Deep Learning,https://www.getonbrd.com/jobs/data-scientist-decision-point-latam-ciudad-de-mexico-santiago-8d7c
GetOnBoard,Mercado Internacional (Remoto - USD),CAD,data-scientist-decision-point-latam-ciudad-de-mexico-santiago-8d7c,Data Scientist,Confidencial / No especificada,Latinoamérica,Híbrido,No especificado,No especificado,,,,NLP / LLMs,https://www.getonbrd.com/jobs/data-scientist-decision-point-latam-ciudad-de-mexico-santiago-8d7c
GetOnBoard,Mercado Internacional (Remoto - USD),CAD,data-scientist-decision-point-latam-ciudad-de-mexico-santiago-8d7c,Data Scientist,Confidencial / No especificada,Latinoamérica,Híbrido,No especificado,No especificado,,,,Scikit-Learn,https://www.getonbrd.com/jobs/data-scientist-decision-point-latam-ciudad-de-mexico-santiago-8d7c
GetOnBoard,Mercado Internacional (Remoto - USD),CAD,data-scientist-decision-point-latam-ciudad-de-mexico-santiago-8d7c,Data Scientist,Confidencial / No especificada,Latinoamérica,Híbrido,No especificado,No especificado,,,,TensorFlow / Keras,https://www.getonbrd.com/jobs/data-scientist-decision-point-latam-ciudad-de-mexico-santiago-8d7c
GetOnBoard,Mercado Internacional (Remoto - USD),CAD,data-scientist-decision-point-latam-ciudad-de-mexico-santiago-8d7c,Data Scientist,Confidencial / No especificada,Latinoamérica,Híbrido,No especificado,No especificado,,,,PyTorch,https://www.getonbrd.com/jobs/data-scientist-decision-point-latam-ciudad-de-mexico-santiago-8d7c
GetOnBoard,Mercado Internacional (Remoto - USD),CAD,data-engineer-decision-point-latam-ciudad-de-mexico-santiago-3614,Data Engineer,Confidencial / No especificada,Latinoamérica,Híbrido,No especificado,No especificado,,,,Python,https://www.getonbrd.com/jobs/data-engineer-decision-point-latam-ciudad-de-mexico-santiago-3614
GetOnBoard,Mercado Internacional (Remoto - USD),CAD,data-engineer-decision-point-latam-ciudad-de-mexico-santiago-3614,Data Engineer,Confidencial / No especificada,Latinoamérica,Híbrido,No especificado,No especificado,,,,SQL,https://www.getonbrd.com/jobs/data-engineer-decision-point-latam-ciudad-de-mexico-santiago-3614
GetOnBoard,Mercado Internacional (Remoto - USD),CAD,data-engineer-decision-point-latam-ciudad-de-mexico-santiago-3614,Data Engineer,Confidencial / No especificada,Latinoamérica,Híbrido,No especificado,No especificado,,,,Excel Avanzado,https://www.getonbrd.com/jobs/data-engineer-decision-point-latam-ciudad-de-mexico-santiago-3614
GetOnBoard,Mercado Internacional (Remoto - USD),CAD,data-engineer-decision-point-latam-ciudad-de-mexico-santiago-3614,Data Engineer,Confidencial / No especificada,Latinoamérica,Híbrido,No especificado,No especificado,,,,Databricks,https://www.getonbrd.com/jobs/data-engineer-decision-point-latam-ciudad-de-mexico-santiago-3614
GetOnBoard,Mercado Internacional (Remoto - USD),CAD,data-engineer-decision-point-latam-ciudad-de-mexico-santiago-3614,Data Engineer,Confidencial / No especificada,Latinoamérica,Híbrido,No especificado,No especificado,,,,Machine Learning General,https://www.getonbrd.com/jobs/data-engineer-decision-point-latam-ciudad-de-mexico-santiago-3614
GetOnBoard,Mercado Internacional (Remoto - USD),CAD,data-engineer-decision-point-latam-ciudad-de-mexico-santiago-3614,Data Engineer,Confidencial / No especificada,Latinoamérica,Híbrido,No especificado,No especificado,,,,ETL / Pipelines de Datos,https://www.getonbrd.com/jobs/data-engineer-decision-point-latam-ciudad-de-mexico-santiago-3614
GetOnBoard,Mercado Internacional (Remoto - USD),CAD,data-engineer-decision-point-latam-ciudad-de-mexico-santiago-3614,Data Engineer,Confidencial / No especificada,Latinoamérica,Híbrido,No especificado,No especificado,,,,Airflow,https://www.getonbrd.com/jobs/data-engineer-decision-point-latam-ciudad-de-mexico-santiago-3614
GetOnBoard,Mercado Internacional (Remoto - USD),CAD,data-scientist-neuralworks-santiago-083f,Data Scientist,Confidencial / No especificada,Latinoamérica,Híbrido,No especificado,No especificado,,,,Python,https://www.getonbrd.com/jobs/data-scientist-neuralworks-santiago-083f
GetOnBoard,Mercado Internacional (Remoto - USD),CAD,data-scientist-neuralworks-santiago-083f,Data Scientist,Confidencial / No especificada,Latinoamérica,Híbrido,No especificado,No especificado,,,,SQL,https://www.getonbrd.com/jobs/data-scientist-neuralworks-santiago-083f
GetOnBoard,Mercado Internacional (Remoto - USD),CAD,data-scientist-neuralworks-santiago-083f,Data Scientist,Confidencial / No especificada,Latinoamérica,Híbrido,No especificado,No especificado,,,,Machine Learning General,https://www.getonbrd.com/jobs/data-scientist-neuralworks-santiago-083f
GetOnBoard,Mercado Internacional (Remoto - USD),CAD,machine-learning-engineer-neuralworks-santiago-37fc,Machine Learning Engineer,Confidencial / No especificada,Latinoamérica,Híbrido,No especificado,No especificado,,,,Python,https://www.getonbrd.com/jobs/machine-learning-engineer-neuralworks-santiago-37fc
GetOnBoard,Mercado Internacional (Remoto - USD),CAD,machine-learning-engineer-neuralworks-santiago-37fc,Machine Learning Engineer,Confidencial / No especificada,Latinoamérica,Híbrido,No especificado,No especificado,,,,SQL,https://www.getonbrd.com/jobs/machine-learning-engineer-neuralworks-santiago-37fc
GetOnBoard,Mercado Internacional (Remoto - USD),CAD,machine-learning-engineer-neuralworks-santiago-37fc,Machine Learning Engineer,Confidencial / No especificada,Latinoamérica,Híbrido,No especificado,No especificado,,,,AWS,https://www.getonbrd.com/jobs/machine-learning-engineer-neuralworks-santiago-37fc
GetOnBoard,Mercado Internacional (Remoto - USD),CAD,machine-learning-engineer-neuralworks-santiago-37fc,Machine Learning Engineer,Confidencial / No especificada,Latinoamérica,Híbrido,No especificado,No especificado,,,,Azure,https://www.getonbrd.com/jobs/machine-learning-engineer-neuralworks-santiago-37fc
GetOnBoard,Mercado Internacional (Remoto - USD),CAD,machine-learning-engineer-neuralworks-santiago-37fc,Machine Learning Engineer,Confidencial / No especificada,Latinoamérica,Híbrido,No especificado,No especificado,,,,Google Cloud (GCP),https://www.getonbrd.com/jobs/machine-learning-engineer-neuralworks-santiago-37fc
GetOnBoard,Mercado Internacional (Remoto - USD),CAD,machine-learning-engineer-neuralworks-santiago-37fc,Machine Learning Engineer,Confidencial / No especificada,Latinoamérica,Híbrido,No especificado,No especificado,,,,Machine Learning General,https://www.getonbrd.com/jobs/machine-learning-engineer-neuralworks-santiago-37fc
GetOnBoard,Mercado Internacional (Remoto - USD),CAD,machine-learning-engineer-neuralworks-santiago-37fc,Machine Learning Engineer,Confidencial / No especificada,Latinoamérica,Híbrido,No especificado,No especificado,,,,ETL / Pipelines de Datos,https://www.getonbrd.com/jobs/machine-learning-engineer-neuralworks-santiago-37fc
GetOnBoard,Mercado Internacional (Remoto - USD),CAD,machine-learning-engineer-neuralworks-santiago-37fc,Machine Learning Engineer,Confidencial / No especificada,Latinoamérica,Híbrido,No especificado,No especificado,,,,Docker / Kubernetes,https://www.getonbrd.com/jobs/machine-learning-engineer-neuralworks-santiago-37fc
GetOnBoard,Mercado Internacional (Remoto - USD),USD,senior-deployed-ai-engineer-anthropic-artefact-us-remote,Senior Forward Deployed AI Engineer (Anthropic),Confidencial / No especificada,Latinoamérica,Remoto,No especificado,No especificado,,20000000.0,20.0,Python,https://www.getonbrd.com/jobs/senior-deployed-ai-engineer-anthropic-artefact-us-remote
GetOnBoard,Mercado Internacional (Remoto - USD),USD,senior-deployed-ai-engineer-anthropic-artefact-us-remote,Senior Forward Deployed AI Engineer (Anthropic),Confidencial / No especificada,Latinoamérica,Remoto,No especificado,No especificado,,20000000.0,20.0,AWS,https://www.getonbrd.com/jobs/senior-deployed-ai-engineer-anthropic-artefact-us-remote
GetOnBoard,Mercado Internacional (Remoto - USD),USD,senior-deployed-ai-engineer-anthropic-artefact-us-remote,Senior Forward Deployed AI Engineer (Anthropic),Confidencial / No especificada,Latinoamérica,Remoto,No especificado,No especificado,,20000000.0,20.0,Azure,https://www.getonbrd.com/jobs/senior-deployed-ai-engineer-anthropic-artefact-us-remote
GetOnBoard,Mercado Internacional (Remoto - USD),USD,senior-deployed-ai-engineer-anthropic-artefact-us-remote,Senior Forward Deployed AI Engineer (Anthropic),Confidencial / No especificada,Latinoamérica,Remoto,No especificado,No especificado,,20000000.0,20.0,Google Cloud (GCP),https://www.getonbrd.com/jobs/senior-deployed-ai-engineer-anthropic-artefact-us-remote
GetOnBoard,Mercado Internacional (Remoto - USD),USD,senior-deployed-ai-engineer-anthropic-artefact-us-remote,Senior Forward Deployed AI Engineer (Anthropic),Confidencial / No especificada,Latinoamérica,Remoto,No especificado,No especificado,,20000000.0,20.0,NLP / LLMs,https://www.getonbrd.com/jobs/senior-deployed-ai-engineer-anthropic-artefact-us-remote
GetOnBoard,Mercado Internacional (Remoto - USD),USD,senior-deployed-ai-engineer-anthropic-artefact-us-remote,Senior Forward Deployed AI Engineer (Anthropic),Confidencial / No especificada,Latinoamérica,Remoto,No especificado,No especificado,,20000000.0,20.0,ETL / Pipelines de Datos,https://www.getonbrd.com/jobs/senior-deployed-ai-engineer-anthropic-artefact-us-remote
GetOnBoard,Mercado Internacional (Remoto - USD),USD,senior-deployed-ai-engineer-openai-artefact-us-remote,Senior Forward Deployed AI Engineer (Openai),Confidencial / No especificada,Latinoamérica,Remoto,No especificado,No especificado,,20000000.0,20.0,Python,https://www.getonbrd.com/jobs/senior-deployed-ai-engineer-openai-artefact-us-remote
GetOnBoard,Mercado Internacional (Remoto - USD),USD,senior-deployed-ai-engineer-openai-artefact-us-remote,Senior Forward Deployed AI Engineer (Openai),Confidencial / No especificada,Latinoamérica,Remoto,No especificado,No especificado,,20000000.0,20.0,Azure,https://www.getonbrd.com/jobs/senior-deployed-ai-engineer-openai-artefact-us-remote
GetOnBoard,Mercado Internacional (Remoto - USD),USD,senior-deployed-ai-engineer-openai-artefact-us-remote,Senior Forward Deployed AI Engineer (Openai),Confidencial / No especificada,Latinoamérica,Remoto,No especificado,No especificado,,20000000.0,20.0,NLP / LLMs,https://www.getonbrd.com/jobs/senior-deployed-ai-engineer-openai-artefact-us-remote
GetOnBoard,Mercado Internacional (Remoto - USD),USD,senior-deployed-ai-engineer-openai-artefact-us-remote,Senior Forward Deployed AI Engineer (Openai),Confidencial / No especificada,Latinoamérica,Remoto,No especificado,No especificado,,20000000.0,20.0,ETL / Pipelines de Datos,https://www.getonbrd.com/jobs/senior-deployed-ai-engineer-openai-artefact-us-remote
GetOnBoard,Mercado Internacional (Remoto - USD),USD,senior-forward-deployed-ai-engineer-gemini-enterprise-artefact-us-remote,Senior Forward Deployed AI Engineer (Gemini Enterprise),Confidencial / No especificada,Latinoamérica,Remoto,No especificado,No especificado,,20000000.0,20.0,Python,https://www.getonbrd.com/jobs/senior-forward-deployed-ai-engineer-gemini-enterprise-artefact-us-remote
GetOnBoard,Mercado Internacional (Remoto - USD),USD,senior-forward-deployed-ai-engineer-gemini-enterprise-artefact-us-remote,Senior Forward Deployed AI Engineer (Gemini Enterprise),Confidencial / No especificada,Latinoamérica,Remoto,No especificado,No especificado,,20000000.0,20.0,AWS,https://www.getonbrd.com/jobs/senior-forward-deployed-ai-engineer-gemini-enterprise-artefact-us-remote
GetOnBoard,Mercado Internacional (Remoto - USD),USD,senior-forward-deployed-ai-engineer-gemini-enterprise-artefact-us-remote,Senior Forward Deployed AI Engineer (Gemini Enterprise),Confidencial / No especificada,Latinoamérica,Remoto,No especificado,No especificado,,20000000.0,20.0,Azure,https://www.getonbrd.com/jobs/senior-forward-deployed-ai-engineer-gemini-enterprise-artefact-us-remote
GetOnBoard,Mercado Internacional (Remoto - USD),USD,senior-forward-deployed-ai-engineer-gemini-enterprise-artefact-us-remote,Senior Forward Deployed AI Engineer (Gemini Enterprise),Confidencial / No especificada,Latinoamérica,Remoto,No especificado,No especificado,,20000000.0,20.0,Google Cloud (GCP),https://www.getonbrd.com/jobs/senior-forward-deployed-ai-engineer-gemini-enterprise-artefact-us-remote
GetOnBoard,Mercado Internacional (Remoto - USD),USD,senior-forward-deployed-ai-engineer-gemini-enterprise-artefact-us-remote,Senior Forward Deployed AI Engineer (Gemini Enterprise),Confidencial / No especificada,Latinoamérica,Remoto,No especificado,No especificado,,20000000.0,20.0,Machine Learning General,https://www.getonbrd.com/jobs/senior-forward-deployed-ai-engineer-gemini-enterprise-artefact-us-remote
GetOnBoard,Mercado Internacional (Remoto - USD),USD,senior-forward-deployed-ai-engineer-gemini-enterprise-artefact-us-remote,Senior Forward Deployed AI Engineer (Gemini Enterprise),Confidencial / No especificada,Latinoamérica,Remoto,No especificado,No especificado,,20000000.0,20.0,NLP / LLMs,https://www.getonbrd.com/jobs/senior-forward-deployed-ai-engineer-gemini-enterprise-artefact-us-remote
GetOnBoard,Mercado Internacional (Remoto - USD),USD,senior-forward-deployed-ai-engineer-gemini-enterprise-artefact-us-remote,Senior Forward Deployed AI Engineer (Gemini Enterprise),Confidencial / No especificada,Latinoamérica,Remoto,No especificado,No especificado,,20000000.0,20.0,ETL / Pipelines de Datos,https://www.getonbrd.com/jobs/senior-forward-deployed-ai-engineer-gemini-enterprise-artefact-us-remote
GetOnBoard,Mercado Internacional (Remoto - USD),USD,senior-ai-agentic-engineer-artefact-us-remote,Senior AI & Agentic Engineer,Confidencial / No especificada,Latinoamérica,Remoto,No especificado,No especificado,,20000000.0,20.0,Python,https://www.getonbrd.com/jobs/senior-ai-agentic-engineer-artefact-us-remote
GetOnBoard,Mercado Internacional (Remoto - USD),USD,senior-ai-agentic-engineer-artefact-us-remote,Senior AI & Agentic Engineer,Confidencial / No especificada,Latinoamérica,Remoto,No especificado,No especificado,,20000000.0,20.0,AWS,https://www.getonbrd.com/jobs/senior-ai-agentic-engineer-artefact-us-remote
GetOnBoard,Mercado Internacional (Remoto - USD),USD,senior-ai-agentic-engineer-artefact-us-remote,Senior AI & Agentic Engineer,Confidencial / No especificada,Latinoamérica,Remoto,No especificado,No especificado,,20000000.0,20.0,Azure,https://www.getonbrd.com/jobs/senior-ai-agentic-engineer-artefact-us-remote
GetOnBoard,Mercado Internacional (Remoto - USD),USD,senior-ai-agentic-engineer-artefact-us-remote,Senior AI & Agentic Engineer,Confidencial / No especificada,Latinoamérica,Remoto,No especificado,No especificado,,20000000.0,20.0,Google Cloud (GCP),https://www.getonbrd.com/jobs/senior-ai-agentic-engineer-artefact-us-remote
GetOnBoard,Mercado Internacional (Remoto - USD),USD,senior-ai-agentic-engineer-artefact-us-remote,Senior AI & Agentic Engineer,Confidencial / No especificada,Latinoamérica,Remoto,No especificado,No especificado,,20000000.0,20.0,Machine Learning General,https://www.getonbrd.com/jobs/senior-ai-agentic-engineer-artefact-us-remote
GetOnBoard,Mercado Internacional (Remoto - USD),USD,senior-ai-agentic-engineer-artefact-us-remote,Senior AI & Agentic Engineer,Confidencial / No especificada,Latinoamérica,Remoto,No especificado,No especificado,,20000000.0,20.0,NLP / LLMs,https://www.getonbrd.com/jobs/senior-ai-agentic-engineer-artefact-us-remote
GetOnBoard,Mercado Internacional (Remoto - USD),USD,senior-ai-agentic-engineer-artefact-us-remote,Senior AI & Agentic Engineer,Confidencial / No especificada,Latinoamérica,Remoto,No especificado,No especificado,,20000000.0,20.0,ETL / Pipelines de Datos,https://www.getonbrd.com/jobs/senior-ai-agentic-engineer-artefact-us-remote
GetOnBoard,Mercado Internacional (Remoto - USD),USD,principal-data-scientist-niuro-remote-83e7,Principal Data Scientist,Confidencial / No especificada,Latinoamérica,Remoto,No especificado,No especificado,,18000000.0,18.0,Python,https://www.getonbrd.com/jobs/principal-data-scientist-niuro-remote-83e7
GetOnBoard,Mercado Internacional (Remoto - USD),USD,principal-data-scientist-niuro-remote-83e7,Principal Data Scientist,Confidencial / No especificada,Latinoamérica,Remoto,No especificado,No especificado,,18000000.0,18.0,R,https://www.getonbrd.com/jobs/principal-data-scientist-niuro-remote-83e7
GetOnBoard,Mercado Internacional (Remoto - USD),USD,principal-data-scientist-niuro-remote-83e7,Principal Data Scientist,Confidencial / No especificada,Latinoamérica,Remoto,No especificado,No especificado,,18000000.0,18.0,SQL,https://www.getonbrd.com/jobs/principal-data-scientist-niuro-remote-83e7
GetOnBoard,Mercado Internacional (Remoto - USD),USD,principal-data-scientist-niuro-remote-83e7,Principal Data Scientist,Confidencial / No especificada,Latinoamérica,Remoto,No especificado,No especificado,,18000000.0,18.0,Excel Avanzado,https://www.getonbrd.com/jobs/principal-data-scientist-niuro-remote-83e7
GetOnBoard,Mercado Internacional (Remoto - USD),USD,principal-data-scientist-niuro-remote-83e7,Principal Data Scientist,Confidencial / No especificada,Latinoamérica,Remoto,No especificado,No especificado,,18000000.0,18.0,Machine Learning General,https://www.getonbrd.com/jobs/principal-data-scientist-niuro-remote-83e7
GetOnBoard,Mercado Internacional (Remoto - USD),USD,senior-data-scientist-us-office-artefact-latam-remote,Senior AI Data Scientist (US Team),Confidencial / No especificada,Latinoamérica,Remoto,No especificado,No especificado,,11000000.0,11.0,Python,https://www.getonbrd.com/jobs/senior-data-scientist-us-office-artefact-latam-remote
GetOnBoard,Mercado Internacional (Remoto - USD),USD,senior-data-scientist-us-office-artefact-latam-remote,Senior AI Data Scientist (US Team),Confidencial / No especificada,Latinoamérica,Remoto,No especificado,No especificado,,11000000.0,11.0,AWS,https://www.getonbrd.com/jobs/senior-data-scientist-us-office-artefact-latam-remote
GetOnBoard,Mercado Internacional (Remoto - USD),USD,senior-data-scientist-us-office-artefact-latam-remote,Senior AI Data Scientist (US Team),Confidencial / No especificada,Latinoamérica,Remoto,No especificado,No especificado,,11000000.0,11.0,Azure,https://www.getonbrd.com/jobs/senior-data-scientist-us-office-artefact-latam-remote
GetOnBoard,Mercado Internacional (Remoto - USD),USD,senior-data-scientist-us-office-artefact-latam-remote,Senior AI Data Scientist (US Team),Confidencial / No especificada,Latinoamérica,Remoto,No especificado,No especificado,,11000000.0,11.0,Google Cloud (GCP),https://www.getonbrd.com/jobs/senior-data-scientist-us-office-artefact-latam-remote
GetOnBoard,Mercado Internacional (Remoto - USD),USD,senior-data-scientist-us-office-artefact-latam-remote,Senior AI Data Scientist (US Team),Confidencial / No especificada,Latinoamérica,Remoto,No especificado,No especificado,,11000000.0,11.0,Machine Learning General,https://www.getonbrd.com/jobs/senior-data-scientist-us-office-artefact-latam-remote
GetOnBoard,Mercado Internacional (Remoto - USD),USD,senior-data-scientist-us-office-artefact-latam-remote,Senior AI Data Scientist (US Team),Confidencial / No especificada,Latinoamérica,Remoto,No especificado,No especificado,,11000000.0,11.0,NLP / LLMs,https://www.getonbrd.com/jobs/senior-data-scientist-us-office-artefact-latam-remote
GetOnBoard,Mercado Internacional (Remoto - USD),USD,senior-data-scientist-us-office-artefact-latam-remote,Senior AI Data Scientist (US Team),Confidencial / No especificada,Latinoamérica,Remoto,No especificado,No especificado,,11000000.0,11.0,ETL / Pipelines de Datos,https://www.getonbrd.com/jobs/senior-data-scientist-us-office-artefact-latam-remote
GetOnBoard,Mercado Internacional (Remoto - USD),CAD,senior-data-scientist-genai-rag-latam-bc-tecnologia-remote,Senior Data Scientist – GenAI & RAG (LATAM),Confidencial / No especificada,Latinoamérica,Remoto,No especificado,No especificado,,,,Python,https://www.getonbrd.com/jobs/senior-data-scientist-genai-rag-latam-bc-tecnologia-remote
GetOnBoard,Mercado Internacional (Remoto - USD),CAD,senior-data-scientist-genai-rag-latam-bc-tecnologia-remote,Senior Data Scientist – GenAI & RAG (LATAM),Confidencial / No especificada,Latinoamérica,Remoto,No especificado,No especificado,,,,SQL,https://www.getonbrd.com/jobs/senior-data-scientist-genai-rag-latam-bc-tecnologia-remote
GetOnBoard,Mercado Internacional (Remoto - USD),CAD,senior-data-scientist-genai-rag-latam-bc-tecnologia-remote,Senior Data Scientist – GenAI & RAG (LATAM),Confidencial / No especificada,Latinoamérica,Remoto,No especificado,No especificado,,,,Spark / PySpark,https://www.getonbrd.com/jobs/senior-data-scientist-genai-rag-latam-bc-tecnologia-remote
GetOnBoard,Mercado Internacional (Remoto - USD),CAD,senior-data-scientist-genai-rag-latam-bc-tecnologia-remote,Senior Data Scientist – GenAI & RAG (LATAM),Confidencial / No especificada,Latinoamérica,Remoto,No especificado,No especificado,,,,Azure,https://www.getonbrd.com/jobs/senior-data-scientist-genai-rag-latam-bc-tecnologia-remote
GetOnBoard,Mercado Internacional (Remoto - USD),CAD,senior-data-scientist-genai-rag-latam-bc-tecnologia-remote,Senior Data Scientist – GenAI & RAG (LATAM),Confidencial / No especificada,Latinoamérica,Remoto,No especificado,No especificado,,,,NLP / LLMs,https://www.getonbrd.com/jobs/senior-data-scientist-genai-rag-latam-bc-tecnologia-remote
GetOnBoard,Mercado Internacional (Remoto - USD),CAD,senior-data-scientist-genai-rag-latam-bc-tecnologia-remote,Senior Data Scientist – GenAI & RAG (LATAM),Confidencial / No especificada,Latinoamérica,Remoto,No especificado,No especificado,,,,ETL / Pipelines de Datos,https://www.getonbrd.com/jobs/senior-data-scientist-genai-rag-latam-bc-tecnologia-remote
GetOnBoard,Mercado Internacional (Remoto - USD),CAD,senior-data-scientist-genai-rag-latam-bc-tecnologia-remote,Senior Data Scientist – GenAI & RAG (LATAM),Confidencial / No especificada,Latinoamérica,Remoto,No especificado,No especificado,,,,Git / Control de Versiones,https://www.getonbrd.com/jobs/senior-data-scientist-genai-rag-latam-bc-tecnologia-remote
GetOnBoard,Mercado Internacional (Remoto - USD),CAD,data-scientist-improving-south-america-remote,Data Scientist,Confidencial / No especificada,Latinoamérica,Remoto,No especificado,No especificado,,,,Python,https://www.getonbrd.com/jobs/data-scientist-improving-south-america-remote
GetOnBoard,Mercado Internacional (Remoto - USD),CAD,data-scientist-improving-south-america-remote,Data Scientist,Confidencial / No especificada,Latinoamérica,Remoto,No especificado,No especificado,,,,SQL,https://www.getonbrd.com/jobs/data-scientist-improving-south-america-remote
GetOnBoard,Mercado Internacional (Remoto - USD),CAD,data-scientist-improving-south-america-remote,Data Scientist,Confidencial / No especificada,Latinoamérica,Remoto,No especificado,No especificado,,,,Databricks,https://www.getonbrd.com/jobs/data-scientist-improving-south-america-remote
GetOnBoard,Mercado Internacional (Remoto - USD),CAD,data-scientist-improving-south-america-remote,Data Scientist,Confidencial / No especificada,Latinoamérica,Remoto,No especificado,No especificado,,,,Azure,https://www.getonbrd.com/jobs/data-scientist-improving-south-america-remote
GetOnBoard,Mercado Internacional (Remoto - USD),CAD,data-scientist-improving-south-america-remote,Data Scientist,Confidencial / No especificada,Latinoamérica,Remoto,No especificado,No especificado,,,,Machine Learning General,https://www.getonbrd.com/jobs/data-scientist-improving-south-america-remote
GetOnBoard,Mercado Internacional (Remoto - USD),CAD,data-scientist-improving-south-america-remote,Data Scientist,Confidencial / No especificada,Latinoamérica,Remoto,No especificado,No especificado,,,,ETL / Pipelines de Datos,https://www.getonbrd.com/jobs/data-scientist-improving-south-america-remote
GetOnBoard,Mercado Internacional (Remoto - USD),USD,head-of-data-engineering-niuro-remote,Head of Data Engineering,Confidencial / No especificada,Latinoamérica,Remoto,No especificado,No especificado,,18000000.0,18.0,Python,https://www.getonbrd.com/jobs/head-of-data-engineering-niuro-remote
GetOnBoard,Mercado Internacional (Remoto - USD),USD,head-of-data-engineering-niuro-remote,Head of Data Engineering,Confidencial / No especificada,Latinoamérica,Remoto,No especificado,No especificado,,18000000.0,18.0,SQL,https://www.getonbrd.com/jobs/head-of-data-engineering-niuro-remote
GetOnBoard,Mercado Internacional (Remoto - USD),USD,head-of-data-engineering-niuro-remote,Head of Data Engineering,Confidencial / No especificada,Latinoamérica,Remoto,No especificado,No especificado,,18000000.0,18.0,Databricks,https://www.getonbrd.com/jobs/head-of-data-engineering-niuro-remote
GetOnBoard,Mercado Internacional (Remoto - USD),USD,head-of-data-engineering-niuro-remote,Head of Data Engineering,Confidencial / No especificada,Latinoamérica,Remoto,No especificado,No especificado,,18000000.0,18.0,Azure,https://www.getonbrd.com/jobs/head-of-data-engineering-niuro-remote
GetOnBoard,Mercado Internacional (Remoto - USD),USD,head-of-data-engineering-niuro-remote,Head of Data Engineering,Confidencial / No especificada,Latinoamérica,Remoto,No especificado,No especificado,,18000000.0,18.0,Google Cloud (GCP),https://www.getonbrd.com/jobs/head-of-data-engineering-niuro-remote
GetOnBoard,Mercado Internacional (Remoto - USD),USD,head-of-data-engineering-niuro-remote,Head of Data Engineering,Confidencial / No especificada,Latinoamérica,Remoto,No especificado,No especificado,,18000000.0,18.0,ETL / Pipelines de Datos,https://www.getonbrd.com/jobs/head-of-data-engineering-niuro-remote
GetOnBoard,Mercado Internacional (Remoto - USD),USD,head-of-data-engineering-niuro-remote,Head of Data Engineering,Confidencial / No especificada,Latinoamérica,Remoto,No especificado,No especificado,,18000000.0,18.0,Airflow,https://www.getonbrd.com/jobs/head-of-data-engineering-niuro-remote
GetOnBoard,Mercado Internacional (Remoto - USD),USD,head-of-data-engineering-niuro-remote,Head of Data Engineering,Confidencial / No especificada,Latinoamérica,Remoto,No especificado,No especificado,,18000000.0,18.0,Git / Control de Versiones,https://www.getonbrd.com/jobs/head-of-data-engineering-niuro-remote
GetOnBoard,Mercado Internacional (Remoto - USD),CAD,senior-product-data-scientist-improving-south-america-remote,Senior Product Data Scientist,Confidencial / No especificada,Latinoamérica,Remoto,No especificado,No especificado,,,,Python,https://www.getonbrd.com/jobs/senior-product-data-scientist-improving-south-america-remote
GetOnBoard,Mercado Internacional (Remoto - USD),CAD,senior-product-data-scientist-improving-south-america-remote,Senior Product Data Scientist,Confidencial / No especificada,Latinoamérica,Remoto,No especificado,No especificado,,,,SQL,https://www.getonbrd.com/jobs/senior-product-data-scientist-improving-south-america-remote
GetOnBoard,Mercado Internacional (Remoto - USD),USD,senior-data-scientist-artefact-latam-remote,Senior Data Scientist,Confidencial / No especificada,Latinoamérica,Remoto,No especificado,No especificado,,14600000.0,14.6,Python,https://www.getonbrd.com/jobs/senior-data-scientist-artefact-latam-remote
GetOnBoard,Mercado Internacional (Remoto - USD),USD,senior-data-scientist-artefact-latam-remote,Senior Data Scientist,Confidencial / No especificada,Latinoamérica,Remoto,No especificado,No especificado,,14600000.0,14.6,SQL,https://www.getonbrd.com/jobs/senior-data-scientist-artefact-latam-remote
GetOnBoard,Mercado Internacional (Remoto - USD),USD,senior-data-scientist-artefact-latam-remote,Senior Data Scientist,Confidencial / No especificada,Latinoamérica,Remoto,No especificado,No especificado,,14600000.0,14.6,Machine Learning General,https://www.getonbrd.com/jobs/senior-data-scientist-artefact-latam-remote
GetOnBoard,Mercado Internacional (Remoto - USD),USD,senior-data-scientist-artefact-latam-remote,Senior Data Scientist,Confidencial / No especificada,Latinoamérica,Remoto,No especificado,No especificado,,14600000.0,14.6,Estadística / Modelamiento,https://www.getonbrd.com/jobs/senior-data-scientist-artefact-latam-remote
GetOnBoard,Mercado Internacional (Remoto - USD),USD,senior-data-scientist-artefact-latam-remote,Senior Data Scientist,Confidencial / No especificada,Latinoamérica,Remoto,No especificado,No especificado,,14600000.0,14.6,ETL / Pipelines de Datos,https://www.getonbrd.com/jobs/senior-data-scientist-artefact-latam-remote
GetOnBoard,Mercado Internacional (Remoto - USD),USD,senior-data-scientist-artefact-latam-remote,Senior Data Scientist,Confidencial / No especificada,Latinoamérica,Remoto,No especificado,No especificado,,14600000.0,14.6,Git / Control de Versiones,https://www.getonbrd.com/jobs/senior-data-scientist-artefact-latam-remote
GetOnBoard,Mercado Internacional (Remoto - USD),USD,data-scientist-artefact-latam-remote,Data Scientist,Confidencial / No especificada,Latinoamérica,Remoto,No especificado,No especificado,,7000000.0,7.0,Python,https://www.getonbrd.com/jobs/data-scientist-artefact-latam-remote
GetOnBoard,Mercado Internacional (Remoto - USD),USD,data-scientist-artefact-latam-remote,Data Scientist,Confidencial / No especificada,Latinoamérica,Remoto,No especificado,No especificado,,7000000.0,7.0,SQL,https://www.getonbrd.com/jobs/data-scientist-artefact-latam-remote
GetOnBoard,Mercado Internacional (Remoto - USD),USD,data-scientist-artefact-latam-remote,Data Scientist,Confidencial / No especificada,Latinoamérica,Remoto,No especificado,No especificado,,7000000.0,7.0,Machine Learning General,https://www.getonbrd.com/jobs/data-scientist-artefact-latam-remote
GetOnBoard,Mercado Internacional (Remoto - USD),USD,data-scientist-artefact-latam-remote,Data Scientist,Confidencial / No especificada,Latinoamérica,Remoto,No especificado,No especificado,,7000000.0,7.0,Estadística / Modelamiento,https://www.getonbrd.com/jobs/data-scientist-artefact-latam-remote
GetOnBoard,Mercado Internacional (Remoto - USD),USD,data-scientist-artefact-latam-remote,Data Scientist,Confidencial / No especificada,Latinoamérica,Remoto,No especificado,No especificado,,7000000.0,7.0,ETL / Pipelines de Datos,https://www.getonbrd.com/jobs/data-scientist-artefact-latam-remote
GetOnBoard,Mercado Internacional (Remoto - USD),USD,data-scientist-artefact-latam-remote,Data Scientist,Confidencial / No especificada,Latinoamérica,Remoto,No especificado,No especificado,,7000000.0,7.0,Git / Control de Versiones,https://www.getonbrd.com/jobs/data-scientist-artefact-latam-remote
Torre.ai,Mercado Internacional (Remoto - USD),CAD,lWgD7ayw,AI / Machine Learning Engineer,DevUps,Global / Remoto,Remoto,No especificado,No especificado,,,,Python,https://torre.ai/jobs/devups-ai-machine-learning-engineer
Torre.ai,Mercado Internacional (Remoto - USD),CAD,lWgD7ayw,AI / Machine Learning Engineer,DevUps,Global / Remoto,Remoto,No especificado,No especificado,,,,SQL,https://torre.ai/jobs/devups-ai-machine-learning-engineer
Torre.ai,Mercado Internacional (Remoto - USD),CAD,lWgD7ayw,AI / Machine Learning Engineer,DevUps,Global / Remoto,Remoto,No especificado,No especificado,,,,Spark / PySpark,https://torre.ai/jobs/devups-ai-machine-learning-engineer
Torre.ai,Mercado Internacional (Remoto - USD),CAD,lWgD7ayw,AI / Machine Learning Engineer,DevUps,Global / Remoto,Remoto,No especificado,No especificado,,,,Azure,https://torre.ai/jobs/devups-ai-machine-learning-engineer
Torre.ai,Mercado Internacional (Remoto - USD),CAD,lWgD7ayw,AI / Machine Learning Engineer,DevUps,Global / Remoto,Remoto,No especificado,No especificado,,,,Google Cloud (GCP),https://torre.ai/jobs/devups-ai-machine-learning-engineer
Torre.ai,Mercado Internacional (Remoto - USD),CAD,lWgD7ayw,AI / Machine Learning Engineer,DevUps,Global / Remoto,Remoto,No especificado,No especificado,,,,Machine Learning General,https://torre.ai/jobs/devups-ai-machine-learning-engineer
Torre.ai,Mercado Internacional (Remoto - USD),CAD,lWgD7ayw,AI / Machine Learning Engineer,DevUps,Global / Remoto,Remoto,No especificado,No especificado,,,,TensorFlow / Keras,https://torre.ai/jobs/devups-ai-machine-learning-engineer
Torre.ai,Mercado Internacional (Remoto - USD),CAD,lWgD7ayw,AI / Machine Learning Engineer,DevUps,Global / Remoto,Remoto,No especificado,No especificado,,,,PyTorch,https://torre.ai/jobs/devups-ai-machine-learning-engineer
Torre.ai,Mercado Internacional (Remoto - USD),CAD,lWgD7ayw,AI / Machine Learning Engineer,DevUps,Global / Remoto,Remoto,No especificado,No especificado,,,,ETL / Pipelines de Datos,https://torre.ai/jobs/devups-ai-machine-learning-engineer
Torre.ai,Mercado Internacional (Remoto - USD),CAD,lWgD7ayw,AI / Machine Learning Engineer,DevUps,Global / Remoto,Remoto,No especificado,No especificado,,,,Docker / Kubernetes,https://torre.ai/jobs/devups-ai-machine-learning-engineer
Torre.ai,Mercado Internacional (Remoto - USD),CAD,lWgD7ayw,AI / Machine Learning Engineer,DevUps,Global / Remoto,Remoto,No especificado,No especificado,,,,MLOps,https://torre.ai/jobs/devups-ai-machine-learning-engineer
Torre.ai,Mercado Internacional (Remoto - USD),CAD,ZW57GXpd,Machine Learning Engineer (GCP Certified),DevUps,Global / Remoto,Remoto,No especificado,No especificado,,,,Python,https://torre.ai/jobs/devups-machine-learning-engineer-gcp-certified
Torre.ai,Mercado Internacional (Remoto - USD),CAD,ZW57GXpd,Machine Learning Engineer (GCP Certified),DevUps,Global / Remoto,Remoto,No especificado,No especificado,,,,SQL,https://torre.ai/jobs/devups-machine-learning-engineer-gcp-certified
Torre.ai,Mercado Internacional (Remoto - USD),CAD,ZW57GXpd,Machine Learning Engineer (GCP Certified),DevUps,Global / Remoto,Remoto,No especificado,No especificado,,,,Google Cloud (GCP),https://torre.ai/jobs/devups-machine-learning-engineer-gcp-certified
Torre.ai,Mercado Internacional (Remoto - USD),CAD,ZW57GXpd,Machine Learning Engineer (GCP Certified),DevUps,Global / Remoto,Remoto,No especificado,No especificado,,,,Machine Learning General,https://torre.ai/jobs/devups-machine-learning-engineer-gcp-certified
Torre.ai,Mercado Internacional (Remoto - USD),CAD,ZW57GXpd,Machine Learning Engineer (GCP Certified),DevUps,Global / Remoto,Remoto,No especificado,No especificado,,,,NLP / LLMs,https://torre.ai/jobs/devups-machine-learning-engineer-gcp-certified
Torre.ai,Mercado Internacional (Remoto - USD),CAD,ZW57GXpd,Machine Learning Engineer (GCP Certified),DevUps,Global / Remoto,Remoto,No especificado,No especificado,,,,Computer Vision,https://torre.ai/jobs/devups-machine-learning-engineer-gcp-certified
Torre.ai,Mercado Internacional (Remoto - USD),CAD,ZW57GXpd,Machine Learning Engineer (GCP Certified),DevUps,Global / Remoto,Remoto,No especificado,No especificado,,,,Scikit-Learn,https://torre.ai/jobs/devups-machine-learning-engineer-gcp-certified
Torre.ai,Mercado Internacional (Remoto - USD),CAD,ZW57GXpd,Machine Learning Engineer (GCP Certified),DevUps,Global / Remoto,Remoto,No especificado,No especificado,,,,TensorFlow / Keras,https://torre.ai/jobs/devups-machine-learning-engineer-gcp-certified
Torre.ai,Mercado Internacional (Remoto - USD),CAD,ZW57GXpd,Machine Learning Engineer (GCP Certified),DevUps,Global / Remoto,Remoto,No especificado,No especificado,,,,PyTorch,https://torre.ai/jobs/devups-machine-learning-engineer-gcp-certified
Torre.ai,Mercado Internacional (Remoto - USD),CAD,ZW57GXpd,Machine Learning Engineer (GCP Certified),DevUps,Global / Remoto,Remoto,No especificado,No especificado,,,,ETL / Pipelines de Datos,https://torre.ai/jobs/devups-machine-learning-engineer-gcp-certified
Torre.ai,Mercado Internacional (Remoto - USD),CAD,ZW57GXpd,Machine Learning Engineer (GCP Certified),DevUps,Global / Remoto,Remoto,No especificado,No especificado,,,,Docker / Kubernetes,https://torre.ai/jobs/devups-machine-learning-engineer-gcp-certified
Torre.ai,Mercado Internacional (Remoto - USD),CAD,ZW57GXpd,Machine Learning Engineer (GCP Certified),DevUps,Global / Remoto,Remoto,No especificado,No especificado,,,,Bases de Datos NoSQL,https://torre.ai/jobs/devups-machine-learning-engineer-gcp-certified
Torre.ai,Mercado Internacional (Remoto - USD),CAD,ZW57GXpd,Machine Learning Engineer (GCP Certified),DevUps,Global / Remoto,Remoto,No especificado,No especificado,,,,MLOps,https://torre.ai/jobs/devups-machine-learning-engineer-gcp-certified
Torre.ai,Mercado Internacional (Remoto - USD),CAD,OwGo7A6w,"Senior Machine Learning Engineer, Ads",Quora,Global / Remoto,Remoto,No especificado,No especificado,,,,Python,https://torre.ai/jobs/quora-senior-machine-learning-engineer-ads
Torre.ai,Mercado Internacional (Remoto - USD),CAD,OwGo7A6w,"Senior Machine Learning Engineer, Ads",Quora,Global / Remoto,Remoto,No especificado,No especificado,,,,Machine Learning General,https://torre.ai/jobs/quora-senior-machine-learning-engineer-ads
Torre.ai,Mercado Internacional (Remoto - USD),CAD,OwGo7A6w,"Senior Machine Learning Engineer, Ads",Quora,Global / Remoto,Remoto,No especificado,No especificado,,,,TensorFlow / Keras,https://torre.ai/jobs/quora-senior-machine-learning-engineer-ads
Torre.ai,Mercado Internacional (Remoto - USD),CAD,OwGo7A6w,"Senior Machine Learning Engineer, Ads",Quora,Global / Remoto,Remoto,No especificado,No especificado,,,,PyTorch,https://torre.ai/jobs/quora-senior-machine-learning-engineer-ads
Torre.ai,Mercado Internacional (Remoto - USD),CAD,KWN18x8r,Senior Data Science Evaluation Specialist (5+ Yrs Exp),Mercor,Global / Remoto,Remoto,No especificado,No especificado,,,,Python,https://torre.ai/jobs/mercor-senior-data-science-evaluation-specialist-5-yrs-exp
Torre.ai,Mercado Internacional (Remoto - USD),CAD,KWN18x8r,Senior Data Science Evaluation Specialist (5+ Yrs Exp),Mercor,Global / Remoto,Remoto,No especificado,No especificado,,,,SQL,https://torre.ai/jobs/mercor-senior-data-science-evaluation-specialist-5-yrs-exp
Torre.ai,Mercado Internacional (Remoto - USD),CAD,qdPDK3Ad,"Staff Machine Learning Research Scientist (NLP, Clinical AI)",Rad AI,United States,Remoto,No especificado,No especificado,,,,Machine Learning General,https://torre.ai/jobs/rad-ai-staff-machine-learning-research-scientist-nlp-clinical-ai
Torre.ai,Mercado Internacional (Remoto - USD),CAD,qdPDK3Ad,"Staff Machine Learning Research Scientist (NLP, Clinical AI)",Rad AI,United States,Remoto,No especificado,No especificado,,,,NLP / LLMs,https://torre.ai/jobs/rad-ai-staff-machine-learning-research-scientist-nlp-clinical-ai
Torre.ai,Mercado Internacional (Remoto - USD),CAD,qdPDK3Ad,"Staff Machine Learning Research Scientist (NLP, Clinical AI)",Rad AI,United States,Remoto,No especificado,No especificado,,,,Computer Vision,https://torre.ai/jobs/rad-ai-staff-machine-learning-research-scientist-nlp-clinical-ai
Torre.ai,Mercado Internacional (Remoto - USD),CAD,qdPDK3Ad,"Staff Machine Learning Research Scientist (NLP, Clinical AI)",Rad AI,United States,Remoto,No especificado,No especificado,,,,PyTorch,https://torre.ai/jobs/rad-ai-staff-machine-learning-research-scientist-nlp-clinical-ai
Torre.ai,Mercado Internacional (Remoto - USD),CAD,VdLOxJ5w,Senior Machine Learning Engineer (ASR) - Voice Experience,Cresta,Global / Remoto,Remoto,No especificado,No especificado,,,,Machine Learning General,https://torre.ai/jobs/cresta-senior-machine-learning-engineer-asr-voice-experience
Torre.ai,Mercado Internacional (Remoto - USD),CAD,VdLOxJ5w,Senior Machine Learning Engineer (ASR) - Voice Experience,Cresta,Global / Remoto,Remoto,No especificado,No especificado,,,,NLP / LLMs,https://torre.ai/jobs/cresta-senior-machine-learning-engineer-asr-voice-experience
Torre.ai,Mercado Internacional (Remoto - USD),CAD,VdLOxJ5w,Senior Machine Learning Engineer (ASR) - Voice Experience,Cresta,Global / Remoto,Remoto,No especificado,No especificado,,,,TensorFlow / Keras,https://torre.ai/jobs/cresta-senior-machine-learning-engineer-asr-voice-experience
Torre.ai,Mercado Internacional (Remoto - USD),CAD,VdLOxJ5w,Senior Machine Learning Engineer (ASR) - Voice Experience,Cresta,Global / Remoto,Remoto,No especificado,No especificado,,,,PyTorch,https://torre.ai/jobs/cresta-senior-machine-learning-engineer-asr-voice-experience
Torre.ai,Mercado Internacional (Remoto - USD),CAD,VdLOxJ5w,Senior Machine Learning Engineer (ASR) - Voice Experience,Cresta,Global / Remoto,Remoto,No especificado,No especificado,,,,ETL / Pipelines de Datos,https://torre.ai/jobs/cresta-senior-machine-learning-engineer-asr-voice-experience
Torre.ai,Mercado Internacional (Remoto - USD),CAD,lr418D3W,Senior Machine Learning Engineer,Solidgate,Ukraine,Remoto,No especificado,No especificado,,,,Python,https://torre.ai/jobs/solidgate-senior-machine-learning-engineer
Torre.ai,Mercado Internacional (Remoto - USD),CAD,lr418D3W,Senior Machine Learning Engineer,Solidgate,Ukraine,Remoto,No especificado,No especificado,,,,Machine Learning General,https://torre.ai/jobs/solidgate-senior-machine-learning-engineer
Torre.ai,Mercado Internacional (Remoto - USD),CAD,VdLOPLBw,Head of Machine Learning,Solidgate,Ukraine,Remoto,No especificado,No especificado,,,,Machine Learning General,https://torre.ai/jobs/solidgate-head-of-machine-learning
Torre.ai,Mercado Internacional (Remoto - USD),CAD,VdLOPLBw,Head of Machine Learning,Solidgate,Ukraine,Remoto,No especificado,No especificado,,,,MLOps,https://torre.ai/jobs/solidgate-head-of-machine-learning
Torre.ai,Mercado Internacional (Remoto - USD),CAD,Yd6pl4OW,"Senior Technical Program Manager, Machine Learning Infrastructure",Cohere,Canada,Remoto,No especificado,No especificado,,,,Machine Learning General,https://torre.ai/jobs/cohere-senior-technical-program-manager-machine-learning-infrastructure
Torre.ai,Mercado Internacional (Remoto - USD),CAD,lr4p0ZLr,Machine Learning Intern/Co-Op (Winter 2027),Cohere,"Canada, United States",Remoto,No especificado,No especificado,,,,Python,https://torre.ai/jobs/cohere-machine-learning-internco-op-winter-2027
Torre.ai,Mercado Internacional (Remoto - USD),CAD,lr4p0ZLr,Machine Learning Intern/Co-Op (Winter 2027),Cohere,"Canada, United States",Remoto,No especificado,No especificado,,,,Machine Learning General,https://torre.ai/jobs/cohere-machine-learning-internco-op-winter-2027
Torre.ai,Mercado Internacional (Remoto - USD),CAD,lr4p0ZLr,Machine Learning Intern/Co-Op (Winter 2027),Cohere,"Canada, United States",Remoto,No especificado,No especificado,,,,TensorFlow / Keras,https://torre.ai/jobs/cohere-machine-learning-internco-op-winter-2027
Torre.ai,Mercado Internacional (Remoto - USD),CAD,2W1pN3nr,"Data Annotation Specialist, Data Science",Cohere,Canada,Remoto,No especificado,No especificado,,18560000.0,18.56,Python,https://torre.ai/jobs/cohere-data-annotation-specialist-data-science
Torre.ai,Mercado Internacional (Remoto - USD),CAD,2W1pN3nr,"Data Annotation Specialist, Data Science",Cohere,Canada,Remoto,No especificado,No especificado,,18560000.0,18.56,SQL,https://torre.ai/jobs/cohere-data-annotation-specialist-data-science
Torre.ai,Mercado Internacional (Remoto - USD),CAD,arQjp34W,"Staff Machine Learning Engineer, Gen AI | Voice & Speech",Weave,United States,Remoto,No especificado,No especificado,,,,SQL,https://torre.ai/jobs/weave-staff-machine-learning-engineer-gen-ai-voice-speech
Torre.ai,Mercado Internacional (Remoto - USD),CAD,arQjp34W,"Staff Machine Learning Engineer, Gen AI | Voice & Speech",Weave,United States,Remoto,No especificado,No especificado,,,,AWS,https://torre.ai/jobs/weave-staff-machine-learning-engineer-gen-ai-voice-speech
Torre.ai,Mercado Internacional (Remoto - USD),CAD,arQjp34W,"Staff Machine Learning Engineer, Gen AI | Voice & Speech",Weave,United States,Remoto,No especificado,No especificado,,,,Google Cloud (GCP),https://torre.ai/jobs/weave-staff-machine-learning-engineer-gen-ai-voice-speech
Torre.ai,Mercado Internacional (Remoto - USD),CAD,arQjp34W,"Staff Machine Learning Engineer, Gen AI | Voice & Speech",Weave,United States,Remoto,No especificado,No especificado,,,,Machine Learning General,https://torre.ai/jobs/weave-staff-machine-learning-engineer-gen-ai-voice-speech
Torre.ai,Mercado Internacional (Remoto - USD),CAD,arQjp34W,"Staff Machine Learning Engineer, Gen AI | Voice & Speech",Weave,United States,Remoto,No especificado,No especificado,,,,NLP / LLMs,https://torre.ai/jobs/weave-staff-machine-learning-engineer-gen-ai-voice-speech
Torre.ai,Mercado Internacional (Remoto - USD),CAD,arQjp34W,"Staff Machine Learning Engineer, Gen AI | Voice & Speech",Weave,United States,Remoto,No especificado,No especificado,,,,Docker / Kubernetes,https://torre.ai/jobs/weave-staff-machine-learning-engineer-gen-ai-voice-speech
Torre.ai,Mercado Internacional (Remoto - USD),CAD,arQjp34W,"Staff Machine Learning Engineer, Gen AI | Voice & Speech",Weave,United States,Remoto,No especificado,No especificado,,,,Bases de Datos NoSQL,https://torre.ai/jobs/weave-staff-machine-learning-engineer-gen-ai-voice-speech
Torre.ai,Mercado Internacional (Remoto - USD),CAD,arQjp34W,"Staff Machine Learning Engineer, Gen AI | Voice & Speech",Weave,United States,Remoto,No especificado,No especificado,,,,MLOps,https://torre.ai/jobs/weave-staff-machine-learning-engineer-gen-ai-voice-speech
Torre.ai,Mercado Internacional (Remoto - USD),CAD,qdP9DRbr,Senior Machine Learning Engineer (Remote - LATAM Based),Arionkoder,"Colombia, Argentina",Remoto,No especificado,No especificado,,,,Python,https://torre.ai/jobs/arionkoder-sr-machine-learning-engineer-remote-latam-based
Torre.ai,Mercado Internacional (Remoto - USD),CAD,qdP9DRbr,Senior Machine Learning Engineer (Remote - LATAM Based),Arionkoder,"Colombia, Argentina",Remoto,No especificado,No especificado,,,,AWS,https://torre.ai/jobs/arionkoder-sr-machine-learning-engineer-remote-latam-based
Torre.ai,Mercado Internacional (Remoto - USD),CAD,qdP9DRbr,Senior Machine Learning Engineer (Remote - LATAM Based),Arionkoder,"Colombia, Argentina",Remoto,No especificado,No especificado,,,,Machine Learning General,https://torre.ai/jobs/arionkoder-sr-machine-learning-engineer-remote-latam-based
Torre.ai,Mercado Internacional (Remoto - USD),CAD,qdP9DRbr,Senior Machine Learning Engineer (Remote - LATAM Based),Arionkoder,"Colombia, Argentina",Remoto,No especificado,No especificado,,,,Deep Learning,https://torre.ai/jobs/arionkoder-sr-machine-learning-engineer-remote-latam-based
Torre.ai,Mercado Internacional (Remoto - USD),CAD,qdP9DRbr,Senior Machine Learning Engineer (Remote - LATAM Based),Arionkoder,"Colombia, Argentina",Remoto,No especificado,No especificado,,,,Computer Vision,https://torre.ai/jobs/arionkoder-sr-machine-learning-engineer-remote-latam-based
Torre.ai,Mercado Internacional (Remoto - USD),CAD,qdP9DRbr,Senior Machine Learning Engineer (Remote - LATAM Based),Arionkoder,"Colombia, Argentina",Remoto,No especificado,No especificado,,,,Git / Control de Versiones,https://torre.ai/jobs/arionkoder-sr-machine-learning-engineer-remote-latam-based
Torre.ai,Mercado Internacional (Remoto - USD),CAD,qdP9DRbr,Senior Machine Learning Engineer (Remote - LATAM Based),Arionkoder,"Colombia, Argentina",Remoto,No especificado,No especificado,,,,MLOps,https://torre.ai/jobs/arionkoder-sr-machine-learning-engineer-remote-latam-based
Torre.ai,Mercado Internacional (Remoto - USD),USD,ed8pp3ed,"Research Staff, Data Science",Deepgram,United States,Remoto,No especificado,No especificado,,61666666.666666664,61.666666666666664,Python,https://torre.ai/jobs/deepgram-research-staff-data-science-1
Torre.ai,Mercado Internacional (Remoto - USD),USD,ed8pp3ed,"Research Staff, Data Science",Deepgram,United States,Remoto,No especificado,No especificado,,61666666.666666664,61.666666666666664,Deep Learning,https://torre.ai/jobs/deepgram-research-staff-data-science-1
Torre.ai,Mercado Internacional (Remoto - USD),USD,ed8pp3ed,"Research Staff, Data Science",Deepgram,United States,Remoto,No especificado,No especificado,,61666666.666666664,61.666666666666664,PyTorch,https://torre.ai/jobs/deepgram-research-staff-data-science-1
Torre.ai,Mercado Internacional (Remoto - USD),USD,NrJOOxYW,"Director, Client Data Science",Foodsmart,United States,Remoto,No especificado,No especificado,,68333333.33333333,68.33333333333333,Python,https://torre.ai/jobs/foodsmart-director-client-data-science
Torre.ai,Mercado Internacional (Remoto - USD),USD,NrJOOxYW,"Director, Client Data Science",Foodsmart,United States,Remoto,No especificado,No especificado,,68333333.33333333,68.33333333333333,SQL,https://torre.ai/jobs/foodsmart-director-client-data-science
Torre.ai,Mercado Internacional (Remoto - USD),USD,NrJOOxYW,"Director, Client Data Science",Foodsmart,United States,Remoto,No especificado,No especificado,,68333333.33333333,68.33333333333333,ETL / Pipelines de Datos,https://torre.ai/jobs/foodsmart-director-client-data-science
Torre.ai,Mercado Internacional (Remoto - USD),CAD,VWMqMEBW,Machine Learning Engineer (Remote),StackAdapt,United Kingdom,Remoto,No especificado,No especificado,,,,Python,https://torre.ai/jobs/stackadapt-machine-learning-engineer-remote
Torre.ai,Mercado Internacional (Remoto - USD),CAD,VWMqMEBW,Machine Learning Engineer (Remote),StackAdapt,United Kingdom,Remoto,No especificado,No especificado,,,,Machine Learning General,https://torre.ai/jobs/stackadapt-machine-learning-engineer-remote
Torre.ai,Mercado Internacional (Remoto - USD),CAD,VWMqMEBW,Machine Learning Engineer (Remote),StackAdapt,United Kingdom,Remoto,No especificado,No especificado,,,,ETL / Pipelines de Datos,https://torre.ai/jobs/stackadapt-machine-learning-engineer-remote
Torre.ai,Mercado Internacional (Remoto - USD),USD,JWO8VZ6w,Machine Learning Engineer,AI Talent Hunt,"Canadá, USA",Remoto,No especificado,No especificado,,65833333.33333333,65.83333333333333,Python,https://torre.ai/jobs/ai-talent-hunt-machine-learning-engineer
Torre.ai,Mercado Internacional (Remoto - USD),USD,JWO8VZ6w,Machine Learning Engineer,AI Talent Hunt,"Canadá, USA",Remoto,No especificado,No especificado,,65833333.33333333,65.83333333333333,SQL,https://torre.ai/jobs/ai-talent-hunt-machine-learning-engineer
Torre.ai,Mercado Internacional (Remoto - USD),USD,JWO8VZ6w,Machine Learning Engineer,AI Talent Hunt,"Canadá, USA",Remoto,No especificado,No especificado,,65833333.33333333,65.83333333333333,Machine Learning General,https://torre.ai/jobs/ai-talent-hunt-machine-learning-engineer
Torre.ai,Mercado Internacional (Remoto - USD),USD,JWO8VZ6w,Machine Learning Engineer,AI Talent Hunt,"Canadá, USA",Remoto,No especificado,No especificado,,65833333.33333333,65.83333333333333,ETL / Pipelines de Datos,https://torre.ai/jobs/ai-talent-hunt-machine-learning-engineer
Torre.ai,Mercado Internacional (Remoto - USD),USD,JWO8VZ6w,Machine Learning Engineer,AI Talent Hunt,"Canadá, USA",Remoto,No especificado,No especificado,,65833333.33333333,65.83333333333333,MLOps,https://torre.ai/jobs/ai-talent-hunt-machine-learning-engineer
Torre.ai,Mercado Internacional (Remoto - USD),CAD,Qwe1BDYw,Staff Machine Learning Engineer,SurveyMonkey,Italy,Remoto,No especificado,No especificado,,,,Kafka,https://torre.ai/jobs/surveymonkey-staff-machine-learning-engineer
Torre.ai,Mercado Internacional (Remoto - USD),CAD,Qwe1BDYw,Staff Machine Learning Engineer,SurveyMonkey,Italy,Remoto,No especificado,No especificado,,,,AWS,https://torre.ai/jobs/surveymonkey-staff-machine-learning-engineer
Torre.ai,Mercado Internacional (Remoto - USD),CAD,Qwe1BDYw,Staff Machine Learning Engineer,SurveyMonkey,Italy,Remoto,No especificado,No especificado,,,,Machine Learning General,https://torre.ai/jobs/surveymonkey-staff-machine-learning-engineer
Torre.ai,Mercado Internacional (Remoto - USD),CAD,Qwe1BDYw,Staff Machine Learning Engineer,SurveyMonkey,Italy,Remoto,No especificado,No especificado,,,,NLP / LLMs,https://torre.ai/jobs/surveymonkey-staff-machine-learning-engineer
Torre.ai,Mercado Internacional (Remoto - USD),CAD,Qwe1BDYw,Staff Machine Learning Engineer,SurveyMonkey,Italy,Remoto,No especificado,No especificado,,,,Docker / Kubernetes,https://torre.ai/jobs/surveymonkey-staff-machine-learning-engineer
Torre.ai,Mercado Internacional (Remoto - USD),USD,kWRgx57w,"Staff, Analytics Engineer, GTM Data Science & Analytics",Twilio,United States,Remoto,No especificado,No especificado,,58320000.0,58.32,SQL,https://torre.ai/jobs/twilio-staff-analytics-engineer-gtm-data-science-analytics
Torre.ai,Mercado Internacional (Remoto - USD),USD,kWRgx57w,"Staff, Analytics Engineer, GTM Data Science & Analytics",Twilio,United States,Remoto,No especificado,No especificado,,58320000.0,58.32,ETL / Pipelines de Datos,https://torre.ai/jobs/twilio-staff-analytics-engineer-gtm-data-science-analytics
Torre.ai,Mercado Internacional (Remoto - USD),USD,ZWXzxx1d,"Research Engineer, Machine Learning Systems",Deepgram,United States,Remoto,No especificado,No especificado,,66666666.66666667,66.66666666666667,Machine Learning General,https://torre.ai/jobs/deepgram-research-engineer-machine-learning-systems
Torre.ai,Mercado Internacional (Remoto - USD),USD,ZWXzxx1d,"Research Engineer, Machine Learning Systems",Deepgram,United States,Remoto,No especificado,No especificado,,66666666.66666667,66.66666666666667,Docker / Kubernetes,https://torre.ai/jobs/deepgram-research-engineer-machine-learning-systems
Torre.ai,Mercado Internacional (Remoto - USD),USD,ZWXzxx1d,"Research Engineer, Machine Learning Systems",Deepgram,United States,Remoto,No especificado,No especificado,,66666666.66666667,66.66666666666667,MLOps,https://torre.ai/jobs/deepgram-research-engineer-machine-learning-systems
Torre.ai,Mercado Internacional (Remoto - USD),CAD,lWgD7ayw,AI / Machine Learning Engineer,DevUps,Global / Remoto,Remoto,No especificado,No especificado,,,,Python,https://torre.ai/jobs/devups-ai-machine-learning-engineer
Torre.ai,Mercado Internacional (Remoto - USD),CAD,lWgD7ayw,AI / Machine Learning Engineer,DevUps,Global / Remoto,Remoto,No especificado,No especificado,,,,SQL,https://torre.ai/jobs/devups-ai-machine-learning-engineer
Torre.ai,Mercado Internacional (Remoto - USD),CAD,lWgD7ayw,AI / Machine Learning Engineer,DevUps,Global / Remoto,Remoto,No especificado,No especificado,,,,Spark / PySpark,https://torre.ai/jobs/devups-ai-machine-learning-engineer
Torre.ai,Mercado Internacional (Remoto - USD),CAD,lWgD7ayw,AI / Machine Learning Engineer,DevUps,Global / Remoto,Remoto,No especificado,No especificado,,,,Azure,https://torre.ai/jobs/devups-ai-machine-learning-engineer
Torre.ai,Mercado Internacional (Remoto - USD),CAD,lWgD7ayw,AI / Machine Learning Engineer,DevUps,Global / Remoto,Remoto,No especificado,No especificado,,,,Google Cloud (GCP),https://torre.ai/jobs/devups-ai-machine-learning-engineer
Torre.ai,Mercado Internacional (Remoto - USD),CAD,lWgD7ayw,AI / Machine Learning Engineer,DevUps,Global / Remoto,Remoto,No especificado,No especificado,,,,Machine Learning General,https://torre.ai/jobs/devups-ai-machine-learning-engineer
Torre.ai,Mercado Internacional (Remoto - USD),CAD,lWgD7ayw,AI / Machine Learning Engineer,DevUps,Global / Remoto,Remoto,No especificado,No especificado,,,,TensorFlow / Keras,https://torre.ai/jobs/devups-ai-machine-learning-engineer
Torre.ai,Mercado Internacional (Remoto - USD),CAD,lWgD7ayw,AI / Machine Learning Engineer,DevUps,Global / Remoto,Remoto,No especificado,No especificado,,,,PyTorch,https://torre.ai/jobs/devups-ai-machine-learning-engineer
Torre.ai,Mercado Internacional (Remoto - USD),CAD,lWgD7ayw,AI / Machine Learning Engineer,DevUps,Global / Remoto,Remoto,No especificado,No especificado,,,,ETL / Pipelines de Datos,https://torre.ai/jobs/devups-ai-machine-learning-engineer
Torre.ai,Mercado Internacional (Remoto - USD),CAD,lWgD7ayw,AI / Machine Learning Engineer,DevUps,Global / Remoto,Remoto,No especificado,No especificado,,,,Docker / Kubernetes,https://torre.ai/jobs/devups-ai-machine-learning-engineer
Torre.ai,Mercado Internacional (Remoto - USD),CAD,lWgD7ayw,AI / Machine Learning Engineer,DevUps,Global / Remoto,Remoto,No especificado,No especificado,,,,MLOps,https://torre.ai/jobs/devups-ai-machine-learning-engineer
Torre.ai,Mercado Internacional (Remoto - USD),CAD,ZW57GXpd,Machine Learning Engineer (GCP Certified),DevUps,Global / Remoto,Remoto,No especificado,No especificado,,,,Python,https://torre.ai/jobs/devups-machine-learning-engineer-gcp-certified
Torre.ai,Mercado Internacional (Remoto - USD),CAD,ZW57GXpd,Machine Learning Engineer (GCP Certified),DevUps,Global / Remoto,Remoto,No especificado,No especificado,,,,SQL,https://torre.ai/jobs/devups-machine-learning-engineer-gcp-certified
Torre.ai,Mercado Internacional (Remoto - USD),CAD,ZW57GXpd,Machine Learning Engineer (GCP Certified),DevUps,Global / Remoto,Remoto,No especificado,No especificado,,,,Google Cloud (GCP),https://torre.ai/jobs/devups-machine-learning-engineer-gcp-certified
Torre.ai,Mercado Internacional (Remoto - USD),CAD,ZW57GXpd,Machine Learning Engineer (GCP Certified),DevUps,Global / Remoto,Remoto,No especificado,No especificado,,,,Machine Learning General,https://torre.ai/jobs/devups-machine-learning-engineer-gcp-certified
Torre.ai,Mercado Internacional (Remoto - USD),CAD,ZW57GXpd,Machine Learning Engineer (GCP Certified),DevUps,Global / Remoto,Remoto,No especificado,No especificado,,,,NLP / LLMs,https://torre.ai/jobs/devups-machine-learning-engineer-gcp-certified
Torre.ai,Mercado Internacional (Remoto - USD),CAD,ZW57GXpd,Machine Learning Engineer (GCP Certified),DevUps,Global / Remoto,Remoto,No especificado,No especificado,,,,Computer Vision,https://torre.ai/jobs/devups-machine-learning-engineer-gcp-certified
Torre.ai,Mercado Internacional (Remoto - USD),CAD,ZW57GXpd,Machine Learning Engineer (GCP Certified),DevUps,Global / Remoto,Remoto,No especificado,No especificado,,,,Scikit-Learn,https://torre.ai/jobs/devups-machine-learning-engineer-gcp-certified
Torre.ai,Mercado Internacional (Remoto - USD),CAD,ZW57GXpd,Machine Learning Engineer (GCP Certified),DevUps,Global / Remoto,Remoto,No especificado,No especificado,,,,TensorFlow / Keras,https://torre.ai/jobs/devups-machine-learning-engineer-gcp-certified
Torre.ai,Mercado Internacional (Remoto - USD),CAD,ZW57GXpd,Machine Learning Engineer (GCP Certified),DevUps,Global / Remoto,Remoto,No especificado,No especificado,,,,PyTorch,https://torre.ai/jobs/devups-machine-learning-engineer-gcp-certified
Torre.ai,Mercado Internacional (Remoto - USD),CAD,ZW57GXpd,Machine Learning Engineer (GCP Certified),DevUps,Global / Remoto,Remoto,No especificado,No especificado,,,,ETL / Pipelines de Datos,https://torre.ai/jobs/devups-machine-learning-engineer-gcp-certified
Torre.ai,Mercado Internacional (Remoto - USD),CAD,ZW57GXpd,Machine Learning Engineer (GCP Certified),DevUps,Global / Remoto,Remoto,No especificado,No especificado,,,,Docker / Kubernetes,https://torre.ai/jobs/devups-machine-learning-engineer-gcp-certified
Torre.ai,Mercado Internacional (Remoto - USD),CAD,ZW57GXpd,Machine Learning Engineer (GCP Certified),DevUps,Global / Remoto,Remoto,No especificado,No especificado,,,,Bases de Datos NoSQL,https://torre.ai/jobs/devups-machine-learning-engineer-gcp-certified
Torre.ai,Mercado Internacional (Remoto - USD),CAD,ZW57GXpd,Machine Learning Engineer (GCP Certified),DevUps,Global / Remoto,Remoto,No especificado,No especificado,,,,MLOps,https://torre.ai/jobs/devups-machine-learning-engineer-gcp-certified
Torre.ai,Mercado Internacional (Remoto - USD),CAD,OwGo7A6w,"Senior Machine Learning Engineer, Ads",Quora,Global / Remoto,Remoto,No especificado,No especificado,,,,Python,https://torre.ai/jobs/quora-senior-machine-learning-engineer-ads
Torre.ai,Mercado Internacional (Remoto - USD),CAD,OwGo7A6w,"Senior Machine Learning Engineer, Ads",Quora,Global / Remoto,Remoto,No especificado,No especificado,,,,Machine Learning General,https://torre.ai/jobs/quora-senior-machine-learning-engineer-ads
Torre.ai,Mercado Internacional (Remoto - USD),CAD,OwGo7A6w,"Senior Machine Learning Engineer, Ads",Quora,Global / Remoto,Remoto,No especificado,No especificado,,,,TensorFlow / Keras,https://torre.ai/jobs/quora-senior-machine-learning-engineer-ads
Torre.ai,Mercado Internacional (Remoto - USD),CAD,OwGo7A6w,"Senior Machine Learning Engineer, Ads",Quora,Global / Remoto,Remoto,No especificado,No especificado,,,,PyTorch,https://torre.ai/jobs/quora-senior-machine-learning-engineer-ads
Torre.ai,Mercado Internacional (Remoto - USD),CAD,KWN18x8r,Senior Data Science Evaluation Specialist (5+ Yrs Exp),Mercor,Global / Remoto,Remoto,No especificado,No especificado,,,,Python,https://torre.ai/jobs/mercor-senior-data-science-evaluation-specialist-5-yrs-exp
Torre.ai,Mercado Internacional (Remoto - USD),CAD,KWN18x8r,Senior Data Science Evaluation Specialist (5+ Yrs Exp),Mercor,Global / Remoto,Remoto,No especificado,No especificado,,,,SQL,https://torre.ai/jobs/mercor-senior-data-science-evaluation-specialist-5-yrs-exp
Torre.ai,Mercado Internacional (Remoto - USD),CAD,qdPDK3Ad,"Staff Machine Learning Research Scientist (NLP, Clinical AI)",Rad AI,United States,Remoto,No especificado,No especificado,,,,Machine Learning General,https://torre.ai/jobs/rad-ai-staff-machine-learning-research-scientist-nlp-clinical-ai
Torre.ai,Mercado Internacional (Remoto - USD),CAD,qdPDK3Ad,"Staff Machine Learning Research Scientist (NLP, Clinical AI)",Rad AI,United States,Remoto,No especificado,No especificado,,,,NLP / LLMs,https://torre.ai/jobs/rad-ai-staff-machine-learning-research-scientist-nlp-clinical-ai
Torre.ai,Mercado Internacional (Remoto - USD),CAD,qdPDK3Ad,"Staff Machine Learning Research Scientist (NLP, Clinical AI)",Rad AI,United States,Remoto,No especificado,No especificado,,,,Computer Vision,https://torre.ai/jobs/rad-ai-staff-machine-learning-research-scientist-nlp-clinical-ai
Torre.ai,Mercado Internacional (Remoto - USD),CAD,qdPDK3Ad,"Staff Machine Learning Research Scientist (NLP, Clinical AI)",Rad AI,United States,Remoto,No especificado,No especificado,,,,PyTorch,https://torre.ai/jobs/rad-ai-staff-machine-learning-research-scientist-nlp-clinical-ai
Torre.ai,Mercado Internacional (Remoto - USD),CAD,VdLOxJ5w,Senior Machine Learning Engineer (ASR) - Voice Experience,Cresta,Global / Remoto,Remoto,No especificado,No especificado,,,,Machine Learning General,https://torre.ai/jobs/cresta-senior-machine-learning-engineer-asr-voice-experience
Torre.ai,Mercado Internacional (Remoto - USD),CAD,VdLOxJ5w,Senior Machine Learning Engineer (ASR) - Voice Experience,Cresta,Global / Remoto,Remoto,No especificado,No especificado,,,,NLP / LLMs,https://torre.ai/jobs/cresta-senior-machine-learning-engineer-asr-voice-experience
Torre.ai,Mercado Internacional (Remoto - USD),CAD,VdLOxJ5w,Senior Machine Learning Engineer (ASR) - Voice Experience,Cresta,Global / Remoto,Remoto,No especificado,No especificado,,,,TensorFlow / Keras,https://torre.ai/jobs/cresta-senior-machine-learning-engineer-asr-voice-experience
Torre.ai,Mercado Internacional (Remoto - USD),CAD,VdLOxJ5w,Senior Machine Learning Engineer (ASR) - Voice Experience,Cresta,Global / Remoto,Remoto,No especificado,No especificado,,,,PyTorch,https://torre.ai/jobs/cresta-senior-machine-learning-engineer-asr-voice-experience
Torre.ai,Mercado Internacional (Remoto - USD),CAD,VdLOxJ5w,Senior Machine Learning Engineer (ASR) - Voice Experience,Cresta,Global / Remoto,Remoto,No especificado,No especificado,,,,ETL / Pipelines de Datos,https://torre.ai/jobs/cresta-senior-machine-learning-engineer-asr-voice-experience
Torre.ai,Mercado Internacional (Remoto - USD),CAD,lr418D3W,Senior Machine Learning Engineer,Solidgate,Ukraine,Remoto,No especificado,No especificado,,,,Python,https://torre.ai/jobs/solidgate-senior-machine-learning-engineer
Torre.ai,Mercado Internacional (Remoto - USD),CAD,lr418D3W,Senior Machine Learning Engineer,Solidgate,Ukraine,Remoto,No especificado,No especificado,,,,Machine Learning General,https://torre.ai/jobs/solidgate-senior-machine-learning-engineer
Torre.ai,Mercado Internacional (Remoto - USD),CAD,VdLOPLBw,Head of Machine Learning,Solidgate,Ukraine,Remoto,No especificado,No especificado,,,,Machine Learning General,https://torre.ai/jobs/solidgate-head-of-machine-learning
Torre.ai,Mercado Internacional (Remoto - USD),CAD,VdLOPLBw,Head of Machine Learning,Solidgate,Ukraine,Remoto,No especificado,No especificado,,,,MLOps,https://torre.ai/jobs/solidgate-head-of-machine-learning
Torre.ai,Mercado Internacional (Remoto - USD),CAD,Yd6pl4OW,"Senior Technical Program Manager, Machine Learning Infrastructure",Cohere,Canada,Remoto,No especificado,No especificado,,,,Machine Learning General,https://torre.ai/jobs/cohere-senior-technical-program-manager-machine-learning-infrastructure
Torre.ai,Mercado Internacional (Remoto - USD),CAD,lr4p0ZLr,Machine Learning Intern/Co-Op (Winter 2027),Cohere,"Canada, United States",Remoto,No especificado,No especificado,,,,Python,https://torre.ai/jobs/cohere-machine-learning-internco-op-winter-2027
Torre.ai,Mercado Internacional (Remoto - USD),CAD,lr4p0ZLr,Machine Learning Intern/Co-Op (Winter 2027),Cohere,"Canada, United States",Remoto,No especificado,No especificado,,,,Machine Learning General,https://torre.ai/jobs/cohere-machine-learning-internco-op-winter-2027
Torre.ai,Mercado Internacional (Remoto - USD),CAD,lr4p0ZLr,Machine Learning Intern/Co-Op (Winter 2027),Cohere,"Canada, United States",Remoto,No especificado,No especificado,,,,TensorFlow / Keras,https://torre.ai/jobs/cohere-machine-learning-internco-op-winter-2027
Torre.ai,Mercado Internacional (Remoto - USD),CAD,2W1pN3nr,"Data Annotation Specialist, Data Science",Cohere,Canada,Remoto,No especificado,No especificado,,18560000.0,18.56,Python,https://torre.ai/jobs/cohere-data-annotation-specialist-data-science
Torre.ai,Mercado Internacional (Remoto - USD),CAD,2W1pN3nr,"Data Annotation Specialist, Data Science",Cohere,Canada,Remoto,No especificado,No especificado,,18560000.0,18.56,SQL,https://torre.ai/jobs/cohere-data-annotation-specialist-data-science
Torre.ai,Mercado Internacional (Remoto - USD),CAD,arQjp34W,"Staff Machine Learning Engineer, Gen AI | Voice & Speech",Weave,United States,Remoto,No especificado,No especificado,,,,SQL,https://torre.ai/jobs/weave-staff-machine-learning-engineer-gen-ai-voice-speech
Torre.ai,Mercado Internacional (Remoto - USD),CAD,arQjp34W,"Staff Machine Learning Engineer, Gen AI | Voice & Speech",Weave,United States,Remoto,No especificado,No especificado,,,,AWS,https://torre.ai/jobs/weave-staff-machine-learning-engineer-gen-ai-voice-speech
Torre.ai,Mercado Internacional (Remoto - USD),CAD,arQjp34W,"Staff Machine Learning Engineer, Gen AI | Voice & Speech",Weave,United States,Remoto,No especificado,No especificado,,,,Google Cloud (GCP),https://torre.ai/jobs/weave-staff-machine-learning-engineer-gen-ai-voice-speech
Torre.ai,Mercado Internacional (Remoto - USD),CAD,arQjp34W,"Staff Machine Learning Engineer, Gen AI | Voice & Speech",Weave,United States,Remoto,No especificado,No especificado,,,,Machine Learning General,https://torre.ai/jobs/weave-staff-machine-learning-engineer-gen-ai-voice-speech
Torre.ai,Mercado Internacional (Remoto - USD),CAD,arQjp34W,"Staff Machine Learning Engineer, Gen AI | Voice & Speech",Weave,United States,Remoto,No especificado,No especificado,,,,NLP / LLMs,https://torre.ai/jobs/weave-staff-machine-learning-engineer-gen-ai-voice-speech
Torre.ai,Mercado Internacional (Remoto - USD),CAD,arQjp34W,"Staff Machine Learning Engineer, Gen AI | Voice & Speech",Weave,United States,Remoto,No especificado,No especificado,,,,Docker / Kubernetes,https://torre.ai/jobs/weave-staff-machine-learning-engineer-gen-ai-voice-speech
Torre.ai,Mercado Internacional (Remoto - USD),CAD,arQjp34W,"Staff Machine Learning Engineer, Gen AI | Voice & Speech",Weave,United States,Remoto,No especificado,No especificado,,,,Bases de Datos NoSQL,https://torre.ai/jobs/weave-staff-machine-learning-engineer-gen-ai-voice-speech
Torre.ai,Mercado Internacional (Remoto - USD),CAD,arQjp34W,"Staff Machine Learning Engineer, Gen AI | Voice & Speech",Weave,United States,Remoto,No especificado,No especificado,,,,MLOps,https://torre.ai/jobs/weave-staff-machine-learning-engineer-gen-ai-voice-speech
Torre.ai,Mercado Internacional (Remoto - USD),CAD,qdP9DRbr,Senior Machine Learning Engineer (Remote - LATAM Based),Arionkoder,"Colombia, Argentina",Remoto,No especificado,No especificado,,,,Python,https://torre.ai/jobs/arionkoder-sr-machine-learning-engineer-remote-latam-based
Torre.ai,Mercado Internacional (Remoto - USD),CAD,qdP9DRbr,Senior Machine Learning Engineer (Remote - LATAM Based),Arionkoder,"Colombia, Argentina",Remoto,No especificado,No especificado,,,,AWS,https://torre.ai/jobs/arionkoder-sr-machine-learning-engineer-remote-latam-based
Torre.ai,Mercado Internacional (Remoto - USD),CAD,qdP9DRbr,Senior Machine Learning Engineer (Remote - LATAM Based),Arionkoder,"Colombia, Argentina",Remoto,No especificado,No especificado,,,,Machine Learning General,https://torre.ai/jobs/arionkoder-sr-machine-learning-engineer-remote-latam-based
Torre.ai,Mercado Internacional (Remoto - USD),CAD,qdP9DRbr,Senior Machine Learning Engineer (Remote - LATAM Based),Arionkoder,"Colombia, Argentina",Remoto,No especificado,No especificado,,,,Deep Learning,https://torre.ai/jobs/arionkoder-sr-machine-learning-engineer-remote-latam-based
Torre.ai,Mercado Internacional (Remoto - USD),CAD,qdP9DRbr,Senior Machine Learning Engineer (Remote - LATAM Based),Arionkoder,"Colombia, Argentina",Remoto,No especificado,No especificado,,,,Computer Vision,https://torre.ai/jobs/arionkoder-sr-machine-learning-engineer-remote-latam-based
Torre.ai,Mercado Internacional (Remoto - USD),CAD,qdP9DRbr,Senior Machine Learning Engineer (Remote - LATAM Based),Arionkoder,"Colombia, Argentina",Remoto,No especificado,No especificado,,,,Git / Control de Versiones,https://torre.ai/jobs/arionkoder-sr-machine-learning-engineer-remote-latam-based
Torre.ai,Mercado Internacional (Remoto - USD),CAD,qdP9DRbr,Senior Machine Learning Engineer (Remote - LATAM Based),Arionkoder,"Colombia, Argentina",Remoto,No especificado,No especificado,,,,MLOps,https://torre.ai/jobs/arionkoder-sr-machine-learning-engineer-remote-latam-based
Torre.ai,Mercado Internacional (Remoto - USD),USD,ed8pp3ed,"Research Staff, Data Science",Deepgram,United States,Remoto,No especificado,No especificado,,61666666.666666664,61.666666666666664,Python,https://torre.ai/jobs/deepgram-research-staff-data-science-1
Torre.ai,Mercado Internacional (Remoto - USD),USD,ed8pp3ed,"Research Staff, Data Science",Deepgram,United States,Remoto,No especificado,No especificado,,61666666.666666664,61.666666666666664,Deep Learning,https://torre.ai/jobs/deepgram-research-staff-data-science-1
Torre.ai,Mercado Internacional (Remoto - USD),USD,ed8pp3ed,"Research Staff, Data Science",Deepgram,United States,Remoto,No especificado,No especificado,,61666666.666666664,61.666666666666664,PyTorch,https://torre.ai/jobs/deepgram-research-staff-data-science-1
Torre.ai,Mercado Internacional (Remoto - USD),USD,NrJOOxYW,"Director, Client Data Science",Foodsmart,United States,Remoto,No especificado,No especificado,,68333333.33333333,68.33333333333333,Python,https://torre.ai/jobs/foodsmart-director-client-data-science
Torre.ai,Mercado Internacional (Remoto - USD),USD,NrJOOxYW,"Director, Client Data Science",Foodsmart,United States,Remoto,No especificado,No especificado,,68333333.33333333,68.33333333333333,SQL,https://torre.ai/jobs/foodsmart-director-client-data-science
Torre.ai,Mercado Internacional (Remoto - USD),USD,NrJOOxYW,"Director, Client Data Science",Foodsmart,United States,Remoto,No especificado,No especificado,,68333333.33333333,68.33333333333333,ETL / Pipelines de Datos,https://torre.ai/jobs/foodsmart-director-client-data-science
Torre.ai,Mercado Internacional (Remoto - USD),CAD,VWMqMEBW,Machine Learning Engineer (Remote),StackAdapt,United Kingdom,Remoto,No especificado,No especificado,,,,Python,https://torre.ai/jobs/stackadapt-machine-learning-engineer-remote
Torre.ai,Mercado Internacional (Remoto - USD),CAD,VWMqMEBW,Machine Learning Engineer (Remote),StackAdapt,United Kingdom,Remoto,No especificado,No especificado,,,,Machine Learning General,https://torre.ai/jobs/stackadapt-machine-learning-engineer-remote
Torre.ai,Mercado Internacional (Remoto - USD),CAD,VWMqMEBW,Machine Learning Engineer (Remote),StackAdapt,United Kingdom,Remoto,No especificado,No especificado,,,,ETL / Pipelines de Datos,https://torre.ai/jobs/stackadapt-machine-learning-engineer-remote
Torre.ai,Mercado Internacional (Remoto - USD),USD,JWO8VZ6w,Machine Learning Engineer,AI Talent Hunt,"Canadá, USA",Remoto,No especificado,No especificado,,65833333.33333333,65.83333333333333,Python,https://torre.ai/jobs/ai-talent-hunt-machine-learning-engineer
Torre.ai,Mercado Internacional (Remoto - USD),USD,JWO8VZ6w,Machine Learning Engineer,AI Talent Hunt,"Canadá, USA",Remoto,No especificado,No especificado,,65833333.33333333,65.83333333333333,SQL,https://torre.ai/jobs/ai-talent-hunt-machine-learning-engineer
Torre.ai,Mercado Internacional (Remoto - USD),USD,JWO8VZ6w,Machine Learning Engineer,AI Talent Hunt,"Canadá, USA",Remoto,No especificado,No especificado,,65833333.33333333,65.83333333333333,Machine Learning General,https://torre.ai/jobs/ai-talent-hunt-machine-learning-engineer
Torre.ai,Mercado Internacional (Remoto - USD),USD,JWO8VZ6w,Machine Learning Engineer,AI Talent Hunt,"Canadá, USA",Remoto,No especificado,No especificado,,65833333.33333333,65.83333333333333,ETL / Pipelines de Datos,https://torre.ai/jobs/ai-talent-hunt-machine-learning-engineer
Torre.ai,Mercado Internacional (Remoto - USD),USD,JWO8VZ6w,Machine Learning Engineer,AI Talent Hunt,"Canadá, USA",Remoto,No especificado,No especificado,,65833333.33333333,65.83333333333333,MLOps,https://torre.ai/jobs/ai-talent-hunt-machine-learning-engineer
Torre.ai,Mercado Internacional (Remoto - USD),CAD,Qwe1BDYw,Staff Machine Learning Engineer,SurveyMonkey,Italy,Remoto,No especificado,No especificado,,,,Kafka,https://torre.ai/jobs/surveymonkey-staff-machine-learning-engineer
Torre.ai,Mercado Internacional (Remoto - USD),CAD,Qwe1BDYw,Staff Machine Learning Engineer,SurveyMonkey,Italy,Remoto,No especificado,No especificado,,,,AWS,https://torre.ai/jobs/surveymonkey-staff-machine-learning-engineer
Torre.ai,Mercado Internacional (Remoto - USD),CAD,Qwe1BDYw,Staff Machine Learning Engineer,SurveyMonkey,Italy,Remoto,No especificado,No especificado,,,,Machine Learning General,https://torre.ai/jobs/surveymonkey-staff-machine-learning-engineer
Torre.ai,Mercado Internacional (Remoto - USD),CAD,Qwe1BDYw,Staff Machine Learning Engineer,SurveyMonkey,Italy,Remoto,No especificado,No especificado,,,,NLP / LLMs,https://torre.ai/jobs/surveymonkey-staff-machine-learning-engineer
Torre.ai,Mercado Internacional (Remoto - USD),CAD,Qwe1BDYw,Staff Machine Learning Engineer,SurveyMonkey,Italy,Remoto,No especificado,No especificado,,,,Docker / Kubernetes,https://torre.ai/jobs/surveymonkey-staff-machine-learning-engineer
Torre.ai,Mercado Internacional (Remoto - USD),USD,kWRgx57w,"Staff, Analytics Engineer, GTM Data Science & Analytics",Twilio,United States,Remoto,No especificado,No especificado,,58320000.0,58.32,SQL,https://torre.ai/jobs/twilio-staff-analytics-engineer-gtm-data-science-analytics
Torre.ai,Mercado Internacional (Remoto - USD),USD,kWRgx57w,"Staff, Analytics Engineer, GTM Data Science & Analytics",Twilio,United States,Remoto,No especificado,No especificado,,58320000.0,58.32,ETL / Pipelines de Datos,https://torre.ai/jobs/twilio-staff-analytics-engineer-gtm-data-science-analytics
Torre.ai,Mercado Internacional (Remoto - USD),USD,ZWXzxx1d,"Research Engineer, Machine Learning Systems",Deepgram,United States,Remoto,No especificado,No especificado,,66666666.66666667,66.66666666666667,Machine Learning General,https://torre.ai/jobs/deepgram-research-engineer-machine-learning-systems
Torre.ai,Mercado Internacional (Remoto - USD),USD,ZWXzxx1d,"Research Engineer, Machine Learning Systems",Deepgram,United States,Remoto,No especificado,No especificado,,66666666.66666667,66.66666666666667,Docker / Kubernetes,https://torre.ai/jobs/deepgram-research-engineer-machine-learning-systems
Torre.ai,Mercado Internacional (Remoto - USD),USD,ZWXzxx1d,"Research Engineer, Machine Learning Systems",Deepgram,United States,Remoto,No especificado,No especificado,,66666666.66666667,66.66666666666667,MLOps,https://torre.ai/jobs/deepgram-research-engineer-machine-learning-systems
Torre.ai,Mercado Internacional (Remoto - USD),CAD,lWgD7ayw,AI / Machine Learning Engineer,DevUps,Global / Remoto,Remoto,No especificado,No especificado,,,,Python,https://torre.ai/jobs/devups-ai-machine-learning-engineer
Torre.ai,Mercado Internacional (Remoto - USD),CAD,lWgD7ayw,AI / Machine Learning Engineer,DevUps,Global / Remoto,Remoto,No especificado,No especificado,,,,SQL,https://torre.ai/jobs/devups-ai-machine-learning-engineer
Torre.ai,Mercado Internacional (Remoto - USD),CAD,lWgD7ayw,AI / Machine Learning Engineer,DevUps,Global / Remoto,Remoto,No especificado,No especificado,,,,Spark / PySpark,https://torre.ai/jobs/devups-ai-machine-learning-engineer
Torre.ai,Mercado Internacional (Remoto - USD),CAD,lWgD7ayw,AI / Machine Learning Engineer,DevUps,Global / Remoto,Remoto,No especificado,No especificado,,,,Azure,https://torre.ai/jobs/devups-ai-machine-learning-engineer
Torre.ai,Mercado Internacional (Remoto - USD),CAD,lWgD7ayw,AI / Machine Learning Engineer,DevUps,Global / Remoto,Remoto,No especificado,No especificado,,,,Google Cloud (GCP),https://torre.ai/jobs/devups-ai-machine-learning-engineer
Torre.ai,Mercado Internacional (Remoto - USD),CAD,lWgD7ayw,AI / Machine Learning Engineer,DevUps,Global / Remoto,Remoto,No especificado,No especificado,,,,Machine Learning General,https://torre.ai/jobs/devups-ai-machine-learning-engineer
Torre.ai,Mercado Internacional (Remoto - USD),CAD,lWgD7ayw,AI / Machine Learning Engineer,DevUps,Global / Remoto,Remoto,No especificado,No especificado,,,,TensorFlow / Keras,https://torre.ai/jobs/devups-ai-machine-learning-engineer
Torre.ai,Mercado Internacional (Remoto - USD),CAD,lWgD7ayw,AI / Machine Learning Engineer,DevUps,Global / Remoto,Remoto,No especificado,No especificado,,,,PyTorch,https://torre.ai/jobs/devups-ai-machine-learning-engineer
Torre.ai,Mercado Internacional (Remoto - USD),CAD,lWgD7ayw,AI / Machine Learning Engineer,DevUps,Global / Remoto,Remoto,No especificado,No especificado,,,,ETL / Pipelines de Datos,https://torre.ai/jobs/devups-ai-machine-learning-engineer
Torre.ai,Mercado Internacional (Remoto - USD),CAD,lWgD7ayw,AI / Machine Learning Engineer,DevUps,Global / Remoto,Remoto,No especificado,No especificado,,,,Docker / Kubernetes,https://torre.ai/jobs/devups-ai-machine-learning-engineer
Torre.ai,Mercado Internacional (Remoto - USD),CAD,lWgD7ayw,AI / Machine Learning Engineer,DevUps,Global / Remoto,Remoto,No especificado,No especificado,,,,MLOps,https://torre.ai/jobs/devups-ai-machine-learning-engineer
Torre.ai,Mercado Internacional (Remoto - USD),CAD,ZW57GXpd,Machine Learning Engineer (GCP Certified),DevUps,Global / Remoto,Remoto,No especificado,No especificado,,,,Python,https://torre.ai/jobs/devups-machine-learning-engineer-gcp-certified
Torre.ai,Mercado Internacional (Remoto - USD),CAD,ZW57GXpd,Machine Learning Engineer (GCP Certified),DevUps,Global / Remoto,Remoto,No especificado,No especificado,,,,SQL,https://torre.ai/jobs/devups-machine-learning-engineer-gcp-certified
Torre.ai,Mercado Internacional (Remoto - USD),CAD,ZW57GXpd,Machine Learning Engineer (GCP Certified),DevUps,Global / Remoto,Remoto,No especificado,No especificado,,,,Google Cloud (GCP),https://torre.ai/jobs/devups-machine-learning-engineer-gcp-certified
Torre.ai,Mercado Internacional (Remoto - USD),CAD,ZW57GXpd,Machine Learning Engineer (GCP Certified),DevUps,Global / Remoto,Remoto,No especificado,No especificado,,,,Machine Learning General,https://torre.ai/jobs/devups-machine-learning-engineer-gcp-certified
Torre.ai,Mercado Internacional (Remoto - USD),CAD,ZW57GXpd,Machine Learning Engineer (GCP Certified),DevUps,Global / Remoto,Remoto,No especificado,No especificado,,,,NLP / LLMs,https://torre.ai/jobs/devups-machine-learning-engineer-gcp-certified
Torre.ai,Mercado Internacional (Remoto - USD),CAD,ZW57GXpd,Machine Learning Engineer (GCP Certified),DevUps,Global / Remoto,Remoto,No especificado,No especificado,,,,Computer Vision,https://torre.ai/jobs/devups-machine-learning-engineer-gcp-certified
Torre.ai,Mercado Internacional (Remoto - USD),CAD,ZW57GXpd,Machine Learning Engineer (GCP Certified),DevUps,Global / Remoto,Remoto,No especificado,No especificado,,,,Scikit-Learn,https://torre.ai/jobs/devups-machine-learning-engineer-gcp-certified
Torre.ai,Mercado Internacional (Remoto - USD),CAD,ZW57GXpd,Machine Learning Engineer (GCP Certified),DevUps,Global / Remoto,Remoto,No especificado,No especificado,,,,TensorFlow / Keras,https://torre.ai/jobs/devups-machine-learning-engineer-gcp-certified
Torre.ai,Mercado Internacional (Remoto - USD),CAD,ZW57GXpd,Machine Learning Engineer (GCP Certified),DevUps,Global / Remoto,Remoto,No especificado,No especificado,,,,PyTorch,https://torre.ai/jobs/devups-machine-learning-engineer-gcp-certified
Torre.ai,Mercado Internacional (Remoto - USD),CAD,ZW57GXpd,Machine Learning Engineer (GCP Certified),DevUps,Global / Remoto,Remoto,No especificado,No especificado,,,,ETL / Pipelines de Datos,https://torre.ai/jobs/devups-machine-learning-engineer-gcp-certified
Torre.ai,Mercado Internacional (Remoto - USD),CAD,ZW57GXpd,Machine Learning Engineer (GCP Certified),DevUps,Global / Remoto,Remoto,No especificado,No especificado,,,,Docker / Kubernetes,https://torre.ai/jobs/devups-machine-learning-engineer-gcp-certified
Torre.ai,Mercado Internacional (Remoto - USD),CAD,ZW57GXpd,Machine Learning Engineer (GCP Certified),DevUps,Global / Remoto,Remoto,No especificado,No especificado,,,,Bases de Datos NoSQL,https://torre.ai/jobs/devups-machine-learning-engineer-gcp-certified
Torre.ai,Mercado Internacional (Remoto - USD),CAD,ZW57GXpd,Machine Learning Engineer (GCP Certified),DevUps,Global / Remoto,Remoto,No especificado,No especificado,,,,MLOps,https://torre.ai/jobs/devups-machine-learning-engineer-gcp-certified
Torre.ai,Mercado Internacional (Remoto - USD),CAD,OwGo7A6w,"Senior Machine Learning Engineer, Ads",Quora,Global / Remoto,Remoto,No especificado,No especificado,,,,Python,https://torre.ai/jobs/quora-senior-machine-learning-engineer-ads
Torre.ai,Mercado Internacional (Remoto - USD),CAD,OwGo7A6w,"Senior Machine Learning Engineer, Ads",Quora,Global / Remoto,Remoto,No especificado,No especificado,,,,Machine Learning General,https://torre.ai/jobs/quora-senior-machine-learning-engineer-ads
Torre.ai,Mercado Internacional (Remoto - USD),CAD,OwGo7A6w,"Senior Machine Learning Engineer, Ads",Quora,Global / Remoto,Remoto,No especificado,No especificado,,,,TensorFlow / Keras,https://torre.ai/jobs/quora-senior-machine-learning-engineer-ads
Torre.ai,Mercado Internacional (Remoto - USD),CAD,OwGo7A6w,"Senior Machine Learning Engineer, Ads",Quora,Global / Remoto,Remoto,No especificado,No especificado,,,,PyTorch,https://torre.ai/jobs/quora-senior-machine-learning-engineer-ads
Torre.ai,Mercado Internacional (Remoto - USD),CAD,KWN18x8r,Senior Data Science Evaluation Specialist (5+ Yrs Exp),Mercor,Global / Remoto,Remoto,No especificado,No especificado,,,,Python,https://torre.ai/jobs/mercor-senior-data-science-evaluation-specialist-5-yrs-exp
Torre.ai,Mercado Internacional (Remoto - USD),CAD,KWN18x8r,Senior Data Science Evaluation Specialist (5+ Yrs Exp),Mercor,Global / Remoto,Remoto,No especificado,No especificado,,,,SQL,https://torre.ai/jobs/mercor-senior-data-science-evaluation-specialist-5-yrs-exp
Torre.ai,Mercado Internacional (Remoto - USD),CAD,qdPDK3Ad,"Staff Machine Learning Research Scientist (NLP, Clinical AI)",Rad AI,United States,Remoto,No especificado,No especificado,,,,Machine Learning General,https://torre.ai/jobs/rad-ai-staff-machine-learning-research-scientist-nlp-clinical-ai
Torre.ai,Mercado Internacional (Remoto - USD),CAD,qdPDK3Ad,"Staff Machine Learning Research Scientist (NLP, Clinical AI)",Rad AI,United States,Remoto,No especificado,No especificado,,,,NLP / LLMs,https://torre.ai/jobs/rad-ai-staff-machine-learning-research-scientist-nlp-clinical-ai
Torre.ai,Mercado Internacional (Remoto - USD),CAD,qdPDK3Ad,"Staff Machine Learning Research Scientist (NLP, Clinical AI)",Rad AI,United States,Remoto,No especificado,No especificado,,,,Computer Vision,https://torre.ai/jobs/rad-ai-staff-machine-learning-research-scientist-nlp-clinical-ai
Torre.ai,Mercado Internacional (Remoto - USD),CAD,qdPDK3Ad,"Staff Machine Learning Research Scientist (NLP, Clinical AI)",Rad AI,United States,Remoto,No especificado,No especificado,,,,PyTorch,https://torre.ai/jobs/rad-ai-staff-machine-learning-research-scientist-nlp-clinical-ai
Torre.ai,Mercado Internacional (Remoto - USD),CAD,VdLOxJ5w,Senior Machine Learning Engineer (ASR) - Voice Experience,Cresta,Global / Remoto,Remoto,No especificado,No especificado,,,,Machine Learning General,https://torre.ai/jobs/cresta-senior-machine-learning-engineer-asr-voice-experience
Torre.ai,Mercado Internacional (Remoto - USD),CAD,VdLOxJ5w,Senior Machine Learning Engineer (ASR) - Voice Experience,Cresta,Global / Remoto,Remoto,No especificado,No especificado,,,,NLP / LLMs,https://torre.ai/jobs/cresta-senior-machine-learning-engineer-asr-voice-experience
Torre.ai,Mercado Internacional (Remoto - USD),CAD,VdLOxJ5w,Senior Machine Learning Engineer (ASR) - Voice Experience,Cresta,Global / Remoto,Remoto,No especificado,No especificado,,,,TensorFlow / Keras,https://torre.ai/jobs/cresta-senior-machine-learning-engineer-asr-voice-experience
Torre.ai,Mercado Internacional (Remoto - USD),CAD,VdLOxJ5w,Senior Machine Learning Engineer (ASR) - Voice Experience,Cresta,Global / Remoto,Remoto,No especificado,No especificado,,,,PyTorch,https://torre.ai/jobs/cresta-senior-machine-learning-engineer-asr-voice-experience
Torre.ai,Mercado Internacional (Remoto - USD),CAD,VdLOxJ5w,Senior Machine Learning Engineer (ASR) - Voice Experience,Cresta,Global / Remoto,Remoto,No especificado,No especificado,,,,ETL / Pipelines de Datos,https://torre.ai/jobs/cresta-senior-machine-learning-engineer-asr-voice-experience
Torre.ai,Mercado Internacional (Remoto - USD),CAD,lr418D3W,Senior Machine Learning Engineer,Solidgate,Ukraine,Remoto,No especificado,No especificado,,,,Python,https://torre.ai/jobs/solidgate-senior-machine-learning-engineer
Torre.ai,Mercado Internacional (Remoto - USD),CAD,lr418D3W,Senior Machine Learning Engineer,Solidgate,Ukraine,Remoto,No especificado,No especificado,,,,Machine Learning General,https://torre.ai/jobs/solidgate-senior-machine-learning-engineer
Torre.ai,Mercado Internacional (Remoto - USD),CAD,VdLOPLBw,Head of Machine Learning,Solidgate,Ukraine,Remoto,No especificado,No especificado,,,,Machine Learning General,https://torre.ai/jobs/solidgate-head-of-machine-learning
Torre.ai,Mercado Internacional (Remoto - USD),CAD,VdLOPLBw,Head of Machine Learning,Solidgate,Ukraine,Remoto,No especificado,No especificado,,,,MLOps,https://torre.ai/jobs/solidgate-head-of-machine-learning
Torre.ai,Mercado Internacional (Remoto - USD),CAD,Yd6pl4OW,"Senior Technical Program Manager, Machine Learning Infrastructure",Cohere,Canada,Remoto,No especificado,No especificado,,,,Machine Learning General,https://torre.ai/jobs/cohere-senior-technical-program-manager-machine-learning-infrastructure
Torre.ai,Mercado Internacional (Remoto - USD),CAD,lr4p0ZLr,Machine Learning Intern/Co-Op (Winter 2027),Cohere,"Canada, United States",Remoto,No especificado,No especificado,,,,Python,https://torre.ai/jobs/cohere-machine-learning-internco-op-winter-2027
Torre.ai,Mercado Internacional (Remoto - USD),CAD,lr4p0ZLr,Machine Learning Intern/Co-Op (Winter 2027),Cohere,"Canada, United States",Remoto,No especificado,No especificado,,,,Machine Learning General,https://torre.ai/jobs/cohere-machine-learning-internco-op-winter-2027
Torre.ai,Mercado Internacional (Remoto - USD),CAD,lr4p0ZLr,Machine Learning Intern/Co-Op (Winter 2027),Cohere,"Canada, United States",Remoto,No especificado,No especificado,,,,TensorFlow / Keras,https://torre.ai/jobs/cohere-machine-learning-internco-op-winter-2027
Torre.ai,Mercado Internacional (Remoto - USD),CAD,2W1pN3nr,"Data Annotation Specialist, Data Science",Cohere,Canada,Remoto,No especificado,No especificado,,18560000.0,18.56,Python,https://torre.ai/jobs/cohere-data-annotation-specialist-data-science
Torre.ai,Mercado Internacional (Remoto - USD),CAD,2W1pN3nr,"Data Annotation Specialist, Data Science",Cohere,Canada,Remoto,No especificado,No especificado,,18560000.0,18.56,SQL,https://torre.ai/jobs/cohere-data-annotation-specialist-data-science
Torre.ai,Mercado Internacional (Remoto - USD),CAD,arQjp34W,"Staff Machine Learning Engineer, Gen AI | Voice & Speech",Weave,United States,Remoto,No especificado,No especificado,,,,SQL,https://torre.ai/jobs/weave-staff-machine-learning-engineer-gen-ai-voice-speech
Torre.ai,Mercado Internacional (Remoto - USD),CAD,arQjp34W,"Staff Machine Learning Engineer, Gen AI | Voice & Speech",Weave,United States,Remoto,No especificado,No especificado,,,,AWS,https://torre.ai/jobs/weave-staff-machine-learning-engineer-gen-ai-voice-speech
Torre.ai,Mercado Internacional (Remoto - USD),CAD,arQjp34W,"Staff Machine Learning Engineer, Gen AI | Voice & Speech",Weave,United States,Remoto,No especificado,No especificado,,,,Google Cloud (GCP),https://torre.ai/jobs/weave-staff-machine-learning-engineer-gen-ai-voice-speech
Torre.ai,Mercado Internacional (Remoto - USD),CAD,arQjp34W,"Staff Machine Learning Engineer, Gen AI | Voice & Speech",Weave,United States,Remoto,No especificado,No especificado,,,,Machine Learning General,https://torre.ai/jobs/weave-staff-machine-learning-engineer-gen-ai-voice-speech
Torre.ai,Mercado Internacional (Remoto - USD),CAD,arQjp34W,"Staff Machine Learning Engineer, Gen AI | Voice & Speech",Weave,United States,Remoto,No especificado,No especificado,,,,NLP / LLMs,https://torre.ai/jobs/weave-staff-machine-learning-engineer-gen-ai-voice-speech
Torre.ai,Mercado Internacional (Remoto - USD),CAD,arQjp34W,"Staff Machine Learning Engineer, Gen AI | Voice & Speech",Weave,United States,Remoto,No especificado,No especificado,,,,Docker / Kubernetes,https://torre.ai/jobs/weave-staff-machine-learning-engineer-gen-ai-voice-speech
Torre.ai,Mercado Internacional (Remoto - USD),CAD,arQjp34W,"Staff Machine Learning Engineer, Gen AI | Voice & Speech",Weave,United States,Remoto,No especificado,No especificado,,,,Bases de Datos NoSQL,https://torre.ai/jobs/weave-staff-machine-learning-engineer-gen-ai-voice-speech
Torre.ai,Mercado Internacional (Remoto - USD),CAD,arQjp34W,"Staff Machine Learning Engineer, Gen AI | Voice & Speech",Weave,United States,Remoto,No especificado,No especificado,,,,MLOps,https://torre.ai/jobs/weave-staff-machine-learning-engineer-gen-ai-voice-speech
Torre.ai,Mercado Internacional (Remoto - USD),CAD,qdP9DRbr,Senior Machine Learning Engineer (Remote - LATAM Based),Arionkoder,"Colombia, Argentina",Remoto,No especificado,No especificado,,,,Python,https://torre.ai/jobs/arionkoder-sr-machine-learning-engineer-remote-latam-based
Torre.ai,Mercado Internacional (Remoto - USD),CAD,qdP9DRbr,Senior Machine Learning Engineer (Remote - LATAM Based),Arionkoder,"Colombia, Argentina",Remoto,No especificado,No especificado,,,,AWS,https://torre.ai/jobs/arionkoder-sr-machine-learning-engineer-remote-latam-based
Torre.ai,Mercado Internacional (Remoto - USD),CAD,qdP9DRbr,Senior Machine Learning Engineer (Remote - LATAM Based),Arionkoder,"Colombia, Argentina",Remoto,No especificado,No especificado,,,,Machine Learning General,https://torre.ai/jobs/arionkoder-sr-machine-learning-engineer-remote-latam-based
Torre.ai,Mercado Internacional (Remoto - USD),CAD,qdP9DRbr,Senior Machine Learning Engineer (Remote - LATAM Based),Arionkoder,"Colombia, Argentina",Remoto,No especificado,No especificado,,,,Deep Learning,https://torre.ai/jobs/arionkoder-sr-machine-learning-engineer-remote-latam-based
Torre.ai,Mercado Internacional (Remoto - USD),CAD,qdP9DRbr,Senior Machine Learning Engineer (Remote - LATAM Based),Arionkoder,"Colombia, Argentina",Remoto,No especificado,No especificado,,,,Computer Vision,https://torre.ai/jobs/arionkoder-sr-machine-learning-engineer-remote-latam-based
Torre.ai,Mercado Internacional (Remoto - USD),CAD,qdP9DRbr,Senior Machine Learning Engineer (Remote - LATAM Based),Arionkoder,"Colombia, Argentina",Remoto,No especificado,No especificado,,,,Git / Control de Versiones,https://torre.ai/jobs/arionkoder-sr-machine-learning-engineer-remote-latam-based
Torre.ai,Mercado Internacional (Remoto - USD),CAD,qdP9DRbr,Senior Machine Learning Engineer (Remote - LATAM Based),Arionkoder,"Colombia, Argentina",Remoto,No especificado,No especificado,,,,MLOps,https://torre.ai/jobs/arionkoder-sr-machine-learning-engineer-remote-latam-based
Torre.ai,Mercado Internacional (Remoto - USD),USD,ed8pp3ed,"Research Staff, Data Science",Deepgram,United States,Remoto,No especificado,No especificado,,61666666.666666664,61.666666666666664,Python,https://torre.ai/jobs/deepgram-research-staff-data-science-1
Torre.ai,Mercado Internacional (Remoto - USD),USD,ed8pp3ed,"Research Staff, Data Science",Deepgram,United States,Remoto,No especificado,No especificado,,61666666.666666664,61.666666666666664,Deep Learning,https://torre.ai/jobs/deepgram-research-staff-data-science-1
Torre.ai,Mercado Internacional (Remoto - USD),USD,ed8pp3ed,"Research Staff, Data Science",Deepgram,United States,Remoto,No especificado,No especificado,,61666666.666666664,61.666666666666664,PyTorch,https://torre.ai/jobs/deepgram-research-staff-data-science-1
Torre.ai,Mercado Internacional (Remoto - USD),USD,NrJOOxYW,"Director, Client Data Science",Foodsmart,United States,Remoto,No especificado,No especificado,,68333333.33333333,68.33333333333333,Python,https://torre.ai/jobs/foodsmart-director-client-data-science
Torre.ai,Mercado Internacional (Remoto - USD),USD,NrJOOxYW,"Director, Client Data Science",Foodsmart,United States,Remoto,No especificado,No especificado,,68333333.33333333,68.33333333333333,SQL,https://torre.ai/jobs/foodsmart-director-client-data-science
Torre.ai,Mercado Internacional (Remoto - USD),USD,NrJOOxYW,"Director, Client Data Science",Foodsmart,United States,Remoto,No especificado,No especificado,,68333333.33333333,68.33333333333333,ETL / Pipelines de Datos,https://torre.ai/jobs/foodsmart-director-client-data-science
Torre.ai,Mercado Internacional (Remoto - USD),CAD,VWMqMEBW,Machine Learning Engineer (Remote),StackAdapt,United Kingdom,Remoto,No especificado,No especificado,,,,Python,https://torre.ai/jobs/stackadapt-machine-learning-engineer-remote
Torre.ai,Mercado Internacional (Remoto - USD),CAD,VWMqMEBW,Machine Learning Engineer (Remote),StackAdapt,United Kingdom,Remoto,No especificado,No especificado,,,,Machine Learning General,https://torre.ai/jobs/stackadapt-machine-learning-engineer-remote
Torre.ai,Mercado Internacional (Remoto - USD),CAD,VWMqMEBW,Machine Learning Engineer (Remote),StackAdapt,United Kingdom,Remoto,No especificado,No especificado,,,,ETL / Pipelines de Datos,https://torre.ai/jobs/stackadapt-machine-learning-engineer-remote
Torre.ai,Mercado Internacional (Remoto - USD),USD,JWO8VZ6w,Machine Learning Engineer,AI Talent Hunt,"Canadá, USA",Remoto,No especificado,No especificado,,65833333.33333333,65.83333333333333,Python,https://torre.ai/jobs/ai-talent-hunt-machine-learning-engineer
Torre.ai,Mercado Internacional (Remoto - USD),USD,JWO8VZ6w,Machine Learning Engineer,AI Talent Hunt,"Canadá, USA",Remoto,No especificado,No especificado,,65833333.33333333,65.83333333333333,SQL,https://torre.ai/jobs/ai-talent-hunt-machine-learning-engineer
Torre.ai,Mercado Internacional (Remoto - USD),USD,JWO8VZ6w,Machine Learning Engineer,AI Talent Hunt,"Canadá, USA",Remoto,No especificado,No especificado,,65833333.33333333,65.83333333333333,Machine Learning General,https://torre.ai/jobs/ai-talent-hunt-machine-learning-engineer
Torre.ai,Mercado Internacional (Remoto - USD),USD,JWO8VZ6w,Machine Learning Engineer,AI Talent Hunt,"Canadá, USA",Remoto,No especificado,No especificado,,65833333.33333333,65.83333333333333,ETL / Pipelines de Datos,https://torre.ai/jobs/ai-talent-hunt-machine-learning-engineer
Torre.ai,Mercado Internacional (Remoto - USD),USD,JWO8VZ6w,Machine Learning Engineer,AI Talent Hunt,"Canadá, USA",Remoto,No especificado,No especificado,,65833333.33333333,65.83333333333333,MLOps,https://torre.ai/jobs/ai-talent-hunt-machine-learning-engineer
Torre.ai,Mercado Internacional (Remoto - USD),CAD,Qwe1BDYw,Staff Machine Learning Engineer,SurveyMonkey,Italy,Remoto,No especificado,No especificado,,,,Kafka,https://torre.ai/jobs/surveymonkey-staff-machine-learning-engineer
Torre.ai,Mercado Internacional (Remoto - USD),CAD,Qwe1BDYw,Staff Machine Learning Engineer,SurveyMonkey,Italy,Remoto,No especificado,No especificado,,,,AWS,https://torre.ai/jobs/surveymonkey-staff-machine-learning-engineer
Torre.ai,Mercado Internacional (Remoto - USD),CAD,Qwe1BDYw,Staff Machine Learning Engineer,SurveyMonkey,Italy,Remoto,No especificado,No especificado,,,,Machine Learning General,https://torre.ai/jobs/surveymonkey-staff-machine-learning-engineer
Torre.ai,Mercado Internacional (Remoto - USD),CAD,Qwe1BDYw,Staff Machine Learning Engineer,SurveyMonkey,Italy,Remoto,No especificado,No especificado,,,,NLP / LLMs,https://torre.ai/jobs/surveymonkey-staff-machine-learning-engineer
Torre.ai,Mercado Internacional (Remoto - USD),CAD,Qwe1BDYw,Staff Machine Learning Engineer,SurveyMonkey,Italy,Remoto,No especificado,No especificado,,,,Docker / Kubernetes,https://torre.ai/jobs/surveymonkey-staff-machine-learning-engineer
Torre.ai,Mercado Internacional (Remoto - USD),USD,kWRgx57w,"Staff, Analytics Engineer, GTM Data Science & Analytics",Twilio,United States,Remoto,No especificado,No especificado,,58320000.0,58.32,SQL,https://torre.ai/jobs/twilio-staff-analytics-engineer-gtm-data-science-analytics
Torre.ai,Mercado Internacional (Remoto - USD),USD,kWRgx57w,"Staff, Analytics Engineer, GTM Data Science & Analytics",Twilio,United States,Remoto,No especificado,No especificado,,58320000.0,58.32,ETL / Pipelines de Datos,https://torre.ai/jobs/twilio-staff-analytics-engineer-gtm-data-science-analytics
Torre.ai,Mercado Internacional (Remoto - USD),USD,ZWXzxx1d,"Research Engineer, Machine Learning Systems",Deepgram,United States,Remoto,No especificado,No especificado,,66666666.66666667,66.66666666666667,Machine Learning General,https://torre.ai/jobs/deepgram-research-engineer-machine-learning-systems
Torre.ai,Mercado Internacional (Remoto - USD),USD,ZWXzxx1d,"Research Engineer, Machine Learning Systems",Deepgram,United States,Remoto,No especificado,No especificado,,66666666.66666667,66.66666666666667,Docker / Kubernetes,https://torre.ai/jobs/deepgram-research-engineer-machine-learning-systems
Torre.ai,Mercado Internacional (Remoto - USD),USD,ZWXzxx1d,"Research Engineer, Machine Learning Systems",Deepgram,United States,Remoto,No especificado,No especificado,,66666666.66666667,66.66666666666667,MLOps,https://torre.ai/jobs/deepgram-research-engineer-machine-learning-systems
Torre.ai,Mercado Internacional (Remoto - USD),CAD,lWgD7ayw,AI / Machine Learning Engineer,DevUps,Global / Remoto,Remoto,No especificado,No especificado,,,,Python,https://torre.ai/jobs/devups-ai-machine-learning-engineer
Torre.ai,Mercado Internacional (Remoto - USD),CAD,lWgD7ayw,AI / Machine Learning Engineer,DevUps,Global / Remoto,Remoto,No especificado,No especificado,,,,SQL,https://torre.ai/jobs/devups-ai-machine-learning-engineer
Torre.ai,Mercado Internacional (Remoto - USD),CAD,lWgD7ayw,AI / Machine Learning Engineer,DevUps,Global / Remoto,Remoto,No especificado,No especificado,,,,Spark / PySpark,https://torre.ai/jobs/devups-ai-machine-learning-engineer
Torre.ai,Mercado Internacional (Remoto - USD),CAD,lWgD7ayw,AI / Machine Learning Engineer,DevUps,Global / Remoto,Remoto,No especificado,No especificado,,,,Azure,https://torre.ai/jobs/devups-ai-machine-learning-engineer
Torre.ai,Mercado Internacional (Remoto - USD),CAD,lWgD7ayw,AI / Machine Learning Engineer,DevUps,Global / Remoto,Remoto,No especificado,No especificado,,,,Google Cloud (GCP),https://torre.ai/jobs/devups-ai-machine-learning-engineer
Torre.ai,Mercado Internacional (Remoto - USD),CAD,lWgD7ayw,AI / Machine Learning Engineer,DevUps,Global / Remoto,Remoto,No especificado,No especificado,,,,Machine Learning General,https://torre.ai/jobs/devups-ai-machine-learning-engineer
Torre.ai,Mercado Internacional (Remoto - USD),CAD,lWgD7ayw,AI / Machine Learning Engineer,DevUps,Global / Remoto,Remoto,No especificado,No especificado,,,,TensorFlow / Keras,https://torre.ai/jobs/devups-ai-machine-learning-engineer
Torre.ai,Mercado Internacional (Remoto - USD),CAD,lWgD7ayw,AI / Machine Learning Engineer,DevUps,Global / Remoto,Remoto,No especificado,No especificado,,,,PyTorch,https://torre.ai/jobs/devups-ai-machine-learning-engineer
Torre.ai,Mercado Internacional (Remoto - USD),CAD,lWgD7ayw,AI / Machine Learning Engineer,DevUps,Global / Remoto,Remoto,No especificado,No especificado,,,,ETL / Pipelines de Datos,https://torre.ai/jobs/devups-ai-machine-learning-engineer
Torre.ai,Mercado Internacional (Remoto - USD),CAD,lWgD7ayw,AI / Machine Learning Engineer,DevUps,Global / Remoto,Remoto,No especificado,No especificado,,,,Docker / Kubernetes,https://torre.ai/jobs/devups-ai-machine-learning-engineer
Torre.ai,Mercado Internacional (Remoto - USD),CAD,lWgD7ayw,AI / Machine Learning Engineer,DevUps,Global / Remoto,Remoto,No especificado,No especificado,,,,MLOps,https://torre.ai/jobs/devups-ai-machine-learning-engineer
Torre.ai,Mercado Internacional (Remoto - USD),CAD,ZW57GXpd,Machine Learning Engineer (GCP Certified),DevUps,Global / Remoto,Remoto,No especificado,No especificado,,,,Python,https://torre.ai/jobs/devups-machine-learning-engineer-gcp-certified
Torre.ai,Mercado Internacional (Remoto - USD),CAD,ZW57GXpd,Machine Learning Engineer (GCP Certified),DevUps,Global / Remoto,Remoto,No especificado,No especificado,,,,SQL,https://torre.ai/jobs/devups-machine-learning-engineer-gcp-certified
Torre.ai,Mercado Internacional (Remoto - USD),CAD,ZW57GXpd,Machine Learning Engineer (GCP Certified),DevUps,Global / Remoto,Remoto,No especificado,No especificado,,,,Google Cloud (GCP),https://torre.ai/jobs/devups-machine-learning-engineer-gcp-certified
Torre.ai,Mercado Internacional (Remoto - USD),CAD,ZW57GXpd,Machine Learning Engineer (GCP Certified),DevUps,Global / Remoto,Remoto,No especificado,No especificado,,,,Machine Learning General,https://torre.ai/jobs/devups-machine-learning-engineer-gcp-certified
Torre.ai,Mercado Internacional (Remoto - USD),CAD,ZW57GXpd,Machine Learning Engineer (GCP Certified),DevUps,Global / Remoto,Remoto,No especificado,No especificado,,,,NLP / LLMs,https://torre.ai/jobs/devups-machine-learning-engineer-gcp-certified
Torre.ai,Mercado Internacional (Remoto - USD),CAD,ZW57GXpd,Machine Learning Engineer (GCP Certified),DevUps,Global / Remoto,Remoto,No especificado,No especificado,,,,Computer Vision,https://torre.ai/jobs/devups-machine-learning-engineer-gcp-certified
Torre.ai,Mercado Internacional (Remoto - USD),CAD,ZW57GXpd,Machine Learning Engineer (GCP Certified),DevUps,Global / Remoto,Remoto,No especificado,No especificado,,,,Scikit-Learn,https://torre.ai/jobs/devups-machine-learning-engineer-gcp-certified
Torre.ai,Mercado Internacional (Remoto - USD),CAD,ZW57GXpd,Machine Learning Engineer (GCP Certified),DevUps,Global / Remoto,Remoto,No especificado,No especificado,,,,TensorFlow / Keras,https://torre.ai/jobs/devups-machine-learning-engineer-gcp-certified
Torre.ai,Mercado Internacional (Remoto - USD),CAD,ZW57GXpd,Machine Learning Engineer (GCP Certified),DevUps,Global / Remoto,Remoto,No especificado,No especificado,,,,PyTorch,https://torre.ai/jobs/devups-machine-learning-engineer-gcp-certified
Torre.ai,Mercado Internacional (Remoto - USD),CAD,ZW57GXpd,Machine Learning Engineer (GCP Certified),DevUps,Global / Remoto,Remoto,No especificado,No especificado,,,,ETL / Pipelines de Datos,https://torre.ai/jobs/devups-machine-learning-engineer-gcp-certified
Torre.ai,Mercado Internacional (Remoto - USD),CAD,ZW57GXpd,Machine Learning Engineer (GCP Certified),DevUps,Global / Remoto,Remoto,No especificado,No especificado,,,,Docker / Kubernetes,https://torre.ai/jobs/devups-machine-learning-engineer-gcp-certified
Torre.ai,Mercado Internacional (Remoto - USD),CAD,ZW57GXpd,Machine Learning Engineer (GCP Certified),DevUps,Global / Remoto,Remoto,No especificado,No especificado,,,,Bases de Datos NoSQL,https://torre.ai/jobs/devups-machine-learning-engineer-gcp-certified
Torre.ai,Mercado Internacional (Remoto - USD),CAD,ZW57GXpd,Machine Learning Engineer (GCP Certified),DevUps,Global / Remoto,Remoto,No especificado,No especificado,,,,MLOps,https://torre.ai/jobs/devups-machine-learning-engineer-gcp-certified
Torre.ai,Mercado Internacional (Remoto - USD),CAD,OwGo7A6w,"Senior Machine Learning Engineer, Ads",Quora,Global / Remoto,Remoto,No especificado,No especificado,,,,Python,https://torre.ai/jobs/quora-senior-machine-learning-engineer-ads
Torre.ai,Mercado Internacional (Remoto - USD),CAD,OwGo7A6w,"Senior Machine Learning Engineer, Ads",Quora,Global / Remoto,Remoto,No especificado,No especificado,,,,Machine Learning General,https://torre.ai/jobs/quora-senior-machine-learning-engineer-ads
Torre.ai,Mercado Internacional (Remoto - USD),CAD,OwGo7A6w,"Senior Machine Learning Engineer, Ads",Quora,Global / Remoto,Remoto,No especificado,No especificado,,,,TensorFlow / Keras,https://torre.ai/jobs/quora-senior-machine-learning-engineer-ads
Torre.ai,Mercado Internacional (Remoto - USD),CAD,OwGo7A6w,"Senior Machine Learning Engineer, Ads",Quora,Global / Remoto,Remoto,No especificado,No especificado,,,,PyTorch,https://torre.ai/jobs/quora-senior-machine-learning-engineer-ads
Torre.ai,Mercado Internacional (Remoto - USD),CAD,KWN18x8r,Senior Data Science Evaluation Specialist (5+ Yrs Exp),Mercor,Global / Remoto,Remoto,No especificado,No especificado,,,,Python,https://torre.ai/jobs/mercor-senior-data-science-evaluation-specialist-5-yrs-exp
Torre.ai,Mercado Internacional (Remoto - USD),CAD,KWN18x8r,Senior Data Science Evaluation Specialist (5+ Yrs Exp),Mercor,Global / Remoto,Remoto,No especificado,No especificado,,,,SQL,https://torre.ai/jobs/mercor-senior-data-science-evaluation-specialist-5-yrs-exp
Torre.ai,Mercado Internacional (Remoto - USD),CAD,qdPDK3Ad,"Staff Machine Learning Research Scientist (NLP, Clinical AI)",Rad AI,United States,Remoto,No especificado,No especificado,,,,Machine Learning General,https://torre.ai/jobs/rad-ai-staff-machine-learning-research-scientist-nlp-clinical-ai
Torre.ai,Mercado Internacional (Remoto - USD),CAD,qdPDK3Ad,"Staff Machine Learning Research Scientist (NLP, Clinical AI)",Rad AI,United States,Remoto,No especificado,No especificado,,,,NLP / LLMs,https://torre.ai/jobs/rad-ai-staff-machine-learning-research-scientist-nlp-clinical-ai
Torre.ai,Mercado Internacional (Remoto - USD),CAD,qdPDK3Ad,"Staff Machine Learning Research Scientist (NLP, Clinical AI)",Rad AI,United States,Remoto,No especificado,No especificado,,,,Computer Vision,https://torre.ai/jobs/rad-ai-staff-machine-learning-research-scientist-nlp-clinical-ai
Torre.ai,Mercado Internacional (Remoto - USD),CAD,qdPDK3Ad,"Staff Machine Learning Research Scientist (NLP, Clinical AI)",Rad AI,United States,Remoto,No especificado,No especificado,,,,PyTorch,https://torre.ai/jobs/rad-ai-staff-machine-learning-research-scientist-nlp-clinical-ai
Torre.ai,Mercado Internacional (Remoto - USD),CAD,VdLOxJ5w,Senior Machine Learning Engineer (ASR) - Voice Experience,Cresta,Global / Remoto,Remoto,No especificado,No especificado,,,,Machine Learning General,https://torre.ai/jobs/cresta-senior-machine-learning-engineer-asr-voice-experience
Torre.ai,Mercado Internacional (Remoto - USD),CAD,VdLOxJ5w,Senior Machine Learning Engineer (ASR) - Voice Experience,Cresta,Global / Remoto,Remoto,No especificado,No especificado,,,,NLP / LLMs,https://torre.ai/jobs/cresta-senior-machine-learning-engineer-asr-voice-experience
Torre.ai,Mercado Internacional (Remoto - USD),CAD,VdLOxJ5w,Senior Machine Learning Engineer (ASR) - Voice Experience,Cresta,Global / Remoto,Remoto,No especificado,No especificado,,,,TensorFlow / Keras,https://torre.ai/jobs/cresta-senior-machine-learning-engineer-asr-voice-experience
Torre.ai,Mercado Internacional (Remoto - USD),CAD,VdLOxJ5w,Senior Machine Learning Engineer (ASR) - Voice Experience,Cresta,Global / Remoto,Remoto,No especificado,No especificado,,,,PyTorch,https://torre.ai/jobs/cresta-senior-machine-learning-engineer-asr-voice-experience
Torre.ai,Mercado Internacional (Remoto - USD),CAD,VdLOxJ5w,Senior Machine Learning Engineer (ASR) - Voice Experience,Cresta,Global / Remoto,Remoto,No especificado,No especificado,,,,ETL / Pipelines de Datos,https://torre.ai/jobs/cresta-senior-machine-learning-engineer-asr-voice-experience
Torre.ai,Mercado Internacional (Remoto - USD),CAD,lr418D3W,Senior Machine Learning Engineer,Solidgate,Ukraine,Remoto,No especificado,No especificado,,,,Python,https://torre.ai/jobs/solidgate-senior-machine-learning-engineer
Torre.ai,Mercado Internacional (Remoto - USD),CAD,lr418D3W,Senior Machine Learning Engineer,Solidgate,Ukraine,Remoto,No especificado,No especificado,,,,Machine Learning General,https://torre.ai/jobs/solidgate-senior-machine-learning-engineer
Torre.ai,Mercado Internacional (Remoto - USD),CAD,VdLOPLBw,Head of Machine Learning,Solidgate,Ukraine,Remoto,No especificado,No especificado,,,,Machine Learning General,https://torre.ai/jobs/solidgate-head-of-machine-learning
Torre.ai,Mercado Internacional (Remoto - USD),CAD,VdLOPLBw,Head of Machine Learning,Solidgate,Ukraine,Remoto,No especificado,No especificado,,,,MLOps,https://torre.ai/jobs/solidgate-head-of-machine-learning
Torre.ai,Mercado Internacional (Remoto - USD),CAD,Yd6pl4OW,"Senior Technical Program Manager, Machine Learning Infrastructure",Cohere,Canada,Remoto,No especificado,No especificado,,,,Machine Learning General,https://torre.ai/jobs/cohere-senior-technical-program-manager-machine-learning-infrastructure
Torre.ai,Mercado Internacional (Remoto - USD),CAD,lr4p0ZLr,Machine Learning Intern/Co-Op (Winter 2027),Cohere,"Canada, United States",Remoto,No especificado,No especificado,,,,Python,https://torre.ai/jobs/cohere-machine-learning-internco-op-winter-2027
Torre.ai,Mercado Internacional (Remoto - USD),CAD,lr4p0ZLr,Machine Learning Intern/Co-Op (Winter 2027),Cohere,"Canada, United States",Remoto,No especificado,No especificado,,,,Machine Learning General,https://torre.ai/jobs/cohere-machine-learning-internco-op-winter-2027
Torre.ai,Mercado Internacional (Remoto - USD),CAD,lr4p0ZLr,Machine Learning Intern/Co-Op (Winter 2027),Cohere,"Canada, United States",Remoto,No especificado,No especificado,,,,TensorFlow / Keras,https://torre.ai/jobs/cohere-machine-learning-internco-op-winter-2027
Torre.ai,Mercado Internacional (Remoto - USD),CAD,2W1pN3nr,"Data Annotation Specialist, Data Science",Cohere,Canada,Remoto,No especificado,No especificado,,18560000.0,18.56,Python,https://torre.ai/jobs/cohere-data-annotation-specialist-data-science
Torre.ai,Mercado Internacional (Remoto - USD),CAD,2W1pN3nr,"Data Annotation Specialist, Data Science",Cohere,Canada,Remoto,No especificado,No especificado,,18560000.0,18.56,SQL,https://torre.ai/jobs/cohere-data-annotation-specialist-data-science
Torre.ai,Mercado Internacional (Remoto - USD),CAD,arQjp34W,"Staff Machine Learning Engineer, Gen AI | Voice & Speech",Weave,United States,Remoto,No especificado,No especificado,,,,SQL,https://torre.ai/jobs/weave-staff-machine-learning-engineer-gen-ai-voice-speech
Torre.ai,Mercado Internacional (Remoto - USD),CAD,arQjp34W,"Staff Machine Learning Engineer, Gen AI | Voice & Speech",Weave,United States,Remoto,No especificado,No especificado,,,,AWS,https://torre.ai/jobs/weave-staff-machine-learning-engineer-gen-ai-voice-speech
Torre.ai,Mercado Internacional (Remoto - USD),CAD,arQjp34W,"Staff Machine Learning Engineer, Gen AI | Voice & Speech",Weave,United States,Remoto,No especificado,No especificado,,,,Google Cloud (GCP),https://torre.ai/jobs/weave-staff-machine-learning-engineer-gen-ai-voice-speech
Torre.ai,Mercado Internacional (Remoto - USD),CAD,arQjp34W,"Staff Machine Learning Engineer, Gen AI | Voice & Speech",Weave,United States,Remoto,No especificado,No especificado,,,,Machine Learning General,https://torre.ai/jobs/weave-staff-machine-learning-engineer-gen-ai-voice-speech
Torre.ai,Mercado Internacional (Remoto - USD),CAD,arQjp34W,"Staff Machine Learning Engineer, Gen AI | Voice & Speech",Weave,United States,Remoto,No especificado,No especificado,,,,NLP / LLMs,https://torre.ai/jobs/weave-staff-machine-learning-engineer-gen-ai-voice-speech
Torre.ai,Mercado Internacional (Remoto - USD),CAD,arQjp34W,"Staff Machine Learning Engineer, Gen AI | Voice & Speech",Weave,United States,Remoto,No especificado,No especificado,,,,Docker / Kubernetes,https://torre.ai/jobs/weave-staff-machine-learning-engineer-gen-ai-voice-speech
Torre.ai,Mercado Internacional (Remoto - USD),CAD,arQjp34W,"Staff Machine Learning Engineer, Gen AI | Voice & Speech",Weave,United States,Remoto,No especificado,No especificado,,,,Bases de Datos NoSQL,https://torre.ai/jobs/weave-staff-machine-learning-engineer-gen-ai-voice-speech
Torre.ai,Mercado Internacional (Remoto - USD),CAD,arQjp34W,"Staff Machine Learning Engineer, Gen AI | Voice & Speech",Weave,United States,Remoto,No especificado,No especificado,,,,MLOps,https://torre.ai/jobs/weave-staff-machine-learning-engineer-gen-ai-voice-speech
Torre.ai,Mercado Internacional (Remoto - USD),CAD,qdP9DRbr,Senior Machine Learning Engineer (Remote - LATAM Based),Arionkoder,"Colombia, Argentina",Remoto,No especificado,No especificado,,,,Python,https://torre.ai/jobs/arionkoder-sr-machine-learning-engineer-remote-latam-based
Torre.ai,Mercado Internacional (Remoto - USD),CAD,qdP9DRbr,Senior Machine Learning Engineer (Remote - LATAM Based),Arionkoder,"Colombia, Argentina",Remoto,No especificado,No especificado,,,,AWS,https://torre.ai/jobs/arionkoder-sr-machine-learning-engineer-remote-latam-based
Torre.ai,Mercado Internacional (Remoto - USD),CAD,qdP9DRbr,Senior Machine Learning Engineer (Remote - LATAM Based),Arionkoder,"Colombia, Argentina",Remoto,No especificado,No especificado,,,,Machine Learning General,https://torre.ai/jobs/arionkoder-sr-machine-learning-engineer-remote-latam-based
Torre.ai,Mercado Internacional (Remoto - USD),CAD,qdP9DRbr,Senior Machine Learning Engineer (Remote - LATAM Based),Arionkoder,"Colombia, Argentina",Remoto,No especificado,No especificado,,,,Deep Learning,https://torre.ai/jobs/arionkoder-sr-machine-learning-engineer-remote-latam-based
Torre.ai,Mercado Internacional (Remoto - USD),CAD,qdP9DRbr,Senior Machine Learning Engineer (Remote - LATAM Based),Arionkoder,"Colombia, Argentina",Remoto,No especificado,No especificado,,,,Computer Vision,https://torre.ai/jobs/arionkoder-sr-machine-learning-engineer-remote-latam-based
Torre.ai,Mercado Internacional (Remoto - USD),CAD,qdP9DRbr,Senior Machine Learning Engineer (Remote - LATAM Based),Arionkoder,"Colombia, Argentina",Remoto,No especificado,No especificado,,,,Git / Control de Versiones,https://torre.ai/jobs/arionkoder-sr-machine-learning-engineer-remote-latam-based
Torre.ai,Mercado Internacional (Remoto - USD),CAD,qdP9DRbr,Senior Machine Learning Engineer (Remote - LATAM Based),Arionkoder,"Colombia, Argentina",Remoto,No especificado,No especificado,,,,MLOps,https://torre.ai/jobs/arionkoder-sr-machine-learning-engineer-remote-latam-based
Torre.ai,Mercado Internacional (Remoto - USD),USD,ed8pp3ed,"Research Staff, Data Science",Deepgram,United States,Remoto,No especificado,No especificado,,61666666.666666664,61.666666666666664,Python,https://torre.ai/jobs/deepgram-research-staff-data-science-1
Torre.ai,Mercado Internacional (Remoto - USD),USD,ed8pp3ed,"Research Staff, Data Science",Deepgram,United States,Remoto,No especificado,No especificado,,61666666.666666664,61.666666666666664,Deep Learning,https://torre.ai/jobs/deepgram-research-staff-data-science-1
Torre.ai,Mercado Internacional (Remoto - USD),USD,ed8pp3ed,"Research Staff, Data Science",Deepgram,United States,Remoto,No especificado,No especificado,,61666666.666666664,61.666666666666664,PyTorch,https://torre.ai/jobs/deepgram-research-staff-data-science-1
Torre.ai,Mercado Internacional (Remoto - USD),USD,NrJOOxYW,"Director, Client Data Science",Foodsmart,United States,Remoto,No especificado,No especificado,,68333333.33333333,68.33333333333333,Python,https://torre.ai/jobs/foodsmart-director-client-data-science
Torre.ai,Mercado Internacional (Remoto - USD),USD,NrJOOxYW,"Director, Client Data Science",Foodsmart,United States,Remoto,No especificado,No especificado,,68333333.33333333,68.33333333333333,SQL,https://torre.ai/jobs/foodsmart-director-client-data-science
Torre.ai,Mercado Internacional (Remoto - USD),USD,NrJOOxYW,"Director, Client Data Science",Foodsmart,United States,Remoto,No especificado,No especificado,,68333333.33333333,68.33333333333333,ETL / Pipelines de Datos,https://torre.ai/jobs/foodsmart-director-client-data-science
Torre.ai,Mercado Internacional (Remoto - USD),CAD,VWMqMEBW,Machine Learning Engineer (Remote),StackAdapt,United Kingdom,Remoto,No especificado,No especificado,,,,Python,https://torre.ai/jobs/stackadapt-machine-learning-engineer-remote
Torre.ai,Mercado Internacional (Remoto - USD),CAD,VWMqMEBW,Machine Learning Engineer (Remote),StackAdapt,United Kingdom,Remoto,No especificado,No especificado,,,,Machine Learning General,https://torre.ai/jobs/stackadapt-machine-learning-engineer-remote
Torre.ai,Mercado Internacional (Remoto - USD),CAD,VWMqMEBW,Machine Learning Engineer (Remote),StackAdapt,United Kingdom,Remoto,No especificado,No especificado,,,,ETL / Pipelines de Datos,https://torre.ai/jobs/stackadapt-machine-learning-engineer-remote
Torre.ai,Mercado Internacional (Remoto - USD),USD,JWO8VZ6w,Machine Learning Engineer,AI Talent Hunt,"Canadá, USA",Remoto,No especificado,No especificado,,65833333.33333333,65.83333333333333,Python,https://torre.ai/jobs/ai-talent-hunt-machine-learning-engineer
Torre.ai,Mercado Internacional (Remoto - USD),USD,JWO8VZ6w,Machine Learning Engineer,AI Talent Hunt,"Canadá, USA",Remoto,No especificado,No especificado,,65833333.33333333,65.83333333333333,SQL,https://torre.ai/jobs/ai-talent-hunt-machine-learning-engineer
Torre.ai,Mercado Internacional (Remoto - USD),USD,JWO8VZ6w,Machine Learning Engineer,AI Talent Hunt,"Canadá, USA",Remoto,No especificado,No especificado,,65833333.33333333,65.83333333333333,Machine Learning General,https://torre.ai/jobs/ai-talent-hunt-machine-learning-engineer
Torre.ai,Mercado Internacional (Remoto - USD),USD,JWO8VZ6w,Machine Learning Engineer,AI Talent Hunt,"Canadá, USA",Remoto,No especificado,No especificado,,65833333.33333333,65.83333333333333,ETL / Pipelines de Datos,https://torre.ai/jobs/ai-talent-hunt-machine-learning-engineer
Torre.ai,Mercado Internacional (Remoto - USD),USD,JWO8VZ6w,Machine Learning Engineer,AI Talent Hunt,"Canadá, USA",Remoto,No especificado,No especificado,,65833333.33333333,65.83333333333333,MLOps,https://torre.ai/jobs/ai-talent-hunt-machine-learning-engineer
Torre.ai,Mercado Internacional (Remoto - USD),CAD,Qwe1BDYw,Staff Machine Learning Engineer,SurveyMonkey,Italy,Remoto,No especificado,No especificado,,,,Kafka,https://torre.ai/jobs/surveymonkey-staff-machine-learning-engineer
Torre.ai,Mercado Internacional (Remoto - USD),CAD,Qwe1BDYw,Staff Machine Learning Engineer,SurveyMonkey,Italy,Remoto,No especificado,No especificado,,,,AWS,https://torre.ai/jobs/surveymonkey-staff-machine-learning-engineer
Torre.ai,Mercado Internacional (Remoto - USD),CAD,Qwe1BDYw,Staff Machine Learning Engineer,SurveyMonkey,Italy,Remoto,No especificado,No especificado,,,,Machine Learning General,https://torre.ai/jobs/surveymonkey-staff-machine-learning-engineer
Torre.ai,Mercado Internacional (Remoto - USD),CAD,Qwe1BDYw,Staff Machine Learning Engineer,SurveyMonkey,Italy,Remoto,No especificado,No especificado,,,,NLP / LLMs,https://torre.ai/jobs/surveymonkey-staff-machine-learning-engineer
Torre.ai,Mercado Internacional (Remoto - USD),CAD,Qwe1BDYw,Staff Machine Learning Engineer,SurveyMonkey,Italy,Remoto,No especificado,No especificado,,,,Docker / Kubernetes,https://torre.ai/jobs/surveymonkey-staff-machine-learning-engineer
Torre.ai,Mercado Internacional (Remoto - USD),USD,kWRgx57w,"Staff, Analytics Engineer, GTM Data Science & Analytics",Twilio,United States,Remoto,No especificado,No especificado,,58320000.0,58.32,SQL,https://torre.ai/jobs/twilio-staff-analytics-engineer-gtm-data-science-analytics
Torre.ai,Mercado Internacional (Remoto - USD),USD,kWRgx57w,"Staff, Analytics Engineer, GTM Data Science & Analytics",Twilio,United States,Remoto,No especificado,No especificado,,58320000.0,58.32,ETL / Pipelines de Datos,https://torre.ai/jobs/twilio-staff-analytics-engineer-gtm-data-science-analytics
Torre.ai,Mercado Internacional (Remoto - USD),USD,ZWXzxx1d,"Research Engineer, Machine Learning Systems",Deepgram,United States,Remoto,No especificado,No especificado,,66666666.66666667,66.66666666666667,Machine Learning General,https://torre.ai/jobs/deepgram-research-engineer-machine-learning-systems
Torre.ai,Mercado Internacional (Remoto - USD),USD,ZWXzxx1d,"Research Engineer, Machine Learning Systems",Deepgram,United States,Remoto,No especificado,No especificado,,66666666.66666667,66.66666666666667,Docker / Kubernetes,https://torre.ai/jobs/deepgram-research-engineer-machine-learning-systems
Torre.ai,Mercado Internacional (Remoto - USD),USD,ZWXzxx1d,"Research Engineer, Machine Learning Systems",Deepgram,United States,Remoto,No especificado,No especificado,,66666666.66666667,66.66666666666667,MLOps,https://torre.ai/jobs/deepgram-research-engineer-machine-learning-systems
Torre.ai,Mercado Internacional (Remoto - USD),CAD,lWgD7ayw,AI / Machine Learning Engineer,DevUps,Global / Remoto,Remoto,No especificado,No especificado,,,,Python,https://torre.ai/jobs/devups-ai-machine-learning-engineer
Torre.ai,Mercado Internacional (Remoto - USD),CAD,lWgD7ayw,AI / Machine Learning Engineer,DevUps,Global / Remoto,Remoto,No especificado,No especificado,,,,SQL,https://torre.ai/jobs/devups-ai-machine-learning-engineer
Torre.ai,Mercado Internacional (Remoto - USD),CAD,lWgD7ayw,AI / Machine Learning Engineer,DevUps,Global / Remoto,Remoto,No especificado,No especificado,,,,Spark / PySpark,https://torre.ai/jobs/devups-ai-machine-learning-engineer
Torre.ai,Mercado Internacional (Remoto - USD),CAD,lWgD7ayw,AI / Machine Learning Engineer,DevUps,Global / Remoto,Remoto,No especificado,No especificado,,,,Azure,https://torre.ai/jobs/devups-ai-machine-learning-engineer
Torre.ai,Mercado Internacional (Remoto - USD),CAD,lWgD7ayw,AI / Machine Learning Engineer,DevUps,Global / Remoto,Remoto,No especificado,No especificado,,,,Google Cloud (GCP),https://torre.ai/jobs/devups-ai-machine-learning-engineer
Torre.ai,Mercado Internacional (Remoto - USD),CAD,lWgD7ayw,AI / Machine Learning Engineer,DevUps,Global / Remoto,Remoto,No especificado,No especificado,,,,Machine Learning General,https://torre.ai/jobs/devups-ai-machine-learning-engineer
Torre.ai,Mercado Internacional (Remoto - USD),CAD,lWgD7ayw,AI / Machine Learning Engineer,DevUps,Global / Remoto,Remoto,No especificado,No especificado,,,,TensorFlow / Keras,https://torre.ai/jobs/devups-ai-machine-learning-engineer
Torre.ai,Mercado Internacional (Remoto - USD),CAD,lWgD7ayw,AI / Machine Learning Engineer,DevUps,Global / Remoto,Remoto,No especificado,No especificado,,,,PyTorch,https://torre.ai/jobs/devups-ai-machine-learning-engineer
Torre.ai,Mercado Internacional (Remoto - USD),CAD,lWgD7ayw,AI / Machine Learning Engineer,DevUps,Global / Remoto,Remoto,No especificado,No especificado,,,,ETL / Pipelines de Datos,https://torre.ai/jobs/devups-ai-machine-learning-engineer
Torre.ai,Mercado Internacional (Remoto - USD),CAD,lWgD7ayw,AI / Machine Learning Engineer,DevUps,Global / Remoto,Remoto,No especificado,No especificado,,,,Docker / Kubernetes,https://torre.ai/jobs/devups-ai-machine-learning-engineer
Torre.ai,Mercado Internacional (Remoto - USD),CAD,lWgD7ayw,AI / Machine Learning Engineer,DevUps,Global / Remoto,Remoto,No especificado,No especificado,,,,MLOps,https://torre.ai/jobs/devups-ai-machine-learning-engineer
Torre.ai,Mercado Internacional (Remoto - USD),CAD,ZW57GXpd,Machine Learning Engineer (GCP Certified),DevUps,Global / Remoto,Remoto,No especificado,No especificado,,,,Python,https://torre.ai/jobs/devups-machine-learning-engineer-gcp-certified
Torre.ai,Mercado Internacional (Remoto - USD),CAD,ZW57GXpd,Machine Learning Engineer (GCP Certified),DevUps,Global / Remoto,Remoto,No especificado,No especificado,,,,SQL,https://torre.ai/jobs/devups-machine-learning-engineer-gcp-certified
Torre.ai,Mercado Internacional (Remoto - USD),CAD,ZW57GXpd,Machine Learning Engineer (GCP Certified),DevUps,Global / Remoto,Remoto,No especificado,No especificado,,,,Google Cloud (GCP),https://torre.ai/jobs/devups-machine-learning-engineer-gcp-certified
Torre.ai,Mercado Internacional (Remoto - USD),CAD,ZW57GXpd,Machine Learning Engineer (GCP Certified),DevUps,Global / Remoto,Remoto,No especificado,No especificado,,,,Machine Learning General,https://torre.ai/jobs/devups-machine-learning-engineer-gcp-certified
Torre.ai,Mercado Internacional (Remoto - USD),CAD,ZW57GXpd,Machine Learning Engineer (GCP Certified),DevUps,Global / Remoto,Remoto,No especificado,No especificado,,,,NLP / LLMs,https://torre.ai/jobs/devups-machine-learning-engineer-gcp-certified
Torre.ai,Mercado Internacional (Remoto - USD),CAD,ZW57GXpd,Machine Learning Engineer (GCP Certified),DevUps,Global / Remoto,Remoto,No especificado,No especificado,,,,Computer Vision,https://torre.ai/jobs/devups-machine-learning-engineer-gcp-certified
Torre.ai,Mercado Internacional (Remoto - USD),CAD,ZW57GXpd,Machine Learning Engineer (GCP Certified),DevUps,Global / Remoto,Remoto,No especificado,No especificado,,,,Scikit-Learn,https://torre.ai/jobs/devups-machine-learning-engineer-gcp-certified
Torre.ai,Mercado Internacional (Remoto - USD),CAD,ZW57GXpd,Machine Learning Engineer (GCP Certified),DevUps,Global / Remoto,Remoto,No especificado,No especificado,,,,TensorFlow / Keras,https://torre.ai/jobs/devups-machine-learning-engineer-gcp-certified
Torre.ai,Mercado Internacional (Remoto - USD),CAD,ZW57GXpd,Machine Learning Engineer (GCP Certified),DevUps,Global / Remoto,Remoto,No especificado,No especificado,,,,PyTorch,https://torre.ai/jobs/devups-machine-learning-engineer-gcp-certified
Torre.ai,Mercado Internacional (Remoto - USD),CAD,ZW57GXpd,Machine Learning Engineer (GCP Certified),DevUps,Global / Remoto,Remoto,No especificado,No especificado,,,,ETL / Pipelines de Datos,https://torre.ai/jobs/devups-machine-learning-engineer-gcp-certified
Torre.ai,Mercado Internacional (Remoto - USD),CAD,ZW57GXpd,Machine Learning Engineer (GCP Certified),DevUps,Global / Remoto,Remoto,No especificado,No especificado,,,,Docker / Kubernetes,https://torre.ai/jobs/devups-machine-learning-engineer-gcp-certified
Torre.ai,Mercado Internacional (Remoto - USD),CAD,ZW57GXpd,Machine Learning Engineer (GCP Certified),DevUps,Global / Remoto,Remoto,No especificado,No especificado,,,,Bases de Datos NoSQL,https://torre.ai/jobs/devups-machine-learning-engineer-gcp-certified
Torre.ai,Mercado Internacional (Remoto - USD),CAD,ZW57GXpd,Machine Learning Engineer (GCP Certified),DevUps,Global / Remoto,Remoto,No especificado,No especificado,,,,MLOps,https://torre.ai/jobs/devups-machine-learning-engineer-gcp-certified
Torre.ai,Mercado Internacional (Remoto - USD),CAD,OwGo7A6w,"Senior Machine Learning Engineer, Ads",Quora,Global / Remoto,Remoto,No especificado,No especificado,,,,Python,https://torre.ai/jobs/quora-senior-machine-learning-engineer-ads
Torre.ai,Mercado Internacional (Remoto - USD),CAD,OwGo7A6w,"Senior Machine Learning Engineer, Ads",Quora,Global / Remoto,Remoto,No especificado,No especificado,,,,Machine Learning General,https://torre.ai/jobs/quora-senior-machine-learning-engineer-ads
Torre.ai,Mercado Internacional (Remoto - USD),CAD,OwGo7A6w,"Senior Machine Learning Engineer, Ads",Quora,Global / Remoto,Remoto,No especificado,No especificado,,,,TensorFlow / Keras,https://torre.ai/jobs/quora-senior-machine-learning-engineer-ads
Torre.ai,Mercado Internacional (Remoto - USD),CAD,OwGo7A6w,"Senior Machine Learning Engineer, Ads",Quora,Global / Remoto,Remoto,No especificado,No especificado,,,,PyTorch,https://torre.ai/jobs/quora-senior-machine-learning-engineer-ads
Torre.ai,Mercado Internacional (Remoto - USD),CAD,KWN18x8r,Senior Data Science Evaluation Specialist (5+ Yrs Exp),Mercor,Global / Remoto,Remoto,No especificado,No especificado,,,,Python,https://torre.ai/jobs/mercor-senior-data-science-evaluation-specialist-5-yrs-exp
Torre.ai,Mercado Internacional (Remoto - USD),CAD,KWN18x8r,Senior Data Science Evaluation Specialist (5+ Yrs Exp),Mercor,Global / Remoto,Remoto,No especificado,No especificado,,,,SQL,https://torre.ai/jobs/mercor-senior-data-science-evaluation-specialist-5-yrs-exp
Torre.ai,Mercado Internacional (Remoto - USD),CAD,qdPDK3Ad,"Staff Machine Learning Research Scientist (NLP, Clinical AI)",Rad AI,United States,Remoto,No especificado,No especificado,,,,Machine Learning General,https://torre.ai/jobs/rad-ai-staff-machine-learning-research-scientist-nlp-clinical-ai
Torre.ai,Mercado Internacional (Remoto - USD),CAD,qdPDK3Ad,"Staff Machine Learning Research Scientist (NLP, Clinical AI)",Rad AI,United States,Remoto,No especificado,No especificado,,,,NLP / LLMs,https://torre.ai/jobs/rad-ai-staff-machine-learning-research-scientist-nlp-clinical-ai
Torre.ai,Mercado Internacional (Remoto - USD),CAD,qdPDK3Ad,"Staff Machine Learning Research Scientist (NLP, Clinical AI)",Rad AI,United States,Remoto,No especificado,No especificado,,,,Computer Vision,https://torre.ai/jobs/rad-ai-staff-machine-learning-research-scientist-nlp-clinical-ai
Torre.ai,Mercado Internacional (Remoto - USD),CAD,qdPDK3Ad,"Staff Machine Learning Research Scientist (NLP, Clinical AI)",Rad AI,United States,Remoto,No especificado,No especificado,,,,PyTorch,https://torre.ai/jobs/rad-ai-staff-machine-learning-research-scientist-nlp-clinical-ai
Torre.ai,Mercado Internacional (Remoto - USD),CAD,VdLOxJ5w,Senior Machine Learning Engineer (ASR) - Voice Experience,Cresta,Global / Remoto,Remoto,No especificado,No especificado,,,,Machine Learning General,https://torre.ai/jobs/cresta-senior-machine-learning-engineer-asr-voice-experience
Torre.ai,Mercado Internacional (Remoto - USD),CAD,VdLOxJ5w,Senior Machine Learning Engineer (ASR) - Voice Experience,Cresta,Global / Remoto,Remoto,No especificado,No especificado,,,,NLP / LLMs,https://torre.ai/jobs/cresta-senior-machine-learning-engineer-asr-voice-experience
Torre.ai,Mercado Internacional (Remoto - USD),CAD,VdLOxJ5w,Senior Machine Learning Engineer (ASR) - Voice Experience,Cresta,Global / Remoto,Remoto,No especificado,No especificado,,,,TensorFlow / Keras,https://torre.ai/jobs/cresta-senior-machine-learning-engineer-asr-voice-experience
Torre.ai,Mercado Internacional (Remoto - USD),CAD,VdLOxJ5w,Senior Machine Learning Engineer (ASR) - Voice Experience,Cresta,Global / Remoto,Remoto,No especificado,No especificado,,,,PyTorch,https://torre.ai/jobs/cresta-senior-machine-learning-engineer-asr-voice-experience
Torre.ai,Mercado Internacional (Remoto - USD),CAD,VdLOxJ5w,Senior Machine Learning Engineer (ASR) - Voice Experience,Cresta,Global / Remoto,Remoto,No especificado,No especificado,,,,ETL / Pipelines de Datos,https://torre.ai/jobs/cresta-senior-machine-learning-engineer-asr-voice-experience
Torre.ai,Mercado Internacional (Remoto - USD),CAD,lr418D3W,Senior Machine Learning Engineer,Solidgate,Ukraine,Remoto,No especificado,No especificado,,,,Python,https://torre.ai/jobs/solidgate-senior-machine-learning-engineer
Torre.ai,Mercado Internacional (Remoto - USD),CAD,lr418D3W,Senior Machine Learning Engineer,Solidgate,Ukraine,Remoto,No especificado,No especificado,,,,Machine Learning General,https://torre.ai/jobs/solidgate-senior-machine-learning-engineer
Torre.ai,Mercado Internacional (Remoto - USD),CAD,VdLOPLBw,Head of Machine Learning,Solidgate,Ukraine,Remoto,No especificado,No especificado,,,,Machine Learning General,https://torre.ai/jobs/solidgate-head-of-machine-learning
Torre.ai,Mercado Internacional (Remoto - USD),CAD,VdLOPLBw,Head of Machine Learning,Solidgate,Ukraine,Remoto,No especificado,No especificado,,,,MLOps,https://torre.ai/jobs/solidgate-head-of-machine-learning
Torre.ai,Mercado Internacional (Remoto - USD),CAD,Yd6pl4OW,"Senior Technical Program Manager, Machine Learning Infrastructure",Cohere,Canada,Remoto,No especificado,No especificado,,,,Machine Learning General,https://torre.ai/jobs/cohere-senior-technical-program-manager-machine-learning-infrastructure
Torre.ai,Mercado Internacional (Remoto - USD),CAD,lr4p0ZLr,Machine Learning Intern/Co-Op (Winter 2027),Cohere,"Canada, United States",Remoto,No especificado,No especificado,,,,Python,https://torre.ai/jobs/cohere-machine-learning-internco-op-winter-2027
Torre.ai,Mercado Internacional (Remoto - USD),CAD,lr4p0ZLr,Machine Learning Intern/Co-Op (Winter 2027),Cohere,"Canada, United States",Remoto,No especificado,No especificado,,,,Machine Learning General,https://torre.ai/jobs/cohere-machine-learning-internco-op-winter-2027
Torre.ai,Mercado Internacional (Remoto - USD),CAD,lr4p0ZLr,Machine Learning Intern/Co-Op (Winter 2027),Cohere,"Canada, United States",Remoto,No especificado,No especificado,,,,TensorFlow / Keras,https://torre.ai/jobs/cohere-machine-learning-internco-op-winter-2027
Torre.ai,Mercado Internacional (Remoto - USD),CAD,2W1pN3nr,"Data Annotation Specialist, Data Science",Cohere,Canada,Remoto,No especificado,No especificado,,18560000.0,18.56,Python,https://torre.ai/jobs/cohere-data-annotation-specialist-data-science
Torre.ai,Mercado Internacional (Remoto - USD),CAD,2W1pN3nr,"Data Annotation Specialist, Data Science",Cohere,Canada,Remoto,No especificado,No especificado,,18560000.0,18.56,SQL,https://torre.ai/jobs/cohere-data-annotation-specialist-data-science
Torre.ai,Mercado Internacional (Remoto - USD),CAD,arQjp34W,"Staff Machine Learning Engineer, Gen AI | Voice & Speech",Weave,United States,Remoto,No especificado,No especificado,,,,SQL,https://torre.ai/jobs/weave-staff-machine-learning-engineer-gen-ai-voice-speech
Torre.ai,Mercado Internacional (Remoto - USD),CAD,arQjp34W,"Staff Machine Learning Engineer, Gen AI | Voice & Speech",Weave,United States,Remoto,No especificado,No especificado,,,,AWS,https://torre.ai/jobs/weave-staff-machine-learning-engineer-gen-ai-voice-speech
Torre.ai,Mercado Internacional (Remoto - USD),CAD,arQjp34W,"Staff Machine Learning Engineer, Gen AI | Voice & Speech",Weave,United States,Remoto,No especificado,No especificado,,,,Google Cloud (GCP),https://torre.ai/jobs/weave-staff-machine-learning-engineer-gen-ai-voice-speech
Torre.ai,Mercado Internacional (Remoto - USD),CAD,arQjp34W,"Staff Machine Learning Engineer, Gen AI | Voice & Speech",Weave,United States,Remoto,No especificado,No especificado,,,,Machine Learning General,https://torre.ai/jobs/weave-staff-machine-learning-engineer-gen-ai-voice-speech
Torre.ai,Mercado Internacional (Remoto - USD),CAD,arQjp34W,"Staff Machine Learning Engineer, Gen AI | Voice & Speech",Weave,United States,Remoto,No especificado,No especificado,,,,NLP / LLMs,https://torre.ai/jobs/weave-staff-machine-learning-engineer-gen-ai-voice-speech
Torre.ai,Mercado Internacional (Remoto - USD),CAD,arQjp34W,"Staff Machine Learning Engineer, Gen AI | Voice & Speech",Weave,United States,Remoto,No especificado,No especificado,,,,Docker / Kubernetes,https://torre.ai/jobs/weave-staff-machine-learning-engineer-gen-ai-voice-speech
Torre.ai,Mercado Internacional (Remoto - USD),CAD,arQjp34W,"Staff Machine Learning Engineer, Gen AI | Voice & Speech",Weave,United States,Remoto,No especificado,No especificado,,,,Bases de Datos NoSQL,https://torre.ai/jobs/weave-staff-machine-learning-engineer-gen-ai-voice-speech
Torre.ai,Mercado Internacional (Remoto - USD),CAD,arQjp34W,"Staff Machine Learning Engineer, Gen AI | Voice & Speech",Weave,United States,Remoto,No especificado,No especificado,,,,MLOps,https://torre.ai/jobs/weave-staff-machine-learning-engineer-gen-ai-voice-speech
Torre.ai,Mercado Internacional (Remoto - USD),CAD,qdP9DRbr,Senior Machine Learning Engineer (Remote - LATAM Based),Arionkoder,"Colombia, Argentina",Remoto,No especificado,No especificado,,,,Python,https://torre.ai/jobs/arionkoder-sr-machine-learning-engineer-remote-latam-based
Torre.ai,Mercado Internacional (Remoto - USD),CAD,qdP9DRbr,Senior Machine Learning Engineer (Remote - LATAM Based),Arionkoder,"Colombia, Argentina",Remoto,No especificado,No especificado,,,,AWS,https://torre.ai/jobs/arionkoder-sr-machine-learning-engineer-remote-latam-based
Torre.ai,Mercado Internacional (Remoto - USD),CAD,qdP9DRbr,Senior Machine Learning Engineer (Remote - LATAM Based),Arionkoder,"Colombia, Argentina",Remoto,No especificado,No especificado,,,,Machine Learning General,https://torre.ai/jobs/arionkoder-sr-machine-learning-engineer-remote-latam-based
Torre.ai,Mercado Internacional (Remoto - USD),CAD,qdP9DRbr,Senior Machine Learning Engineer (Remote - LATAM Based),Arionkoder,"Colombia, Argentina",Remoto,No especificado,No especificado,,,,Deep Learning,https://torre.ai/jobs/arionkoder-sr-machine-learning-engineer-remote-latam-based
Torre.ai,Mercado Internacional (Remoto - USD),CAD,qdP9DRbr,Senior Machine Learning Engineer (Remote - LATAM Based),Arionkoder,"Colombia, Argentina",Remoto,No especificado,No especificado,,,,Computer Vision,https://torre.ai/jobs/arionkoder-sr-machine-learning-engineer-remote-latam-based
Torre.ai,Mercado Internacional (Remoto - USD),CAD,qdP9DRbr,Senior Machine Learning Engineer (Remote - LATAM Based),Arionkoder,"Colombia, Argentina",Remoto,No especificado,No especificado,,,,Git / Control de Versiones,https://torre.ai/jobs/arionkoder-sr-machine-learning-engineer-remote-latam-based
Torre.ai,Mercado Internacional (Remoto - USD),CAD,qdP9DRbr,Senior Machine Learning Engineer (Remote - LATAM Based),Arionkoder,"Colombia, Argentina",Remoto,No especificado,No especificado,,,,MLOps,https://torre.ai/jobs/arionkoder-sr-machine-learning-engineer-remote-latam-based
Torre.ai,Mercado Internacional (Remoto - USD),USD,ed8pp3ed,"Research Staff, Data Science",Deepgram,United States,Remoto,No especificado,No especificado,,61666666.666666664,61.666666666666664,Python,https://torre.ai/jobs/deepgram-research-staff-data-science-1
Torre.ai,Mercado Internacional (Remoto - USD),USD,ed8pp3ed,"Research Staff, Data Science",Deepgram,United States,Remoto,No especificado,No especificado,,61666666.666666664,61.666666666666664,Deep Learning,https://torre.ai/jobs/deepgram-research-staff-data-science-1
Torre.ai,Mercado Internacional (Remoto - USD),USD,ed8pp3ed,"Research Staff, Data Science",Deepgram,United States,Remoto,No especificado,No especificado,,61666666.666666664,61.666666666666664,PyTorch,https://torre.ai/jobs/deepgram-research-staff-data-science-1
Torre.ai,Mercado Internacional (Remoto - USD),USD,NrJOOxYW,"Director, Client Data Science",Foodsmart,United States,Remoto,No especificado,No especificado,,68333333.33333333,68.33333333333333,Python,https://torre.ai/jobs/foodsmart-director-client-data-science
Torre.ai,Mercado Internacional (Remoto - USD),USD,NrJOOxYW,"Director, Client Data Science",Foodsmart,United States,Remoto,No especificado,No especificado,,68333333.33333333,68.33333333333333,SQL,https://torre.ai/jobs/foodsmart-director-client-data-science
Torre.ai,Mercado Internacional (Remoto - USD),USD,NrJOOxYW,"Director, Client Data Science",Foodsmart,United States,Remoto,No especificado,No especificado,,68333333.33333333,68.33333333333333,ETL / Pipelines de Datos,https://torre.ai/jobs/foodsmart-director-client-data-science
Torre.ai,Mercado Internacional (Remoto - USD),CAD,VWMqMEBW,Machine Learning Engineer (Remote),StackAdapt,United Kingdom,Remoto,No especificado,No especificado,,,,Python,https://torre.ai/jobs/stackadapt-machine-learning-engineer-remote
Torre.ai,Mercado Internacional (Remoto - USD),CAD,VWMqMEBW,Machine Learning Engineer (Remote),StackAdapt,United Kingdom,Remoto,No especificado,No especificado,,,,Machine Learning General,https://torre.ai/jobs/stackadapt-machine-learning-engineer-remote
Torre.ai,Mercado Internacional (Remoto - USD),CAD,VWMqMEBW,Machine Learning Engineer (Remote),StackAdapt,United Kingdom,Remoto,No especificado,No especificado,,,,ETL / Pipelines de Datos,https://torre.ai/jobs/stackadapt-machine-learning-engineer-remote
Torre.ai,Mercado Internacional (Remoto - USD),USD,JWO8VZ6w,Machine Learning Engineer,AI Talent Hunt,"Canadá, USA",Remoto,No especificado,No especificado,,65833333.33333333,65.83333333333333,Python,https://torre.ai/jobs/ai-talent-hunt-machine-learning-engineer
Torre.ai,Mercado Internacional (Remoto - USD),USD,JWO8VZ6w,Machine Learning Engineer,AI Talent Hunt,"Canadá, USA",Remoto,No especificado,No especificado,,65833333.33333333,65.83333333333333,SQL,https://torre.ai/jobs/ai-talent-hunt-machine-learning-engineer
Torre.ai,Mercado Internacional (Remoto - USD),USD,JWO8VZ6w,Machine Learning Engineer,AI Talent Hunt,"Canadá, USA",Remoto,No especificado,No especificado,,65833333.33333333,65.83333333333333,Machine Learning General,https://torre.ai/jobs/ai-talent-hunt-machine-learning-engineer
Torre.ai,Mercado Internacional (Remoto - USD),USD,JWO8VZ6w,Machine Learning Engineer,AI Talent Hunt,"Canadá, USA",Remoto,No especificado,No especificado,,65833333.33333333,65.83333333333333,ETL / Pipelines de Datos,https://torre.ai/jobs/ai-talent-hunt-machine-learning-engineer
Torre.ai,Mercado Internacional (Remoto - USD),USD,JWO8VZ6w,Machine Learning Engineer,AI Talent Hunt,"Canadá, USA",Remoto,No especificado,No especificado,,65833333.33333333,65.83333333333333,MLOps,https://torre.ai/jobs/ai-talent-hunt-machine-learning-engineer
Torre.ai,Mercado Internacional (Remoto - USD),CAD,Qwe1BDYw,Staff Machine Learning Engineer,SurveyMonkey,Italy,Remoto,No especificado,No especificado,,,,Kafka,https://torre.ai/jobs/surveymonkey-staff-machine-learning-engineer
Torre.ai,Mercado Internacional (Remoto - USD),CAD,Qwe1BDYw,Staff Machine Learning Engineer,SurveyMonkey,Italy,Remoto,No especificado,No especificado,,,,AWS,https://torre.ai/jobs/surveymonkey-staff-machine-learning-engineer
Torre.ai,Mercado Internacional (Remoto - USD),CAD,Qwe1BDYw,Staff Machine Learning Engineer,SurveyMonkey,Italy,Remoto,No especificado,No especificado,,,,Machine Learning General,https://torre.ai/jobs/surveymonkey-staff-machine-learning-engineer
Torre.ai,Mercado Internacional (Remoto - USD),CAD,Qwe1BDYw,Staff Machine Learning Engineer,SurveyMonkey,Italy,Remoto,No especificado,No especificado,,,,NLP / LLMs,https://torre.ai/jobs/surveymonkey-staff-machine-learning-engineer
Torre.ai,Mercado Internacional (Remoto - USD),CAD,Qwe1BDYw,Staff Machine Learning Engineer,SurveyMonkey,Italy,Remoto,No especificado,No especificado,,,,Docker / Kubernetes,https://torre.ai/jobs/surveymonkey-staff-machine-learning-engineer
Torre.ai,Mercado Internacional (Remoto - USD),USD,kWRgx57w,"Staff, Analytics Engineer, GTM Data Science & Analytics",Twilio,United States,Remoto,No especificado,No especificado,,58320000.0,58.32,SQL,https://torre.ai/jobs/twilio-staff-analytics-engineer-gtm-data-science-analytics
Torre.ai,Mercado Internacional (Remoto - USD),USD,kWRgx57w,"Staff, Analytics Engineer, GTM Data Science & Analytics",Twilio,United States,Remoto,No especificado,No especificado,,58320000.0,58.32,ETL / Pipelines de Datos,https://torre.ai/jobs/twilio-staff-analytics-engineer-gtm-data-science-analytics
Torre.ai,Mercado Internacional (Remoto - USD),USD,ZWXzxx1d,"Research Engineer, Machine Learning Systems",Deepgram,United States,Remoto,No especificado,No especificado,,66666666.66666667,66.66666666666667,Machine Learning General,https://torre.ai/jobs/deepgram-research-engineer-machine-learning-systems
Torre.ai,Mercado Internacional (Remoto - USD),USD,ZWXzxx1d,"Research Engineer, Machine Learning Systems",Deepgram,United States,Remoto,No especificado,No especificado,,66666666.66666667,66.66666666666667,Docker / Kubernetes,https://torre.ai/jobs/deepgram-research-engineer-machine-learning-systems
Torre.ai,Mercado Internacional (Remoto - USD),USD,ZWXzxx1d,"Research Engineer, Machine Learning Systems",Deepgram,United States,Remoto,No especificado,No especificado,,66666666.66666667,66.66666666666667,MLOps,https://torre.ai/jobs/deepgram-research-engineer-machine-learning-systems
Torre.ai,Mercado Internacional (Remoto - USD),CAD,lWgD7ayw,AI / Machine Learning Engineer,DevUps,Global / Remoto,Remoto,No especificado,No especificado,,,,Python,https://torre.ai/jobs/devups-ai-machine-learning-engineer
Torre.ai,Mercado Internacional (Remoto - USD),CAD,lWgD7ayw,AI / Machine Learning Engineer,DevUps,Global / Remoto,Remoto,No especificado,No especificado,,,,SQL,https://torre.ai/jobs/devups-ai-machine-learning-engineer
Torre.ai,Mercado Internacional (Remoto - USD),CAD,lWgD7ayw,AI / Machine Learning Engineer,DevUps,Global / Remoto,Remoto,No especificado,No especificado,,,,Spark / PySpark,https://torre.ai/jobs/devups-ai-machine-learning-engineer
Torre.ai,Mercado Internacional (Remoto - USD),CAD,lWgD7ayw,AI / Machine Learning Engineer,DevUps,Global / Remoto,Remoto,No especificado,No especificado,,,,Azure,https://torre.ai/jobs/devups-ai-machine-learning-engineer
Torre.ai,Mercado Internacional (Remoto - USD),CAD,lWgD7ayw,AI / Machine Learning Engineer,DevUps,Global / Remoto,Remoto,No especificado,No especificado,,,,Google Cloud (GCP),https://torre.ai/jobs/devups-ai-machine-learning-engineer
Torre.ai,Mercado Internacional (Remoto - USD),CAD,lWgD7ayw,AI / Machine Learning Engineer,DevUps,Global / Remoto,Remoto,No especificado,No especificado,,,,Machine Learning General,https://torre.ai/jobs/devups-ai-machine-learning-engineer
Torre.ai,Mercado Internacional (Remoto - USD),CAD,lWgD7ayw,AI / Machine Learning Engineer,DevUps,Global / Remoto,Remoto,No especificado,No especificado,,,,TensorFlow / Keras,https://torre.ai/jobs/devups-ai-machine-learning-engineer
Torre.ai,Mercado Internacional (Remoto - USD),CAD,lWgD7ayw,AI / Machine Learning Engineer,DevUps,Global / Remoto,Remoto,No especificado,No especificado,,,,PyTorch,https://torre.ai/jobs/devups-ai-machine-learning-engineer
Torre.ai,Mercado Internacional (Remoto - USD),CAD,lWgD7ayw,AI / Machine Learning Engineer,DevUps,Global / Remoto,Remoto,No especificado,No especificado,,,,ETL / Pipelines de Datos,https://torre.ai/jobs/devups-ai-machine-learning-engineer
Torre.ai,Mercado Internacional (Remoto - USD),CAD,lWgD7ayw,AI / Machine Learning Engineer,DevUps,Global / Remoto,Remoto,No especificado,No especificado,,,,Docker / Kubernetes,https://torre.ai/jobs/devups-ai-machine-learning-engineer
Torre.ai,Mercado Internacional (Remoto - USD),CAD,lWgD7ayw,AI / Machine Learning Engineer,DevUps,Global / Remoto,Remoto,No especificado,No especificado,,,,MLOps,https://torre.ai/jobs/devups-ai-machine-learning-engineer
Torre.ai,Mercado Internacional (Remoto - USD),CAD,ZW57GXpd,Machine Learning Engineer (GCP Certified),DevUps,Global / Remoto,Remoto,No especificado,No especificado,,,,Python,https://torre.ai/jobs/devups-machine-learning-engineer-gcp-certified
Torre.ai,Mercado Internacional (Remoto - USD),CAD,ZW57GXpd,Machine Learning Engineer (GCP Certified),DevUps,Global / Remoto,Remoto,No especificado,No especificado,,,,SQL,https://torre.ai/jobs/devups-machine-learning-engineer-gcp-certified
Torre.ai,Mercado Internacional (Remoto - USD),CAD,ZW57GXpd,Machine Learning Engineer (GCP Certified),DevUps,Global / Remoto,Remoto,No especificado,No especificado,,,,Google Cloud (GCP),https://torre.ai/jobs/devups-machine-learning-engineer-gcp-certified
Torre.ai,Mercado Internacional (Remoto - USD),CAD,ZW57GXpd,Machine Learning Engineer (GCP Certified),DevUps,Global / Remoto,Remoto,No especificado,No especificado,,,,Machine Learning General,https://torre.ai/jobs/devups-machine-learning-engineer-gcp-certified
Torre.ai,Mercado Internacional (Remoto - USD),CAD,ZW57GXpd,Machine Learning Engineer (GCP Certified),DevUps,Global / Remoto,Remoto,No especificado,No especificado,,,,NLP / LLMs,https://torre.ai/jobs/devups-machine-learning-engineer-gcp-certified
Torre.ai,Mercado Internacional (Remoto - USD),CAD,ZW57GXpd,Machine Learning Engineer (GCP Certified),DevUps,Global / Remoto,Remoto,No especificado,No especificado,,,,Computer Vision,https://torre.ai/jobs/devups-machine-learning-engineer-gcp-certified
Torre.ai,Mercado Internacional (Remoto - USD),CAD,ZW57GXpd,Machine Learning Engineer (GCP Certified),DevUps,Global / Remoto,Remoto,No especificado,No especificado,,,,Scikit-Learn,https://torre.ai/jobs/devups-machine-learning-engineer-gcp-certified
Torre.ai,Mercado Internacional (Remoto - USD),CAD,ZW57GXpd,Machine Learning Engineer (GCP Certified),DevUps,Global / Remoto,Remoto,No especificado,No especificado,,,,TensorFlow / Keras,https://torre.ai/jobs/devups-machine-learning-engineer-gcp-certified
Torre.ai,Mercado Internacional (Remoto - USD),CAD,ZW57GXpd,Machine Learning Engineer (GCP Certified),DevUps,Global / Remoto,Remoto,No especificado,No especificado,,,,PyTorch,https://torre.ai/jobs/devups-machine-learning-engineer-gcp-certified
Torre.ai,Mercado Internacional (Remoto - USD),CAD,ZW57GXpd,Machine Learning Engineer (GCP Certified),DevUps,Global / Remoto,Remoto,No especificado,No especificado,,,,ETL / Pipelines de Datos,https://torre.ai/jobs/devups-machine-learning-engineer-gcp-certified
Torre.ai,Mercado Internacional (Remoto - USD),CAD,ZW57GXpd,Machine Learning Engineer (GCP Certified),DevUps,Global / Remoto,Remoto,No especificado,No especificado,,,,Docker / Kubernetes,https://torre.ai/jobs/devups-machine-learning-engineer-gcp-certified
Torre.ai,Mercado Internacional (Remoto - USD),CAD,ZW57GXpd,Machine Learning Engineer (GCP Certified),DevUps,Global / Remoto,Remoto,No especificado,No especificado,,,,Bases de Datos NoSQL,https://torre.ai/jobs/devups-machine-learning-engineer-gcp-certified
Torre.ai,Mercado Internacional (Remoto - USD),CAD,ZW57GXpd,Machine Learning Engineer (GCP Certified),DevUps,Global / Remoto,Remoto,No especificado,No especificado,,,,MLOps,https://torre.ai/jobs/devups-machine-learning-engineer-gcp-certified
Torre.ai,Mercado Internacional (Remoto - USD),CAD,OwGo7A6w,"Senior Machine Learning Engineer, Ads",Quora,Global / Remoto,Remoto,No especificado,No especificado,,,,Python,https://torre.ai/jobs/quora-senior-machine-learning-engineer-ads
Torre.ai,Mercado Internacional (Remoto - USD),CAD,OwGo7A6w,"Senior Machine Learning Engineer, Ads",Quora,Global / Remoto,Remoto,No especificado,No especificado,,,,Machine Learning General,https://torre.ai/jobs/quora-senior-machine-learning-engineer-ads
Torre.ai,Mercado Internacional (Remoto - USD),CAD,OwGo7A6w,"Senior Machine Learning Engineer, Ads",Quora,Global / Remoto,Remoto,No especificado,No especificado,,,,TensorFlow / Keras,https://torre.ai/jobs/quora-senior-machine-learning-engineer-ads
Torre.ai,Mercado Internacional (Remoto - USD),CAD,OwGo7A6w,"Senior Machine Learning Engineer, Ads",Quora,Global / Remoto,Remoto,No especificado,No especificado,,,,PyTorch,https://torre.ai/jobs/quora-senior-machine-learning-engineer-ads
Torre.ai,Mercado Internacional (Remoto - USD),CAD,KWN18x8r,Senior Data Science Evaluation Specialist (5+ Yrs Exp),Mercor,Global / Remoto,Remoto,No especificado,No especificado,,,,Python,https://torre.ai/jobs/mercor-senior-data-science-evaluation-specialist-5-yrs-exp
Torre.ai,Mercado Internacional (Remoto - USD),CAD,KWN18x8r,Senior Data Science Evaluation Specialist (5+ Yrs Exp),Mercor,Global / Remoto,Remoto,No especificado,No especificado,,,,SQL,https://torre.ai/jobs/mercor-senior-data-science-evaluation-specialist-5-yrs-exp
Torre.ai,Mercado Internacional (Remoto - USD),CAD,qdPDK3Ad,"Staff Machine Learning Research Scientist (NLP, Clinical AI)",Rad AI,United States,Remoto,No especificado,No especificado,,,,Machine Learning General,https://torre.ai/jobs/rad-ai-staff-machine-learning-research-scientist-nlp-clinical-ai
Torre.ai,Mercado Internacional (Remoto - USD),CAD,qdPDK3Ad,"Staff Machine Learning Research Scientist (NLP, Clinical AI)",Rad AI,United States,Remoto,No especificado,No especificado,,,,NLP / LLMs,https://torre.ai/jobs/rad-ai-staff-machine-learning-research-scientist-nlp-clinical-ai
Torre.ai,Mercado Internacional (Remoto - USD),CAD,qdPDK3Ad,"Staff Machine Learning Research Scientist (NLP, Clinical AI)",Rad AI,United States,Remoto,No especificado,No especificado,,,,Computer Vision,https://torre.ai/jobs/rad-ai-staff-machine-learning-research-scientist-nlp-clinical-ai
Torre.ai,Mercado Internacional (Remoto - USD),CAD,qdPDK3Ad,"Staff Machine Learning Research Scientist (NLP, Clinical AI)",Rad AI,United States,Remoto,No especificado,No especificado,,,,PyTorch,https://torre.ai/jobs/rad-ai-staff-machine-learning-research-scientist-nlp-clinical-ai
Torre.ai,Mercado Internacional (Remoto - USD),CAD,VdLOxJ5w,Senior Machine Learning Engineer (ASR) - Voice Experience,Cresta,Global / Remoto,Remoto,No especificado,No especificado,,,,Machine Learning General,https://torre.ai/jobs/cresta-senior-machine-learning-engineer-asr-voice-experience
Torre.ai,Mercado Internacional (Remoto - USD),CAD,VdLOxJ5w,Senior Machine Learning Engineer (ASR) - Voice Experience,Cresta,Global / Remoto,Remoto,No especificado,No especificado,,,,NLP / LLMs,https://torre.ai/jobs/cresta-senior-machine-learning-engineer-asr-voice-experience
Torre.ai,Mercado Internacional (Remoto - USD),CAD,VdLOxJ5w,Senior Machine Learning Engineer (ASR) - Voice Experience,Cresta,Global / Remoto,Remoto,No especificado,No especificado,,,,TensorFlow / Keras,https://torre.ai/jobs/cresta-senior-machine-learning-engineer-asr-voice-experience
Torre.ai,Mercado Internacional (Remoto - USD),CAD,VdLOxJ5w,Senior Machine Learning Engineer (ASR) - Voice Experience,Cresta,Global / Remoto,Remoto,No especificado,No especificado,,,,PyTorch,https://torre.ai/jobs/cresta-senior-machine-learning-engineer-asr-voice-experience
Torre.ai,Mercado Internacional (Remoto - USD),CAD,VdLOxJ5w,Senior Machine Learning Engineer (ASR) - Voice Experience,Cresta,Global / Remoto,Remoto,No especificado,No especificado,,,,ETL / Pipelines de Datos,https://torre.ai/jobs/cresta-senior-machine-learning-engineer-asr-voice-experience
Torre.ai,Mercado Internacional (Remoto - USD),CAD,lr418D3W,Senior Machine Learning Engineer,Solidgate,Ukraine,Remoto,No especificado,No especificado,,,,Python,https://torre.ai/jobs/solidgate-senior-machine-learning-engineer
Torre.ai,Mercado Internacional (Remoto - USD),CAD,lr418D3W,Senior Machine Learning Engineer,Solidgate,Ukraine,Remoto,No especificado,No especificado,,,,Machine Learning General,https://torre.ai/jobs/solidgate-senior-machine-learning-engineer
Torre.ai,Mercado Internacional (Remoto - USD),CAD,VdLOPLBw,Head of Machine Learning,Solidgate,Ukraine,Remoto,No especificado,No especificado,,,,Machine Learning General,https://torre.ai/jobs/solidgate-head-of-machine-learning
Torre.ai,Mercado Internacional (Remoto - USD),CAD,VdLOPLBw,Head of Machine Learning,Solidgate,Ukraine,Remoto,No especificado,No especificado,,,,MLOps,https://torre.ai/jobs/solidgate-head-of-machine-learning
Torre.ai,Mercado Internacional (Remoto - USD),CAD,Yd6pl4OW,"Senior Technical Program Manager, Machine Learning Infrastructure",Cohere,Canada,Remoto,No especificado,No especificado,,,,Machine Learning General,https://torre.ai/jobs/cohere-senior-technical-program-manager-machine-learning-infrastructure
Torre.ai,Mercado Internacional (Remoto - USD),CAD,lr4p0ZLr,Machine Learning Intern/Co-Op (Winter 2027),Cohere,"Canada, United States",Remoto,No especificado,No especificado,,,,Python,https://torre.ai/jobs/cohere-machine-learning-internco-op-winter-2027
Torre.ai,Mercado Internacional (Remoto - USD),CAD,lr4p0ZLr,Machine Learning Intern/Co-Op (Winter 2027),Cohere,"Canada, United States",Remoto,No especificado,No especificado,,,,Machine Learning General,https://torre.ai/jobs/cohere-machine-learning-internco-op-winter-2027
Torre.ai,Mercado Internacional (Remoto - USD),CAD,lr4p0ZLr,Machine Learning Intern/Co-Op (Winter 2027),Cohere,"Canada, United States",Remoto,No especificado,No especificado,,,,TensorFlow / Keras,https://torre.ai/jobs/cohere-machine-learning-internco-op-winter-2027
Torre.ai,Mercado Internacional (Remoto - USD),CAD,2W1pN3nr,"Data Annotation Specialist, Data Science",Cohere,Canada,Remoto,No especificado,No especificado,,18560000.0,18.56,Python,https://torre.ai/jobs/cohere-data-annotation-specialist-data-science
Torre.ai,Mercado Internacional (Remoto - USD),CAD,2W1pN3nr,"Data Annotation Specialist, Data Science",Cohere,Canada,Remoto,No especificado,No especificado,,18560000.0,18.56,SQL,https://torre.ai/jobs/cohere-data-annotation-specialist-data-science
Torre.ai,Mercado Internacional (Remoto - USD),CAD,arQjp34W,"Staff Machine Learning Engineer, Gen AI | Voice & Speech",Weave,United States,Remoto,No especificado,No especificado,,,,SQL,https://torre.ai/jobs/weave-staff-machine-learning-engineer-gen-ai-voice-speech
Torre.ai,Mercado Internacional (Remoto - USD),CAD,arQjp34W,"Staff Machine Learning Engineer, Gen AI | Voice & Speech",Weave,United States,Remoto,No especificado,No especificado,,,,AWS,https://torre.ai/jobs/weave-staff-machine-learning-engineer-gen-ai-voice-speech
Torre.ai,Mercado Internacional (Remoto - USD),CAD,arQjp34W,"Staff Machine Learning Engineer, Gen AI | Voice & Speech",Weave,United States,Remoto,No especificado,No especificado,,,,Google Cloud (GCP),https://torre.ai/jobs/weave-staff-machine-learning-engineer-gen-ai-voice-speech
Torre.ai,Mercado Internacional (Remoto - USD),CAD,arQjp34W,"Staff Machine Learning Engineer, Gen AI | Voice & Speech",Weave,United States,Remoto,No especificado,No especificado,,,,Machine Learning General,https://torre.ai/jobs/weave-staff-machine-learning-engineer-gen-ai-voice-speech
Torre.ai,Mercado Internacional (Remoto - USD),CAD,arQjp34W,"Staff Machine Learning Engineer, Gen AI | Voice & Speech",Weave,United States,Remoto,No especificado,No especificado,,,,NLP / LLMs,https://torre.ai/jobs/weave-staff-machine-learning-engineer-gen-ai-voice-speech
Torre.ai,Mercado Internacional (Remoto - USD),CAD,arQjp34W,"Staff Machine Learning Engineer, Gen AI | Voice & Speech",Weave,United States,Remoto,No especificado,No especificado,,,,Docker / Kubernetes,https://torre.ai/jobs/weave-staff-machine-learning-engineer-gen-ai-voice-speech
Torre.ai,Mercado Internacional (Remoto - USD),CAD,arQjp34W,"Staff Machine Learning Engineer, Gen AI | Voice & Speech",Weave,United States,Remoto,No especificado,No especificado,,,,Bases de Datos NoSQL,https://torre.ai/jobs/weave-staff-machine-learning-engineer-gen-ai-voice-speech
Torre.ai,Mercado Internacional (Remoto - USD),CAD,arQjp34W,"Staff Machine Learning Engineer, Gen AI | Voice & Speech",Weave,United States,Remoto,No especificado,No especificado,,,,MLOps,https://torre.ai/jobs/weave-staff-machine-learning-engineer-gen-ai-voice-speech
Torre.ai,Mercado Internacional (Remoto - USD),CAD,qdP9DRbr,Senior Machine Learning Engineer (Remote - LATAM Based),Arionkoder,"Colombia, Argentina",Remoto,No especificado,No especificado,,,,Python,https://torre.ai/jobs/arionkoder-sr-machine-learning-engineer-remote-latam-based
Torre.ai,Mercado Internacional (Remoto - USD),CAD,qdP9DRbr,Senior Machine Learning Engineer (Remote - LATAM Based),Arionkoder,"Colombia, Argentina",Remoto,No especificado,No especificado,,,,AWS,https://torre.ai/jobs/arionkoder-sr-machine-learning-engineer-remote-latam-based
Torre.ai,Mercado Internacional (Remoto - USD),CAD,qdP9DRbr,Senior Machine Learning Engineer (Remote - LATAM Based),Arionkoder,"Colombia, Argentina",Remoto,No especificado,No especificado,,,,Machine Learning General,https://torre.ai/jobs/arionkoder-sr-machine-learning-engineer-remote-latam-based
Torre.ai,Mercado Internacional (Remoto - USD),CAD,qdP9DRbr,Senior Machine Learning Engineer (Remote - LATAM Based),Arionkoder,"Colombia, Argentina",Remoto,No especificado,No especificado,,,,Deep Learning,https://torre.ai/jobs/arionkoder-sr-machine-learning-engineer-remote-latam-based
Torre.ai,Mercado Internacional (Remoto - USD),CAD,qdP9DRbr,Senior Machine Learning Engineer (Remote - LATAM Based),Arionkoder,"Colombia, Argentina",Remoto,No especificado,No especificado,,,,Computer Vision,https://torre.ai/jobs/arionkoder-sr-machine-learning-engineer-remote-latam-based
Torre.ai,Mercado Internacional (Remoto - USD),CAD,qdP9DRbr,Senior Machine Learning Engineer (Remote - LATAM Based),Arionkoder,"Colombia, Argentina",Remoto,No especificado,No especificado,,,,Git / Control de Versiones,https://torre.ai/jobs/arionkoder-sr-machine-learning-engineer-remote-latam-based
Torre.ai,Mercado Internacional (Remoto - USD),CAD,qdP9DRbr,Senior Machine Learning Engineer (Remote - LATAM Based),Arionkoder,"Colombia, Argentina",Remoto,No especificado,No especificado,,,,MLOps,https://torre.ai/jobs/arionkoder-sr-machine-learning-engineer-remote-latam-based
Torre.ai,Mercado Internacional (Remoto - USD),USD,ed8pp3ed,"Research Staff, Data Science",Deepgram,United States,Remoto,No especificado,No especificado,,61666666.666666664,61.666666666666664,Python,https://torre.ai/jobs/deepgram-research-staff-data-science-1
Torre.ai,Mercado Internacional (Remoto - USD),USD,ed8pp3ed,"Research Staff, Data Science",Deepgram,United States,Remoto,No especificado,No especificado,,61666666.666666664,61.666666666666664,Deep Learning,https://torre.ai/jobs/deepgram-research-staff-data-science-1
Torre.ai,Mercado Internacional (Remoto - USD),USD,ed8pp3ed,"Research Staff, Data Science",Deepgram,United States,Remoto,No especificado,No especificado,,61666666.666666664,61.666666666666664,PyTorch,https://torre.ai/jobs/deepgram-research-staff-data-science-1
Torre.ai,Mercado Internacional (Remoto - USD),USD,NrJOOxYW,"Director, Client Data Science",Foodsmart,United States,Remoto,No especificado,No especificado,,68333333.33333333,68.33333333333333,Python,https://torre.ai/jobs/foodsmart-director-client-data-science
Torre.ai,Mercado Internacional (Remoto - USD),USD,NrJOOxYW,"Director, Client Data Science",Foodsmart,United States,Remoto,No especificado,No especificado,,68333333.33333333,68.33333333333333,SQL,https://torre.ai/jobs/foodsmart-director-client-data-science
Torre.ai,Mercado Internacional (Remoto - USD),USD,NrJOOxYW,"Director, Client Data Science",Foodsmart,United States,Remoto,No especificado,No especificado,,68333333.33333333,68.33333333333333,ETL / Pipelines de Datos,https://torre.ai/jobs/foodsmart-director-client-data-science
Torre.ai,Mercado Internacional (Remoto - USD),CAD,VWMqMEBW,Machine Learning Engineer (Remote),StackAdapt,United Kingdom,Remoto,No especificado,No especificado,,,,Python,https://torre.ai/jobs/stackadapt-machine-learning-engineer-remote
Torre.ai,Mercado Internacional (Remoto - USD),CAD,VWMqMEBW,Machine Learning Engineer (Remote),StackAdapt,United Kingdom,Remoto,No especificado,No especificado,,,,Machine Learning General,https://torre.ai/jobs/stackadapt-machine-learning-engineer-remote
Torre.ai,Mercado Internacional (Remoto - USD),CAD,VWMqMEBW,Machine Learning Engineer (Remote),StackAdapt,United Kingdom,Remoto,No especificado,No especificado,,,,ETL / Pipelines de Datos,https://torre.ai/jobs/stackadapt-machine-learning-engineer-remote
Torre.ai,Mercado Internacional (Remoto - USD),USD,JWO8VZ6w,Machine Learning Engineer,AI Talent Hunt,"Canadá, USA",Remoto,No especificado,No especificado,,65833333.33333333,65.83333333333333,Python,https://torre.ai/jobs/ai-talent-hunt-machine-learning-engineer
Torre.ai,Mercado Internacional (Remoto - USD),USD,JWO8VZ6w,Machine Learning Engineer,AI Talent Hunt,"Canadá, USA",Remoto,No especificado,No especificado,,65833333.33333333,65.83333333333333,SQL,https://torre.ai/jobs/ai-talent-hunt-machine-learning-engineer
Torre.ai,Mercado Internacional (Remoto - USD),USD,JWO8VZ6w,Machine Learning Engineer,AI Talent Hunt,"Canadá, USA",Remoto,No especificado,No especificado,,65833333.33333333,65.83333333333333,Machine Learning General,https://torre.ai/jobs/ai-talent-hunt-machine-learning-engineer
Torre.ai,Mercado Internacional (Remoto - USD),USD,JWO8VZ6w,Machine Learning Engineer,AI Talent Hunt,"Canadá, USA",Remoto,No especificado,No especificado,,65833333.33333333,65.83333333333333,ETL / Pipelines de Datos,https://torre.ai/jobs/ai-talent-hunt-machine-learning-engineer
Torre.ai,Mercado Internacional (Remoto - USD),USD,JWO8VZ6w,Machine Learning Engineer,AI Talent Hunt,"Canadá, USA",Remoto,No especificado,No especificado,,65833333.33333333,65.83333333333333,MLOps,https://torre.ai/jobs/ai-talent-hunt-machine-learning-engineer
Torre.ai,Mercado Internacional (Remoto - USD),CAD,Qwe1BDYw,Staff Machine Learning Engineer,SurveyMonkey,Italy,Remoto,No especificado,No especificado,,,,Kafka,https://torre.ai/jobs/surveymonkey-staff-machine-learning-engineer
Torre.ai,Mercado Internacional (Remoto - USD),CAD,Qwe1BDYw,Staff Machine Learning Engineer,SurveyMonkey,Italy,Remoto,No especificado,No especificado,,,,AWS,https://torre.ai/jobs/surveymonkey-staff-machine-learning-engineer
Torre.ai,Mercado Internacional (Remoto - USD),CAD,Qwe1BDYw,Staff Machine Learning Engineer,SurveyMonkey,Italy,Remoto,No especificado,No especificado,,,,Machine Learning General,https://torre.ai/jobs/surveymonkey-staff-machine-learning-engineer
Torre.ai,Mercado Internacional (Remoto - USD),CAD,Qwe1BDYw,Staff Machine Learning Engineer,SurveyMonkey,Italy,Remoto,No especificado,No especificado,,,,NLP / LLMs,https://torre.ai/jobs/surveymonkey-staff-machine-learning-engineer
Torre.ai,Mercado Internacional (Remoto - USD),CAD,Qwe1BDYw,Staff Machine Learning Engineer,SurveyMonkey,Italy,Remoto,No especificado,No especificado,,,,Docker / Kubernetes,https://torre.ai/jobs/surveymonkey-staff-machine-learning-engineer
Torre.ai,Mercado Internacional (Remoto - USD),USD,kWRgx57w,"Staff, Analytics Engineer, GTM Data Science & Analytics",Twilio,United States,Remoto,No especificado,No especificado,,58320000.0,58.32,SQL,https://torre.ai/jobs/twilio-staff-analytics-engineer-gtm-data-science-analytics
Torre.ai,Mercado Internacional (Remoto - USD),USD,kWRgx57w,"Staff, Analytics Engineer, GTM Data Science & Analytics",Twilio,United States,Remoto,No especificado,No especificado,,58320000.0,58.32,ETL / Pipelines de Datos,https://torre.ai/jobs/twilio-staff-analytics-engineer-gtm-data-science-analytics
Torre.ai,Mercado Internacional (Remoto - USD),USD,ZWXzxx1d,"Research Engineer, Machine Learning Systems",Deepgram,United States,Remoto,No especificado,No especificado,,66666666.66666667,66.66666666666667,Machine Learning General,https://torre.ai/jobs/deepgram-research-engineer-machine-learning-systems
Torre.ai,Mercado Internacional (Remoto - USD),USD,ZWXzxx1d,"Research Engineer, Machine Learning Systems",Deepgram,United States,Remoto,No especificado,No especificado,,66666666.66666667,66.66666666666667,Docker / Kubernetes,https://torre.ai/jobs/deepgram-research-engineer-machine-learning-systems
Torre.ai,Mercado Internacional (Remoto - USD),USD,ZWXzxx1d,"Research Engineer, Machine Learning Systems",Deepgram,United States,Remoto,No especificado,No especificado,,66666666.66666667,66.66666666666667,MLOps,https://torre.ai/jobs/deepgram-research-engineer-machine-learning-systems
Torre.ai,Mercado Internacional (Remoto - USD),CAD,lWgD7ayw,AI / Machine Learning Engineer,DevUps,Global / Remoto,Remoto,No especificado,No especificado,,,,Python,https://torre.ai/jobs/devups-ai-machine-learning-engineer
Torre.ai,Mercado Internacional (Remoto - USD),CAD,lWgD7ayw,AI / Machine Learning Engineer,DevUps,Global / Remoto,Remoto,No especificado,No especificado,,,,SQL,https://torre.ai/jobs/devups-ai-machine-learning-engineer
Torre.ai,Mercado Internacional (Remoto - USD),CAD,lWgD7ayw,AI / Machine Learning Engineer,DevUps,Global / Remoto,Remoto,No especificado,No especificado,,,,Spark / PySpark,https://torre.ai/jobs/devups-ai-machine-learning-engineer
Torre.ai,Mercado Internacional (Remoto - USD),CAD,lWgD7ayw,AI / Machine Learning Engineer,DevUps,Global / Remoto,Remoto,No especificado,No especificado,,,,Azure,https://torre.ai/jobs/devups-ai-machine-learning-engineer
Torre.ai,Mercado Internacional (Remoto - USD),CAD,lWgD7ayw,AI / Machine Learning Engineer,DevUps,Global / Remoto,Remoto,No especificado,No especificado,,,,Google Cloud (GCP),https://torre.ai/jobs/devups-ai-machine-learning-engineer
Torre.ai,Mercado Internacional (Remoto - USD),CAD,lWgD7ayw,AI / Machine Learning Engineer,DevUps,Global / Remoto,Remoto,No especificado,No especificado,,,,Machine Learning General,https://torre.ai/jobs/devups-ai-machine-learning-engineer
Torre.ai,Mercado Internacional (Remoto - USD),CAD,lWgD7ayw,AI / Machine Learning Engineer,DevUps,Global / Remoto,Remoto,No especificado,No especificado,,,,TensorFlow / Keras,https://torre.ai/jobs/devups-ai-machine-learning-engineer
Torre.ai,Mercado Internacional (Remoto - USD),CAD,lWgD7ayw,AI / Machine Learning Engineer,DevUps,Global / Remoto,Remoto,No especificado,No especificado,,,,PyTorch,https://torre.ai/jobs/devups-ai-machine-learning-engineer
Torre.ai,Mercado Internacional (Remoto - USD),CAD,lWgD7ayw,AI / Machine Learning Engineer,DevUps,Global / Remoto,Remoto,No especificado,No especificado,,,,ETL / Pipelines de Datos,https://torre.ai/jobs/devups-ai-machine-learning-engineer
Torre.ai,Mercado Internacional (Remoto - USD),CAD,lWgD7ayw,AI / Machine Learning Engineer,DevUps,Global / Remoto,Remoto,No especificado,No especificado,,,,Docker / Kubernetes,https://torre.ai/jobs/devups-ai-machine-learning-engineer
Torre.ai,Mercado Internacional (Remoto - USD),CAD,lWgD7ayw,AI / Machine Learning Engineer,DevUps,Global / Remoto,Remoto,No especificado,No especificado,,,,MLOps,https://torre.ai/jobs/devups-ai-machine-learning-engineer
Torre.ai,Mercado Internacional (Remoto - USD),CAD,ZW57GXpd,Machine Learning Engineer (GCP Certified),DevUps,Global / Remoto,Remoto,No especificado,No especificado,,,,Python,https://torre.ai/jobs/devups-machine-learning-engineer-gcp-certified
Torre.ai,Mercado Internacional (Remoto - USD),CAD,ZW57GXpd,Machine Learning Engineer (GCP Certified),DevUps,Global / Remoto,Remoto,No especificado,No especificado,,,,SQL,https://torre.ai/jobs/devups-machine-learning-engineer-gcp-certified
Torre.ai,Mercado Internacional (Remoto - USD),CAD,ZW57GXpd,Machine Learning Engineer (GCP Certified),DevUps,Global / Remoto,Remoto,No especificado,No especificado,,,,Google Cloud (GCP),https://torre.ai/jobs/devups-machine-learning-engineer-gcp-certified
Torre.ai,Mercado Internacional (Remoto - USD),CAD,ZW57GXpd,Machine Learning Engineer (GCP Certified),DevUps,Global / Remoto,Remoto,No especificado,No especificado,,,,Machine Learning General,https://torre.ai/jobs/devups-machine-learning-engineer-gcp-certified
Torre.ai,Mercado Internacional (Remoto - USD),CAD,ZW57GXpd,Machine Learning Engineer (GCP Certified),DevUps,Global / Remoto,Remoto,No especificado,No especificado,,,,NLP / LLMs,https://torre.ai/jobs/devups-machine-learning-engineer-gcp-certified
Torre.ai,Mercado Internacional (Remoto - USD),CAD,ZW57GXpd,Machine Learning Engineer (GCP Certified),DevUps,Global / Remoto,Remoto,No especificado,No especificado,,,,Computer Vision,https://torre.ai/jobs/devups-machine-learning-engineer-gcp-certified
Torre.ai,Mercado Internacional (Remoto - USD),CAD,ZW57GXpd,Machine Learning Engineer (GCP Certified),DevUps,Global / Remoto,Remoto,No especificado,No especificado,,,,Scikit-Learn,https://torre.ai/jobs/devups-machine-learning-engineer-gcp-certified
Torre.ai,Mercado Internacional (Remoto - USD),CAD,ZW57GXpd,Machine Learning Engineer (GCP Certified),DevUps,Global / Remoto,Remoto,No especificado,No especificado,,,,TensorFlow / Keras,https://torre.ai/jobs/devups-machine-learning-engineer-gcp-certified
Torre.ai,Mercado Internacional (Remoto - USD),CAD,ZW57GXpd,Machine Learning Engineer (GCP Certified),DevUps,Global / Remoto,Remoto,No especificado,No especificado,,,,PyTorch,https://torre.ai/jobs/devups-machine-learning-engineer-gcp-certified
Torre.ai,Mercado Internacional (Remoto - USD),CAD,ZW57GXpd,Machine Learning Engineer (GCP Certified),DevUps,Global / Remoto,Remoto,No especificado,No especificado,,,,ETL / Pipelines de Datos,https://torre.ai/jobs/devups-machine-learning-engineer-gcp-certified
Torre.ai,Mercado Internacional (Remoto - USD),CAD,ZW57GXpd,Machine Learning Engineer (GCP Certified),DevUps,Global / Remoto,Remoto,No especificado,No especificado,,,,Docker / Kubernetes,https://torre.ai/jobs/devups-machine-learning-engineer-gcp-certified
Torre.ai,Mercado Internacional (Remoto - USD),CAD,ZW57GXpd,Machine Learning Engineer (GCP Certified),DevUps,Global / Remoto,Remoto,No especificado,No especificado,,,,Bases de Datos NoSQL,https://torre.ai/jobs/devups-machine-learning-engineer-gcp-certified
Torre.ai,Mercado Internacional (Remoto - USD),CAD,ZW57GXpd,Machine Learning Engineer (GCP Certified),DevUps,Global / Remoto,Remoto,No especificado,No especificado,,,,MLOps,https://torre.ai/jobs/devups-machine-learning-engineer-gcp-certified
Torre.ai,Mercado Internacional (Remoto - USD),CAD,OwGo7A6w,"Senior Machine Learning Engineer, Ads",Quora,Global / Remoto,Remoto,No especificado,No especificado,,,,Python,https://torre.ai/jobs/quora-senior-machine-learning-engineer-ads
Torre.ai,Mercado Internacional (Remoto - USD),CAD,OwGo7A6w,"Senior Machine Learning Engineer, Ads",Quora,Global / Remoto,Remoto,No especificado,No especificado,,,,Machine Learning General,https://torre.ai/jobs/quora-senior-machine-learning-engineer-ads
Torre.ai,Mercado Internacional (Remoto - USD),CAD,OwGo7A6w,"Senior Machine Learning Engineer, Ads",Quora,Global / Remoto,Remoto,No especificado,No especificado,,,,TensorFlow / Keras,https://torre.ai/jobs/quora-senior-machine-learning-engineer-ads
Torre.ai,Mercado Internacional (Remoto - USD),CAD,OwGo7A6w,"Senior Machine Learning Engineer, Ads",Quora,Global / Remoto,Remoto,No especificado,No especificado,,,,PyTorch,https://torre.ai/jobs/quora-senior-machine-learning-engineer-ads
Torre.ai,Mercado Internacional (Remoto - USD),CAD,KWN18x8r,Senior Data Science Evaluation Specialist (5+ Yrs Exp),Mercor,Global / Remoto,Remoto,No especificado,No especificado,,,,Python,https://torre.ai/jobs/mercor-senior-data-science-evaluation-specialist-5-yrs-exp
Torre.ai,Mercado Internacional (Remoto - USD),CAD,KWN18x8r,Senior Data Science Evaluation Specialist (5+ Yrs Exp),Mercor,Global / Remoto,Remoto,No especificado,No especificado,,,,SQL,https://torre.ai/jobs/mercor-senior-data-science-evaluation-specialist-5-yrs-exp
Torre.ai,Mercado Internacional (Remoto - USD),CAD,qdPDK3Ad,"Staff Machine Learning Research Scientist (NLP, Clinical AI)",Rad AI,United States,Remoto,No especificado,No especificado,,,,Machine Learning General,https://torre.ai/jobs/rad-ai-staff-machine-learning-research-scientist-nlp-clinical-ai
Torre.ai,Mercado Internacional (Remoto - USD),CAD,qdPDK3Ad,"Staff Machine Learning Research Scientist (NLP, Clinical AI)",Rad AI,United States,Remoto,No especificado,No especificado,,,,NLP / LLMs,https://torre.ai/jobs/rad-ai-staff-machine-learning-research-scientist-nlp-clinical-ai
Torre.ai,Mercado Internacional (Remoto - USD),CAD,qdPDK3Ad,"Staff Machine Learning Research Scientist (NLP, Clinical AI)",Rad AI,United States,Remoto,No especificado,No especificado,,,,Computer Vision,https://torre.ai/jobs/rad-ai-staff-machine-learning-research-scientist-nlp-clinical-ai
Torre.ai,Mercado Internacional (Remoto - USD),CAD,qdPDK3Ad,"Staff Machine Learning Research Scientist (NLP, Clinical AI)",Rad AI,United States,Remoto,No especificado,No especificado,,,,PyTorch,https://torre.ai/jobs/rad-ai-staff-machine-learning-research-scientist-nlp-clinical-ai
Torre.ai,Mercado Internacional (Remoto - USD),CAD,VdLOxJ5w,Senior Machine Learning Engineer (ASR) - Voice Experience,Cresta,Global / Remoto,Remoto,No especificado,No especificado,,,,Machine Learning General,https://torre.ai/jobs/cresta-senior-machine-learning-engineer-asr-voice-experience
Torre.ai,Mercado Internacional (Remoto - USD),CAD,VdLOxJ5w,Senior Machine Learning Engineer (ASR) - Voice Experience,Cresta,Global / Remoto,Remoto,No especificado,No especificado,,,,NLP / LLMs,https://torre.ai/jobs/cresta-senior-machine-learning-engineer-asr-voice-experience
Torre.ai,Mercado Internacional (Remoto - USD),CAD,VdLOxJ5w,Senior Machine Learning Engineer (ASR) - Voice Experience,Cresta,Global / Remoto,Remoto,No especificado,No especificado,,,,TensorFlow / Keras,https://torre.ai/jobs/cresta-senior-machine-learning-engineer-asr-voice-experience
Torre.ai,Mercado Internacional (Remoto - USD),CAD,VdLOxJ5w,Senior Machine Learning Engineer (ASR) - Voice Experience,Cresta,Global / Remoto,Remoto,No especificado,No especificado,,,,PyTorch,https://torre.ai/jobs/cresta-senior-machine-learning-engineer-asr-voice-experience
Torre.ai,Mercado Internacional (Remoto - USD),CAD,VdLOxJ5w,Senior Machine Learning Engineer (ASR) - Voice Experience,Cresta,Global / Remoto,Remoto,No especificado,No especificado,,,,ETL / Pipelines de Datos,https://torre.ai/jobs/cresta-senior-machine-learning-engineer-asr-voice-experience
Torre.ai,Mercado Internacional (Remoto - USD),CAD,lr418D3W,Senior Machine Learning Engineer,Solidgate,Ukraine,Remoto,No especificado,No especificado,,,,Python,https://torre.ai/jobs/solidgate-senior-machine-learning-engineer
Torre.ai,Mercado Internacional (Remoto - USD),CAD,lr418D3W,Senior Machine Learning Engineer,Solidgate,Ukraine,Remoto,No especificado,No especificado,,,,Machine Learning General,https://torre.ai/jobs/solidgate-senior-machine-learning-engineer
Torre.ai,Mercado Internacional (Remoto - USD),CAD,VdLOPLBw,Head of Machine Learning,Solidgate,Ukraine,Remoto,No especificado,No especificado,,,,Machine Learning General,https://torre.ai/jobs/solidgate-head-of-machine-learning
Torre.ai,Mercado Internacional (Remoto - USD),CAD,VdLOPLBw,Head of Machine Learning,Solidgate,Ukraine,Remoto,No especificado,No especificado,,,,MLOps,https://torre.ai/jobs/solidgate-head-of-machine-learning
Torre.ai,Mercado Internacional (Remoto - USD),CAD,Yd6pl4OW,"Senior Technical Program Manager, Machine Learning Infrastructure",Cohere,Canada,Remoto,No especificado,No especificado,,,,Machine Learning General,https://torre.ai/jobs/cohere-senior-technical-program-manager-machine-learning-infrastructure
Torre.ai,Mercado Internacional (Remoto - USD),CAD,lr4p0ZLr,Machine Learning Intern/Co-Op (Winter 2027),Cohere,"Canada, United States",Remoto,No especificado,No especificado,,,,Python,https://torre.ai/jobs/cohere-machine-learning-internco-op-winter-2027
Torre.ai,Mercado Internacional (Remoto - USD),CAD,lr4p0ZLr,Machine Learning Intern/Co-Op (Winter 2027),Cohere,"Canada, United States",Remoto,No especificado,No especificado,,,,Machine Learning General,https://torre.ai/jobs/cohere-machine-learning-internco-op-winter-2027
Torre.ai,Mercado Internacional (Remoto - USD),CAD,lr4p0ZLr,Machine Learning Intern/Co-Op (Winter 2027),Cohere,"Canada, United States",Remoto,No especificado,No especificado,,,,TensorFlow / Keras,https://torre.ai/jobs/cohere-machine-learning-internco-op-winter-2027
Torre.ai,Mercado Internacional (Remoto - USD),CAD,2W1pN3nr,"Data Annotation Specialist, Data Science",Cohere,Canada,Remoto,No especificado,No especificado,,18560000.0,18.56,Python,https://torre.ai/jobs/cohere-data-annotation-specialist-data-science
Torre.ai,Mercado Internacional (Remoto - USD),CAD,2W1pN3nr,"Data Annotation Specialist, Data Science",Cohere,Canada,Remoto,No especificado,No especificado,,18560000.0,18.56,SQL,https://torre.ai/jobs/cohere-data-annotation-specialist-data-science
Torre.ai,Mercado Internacional (Remoto - USD),CAD,arQjp34W,"Staff Machine Learning Engineer, Gen AI | Voice & Speech",Weave,United States,Remoto,No especificado,No especificado,,,,SQL,https://torre.ai/jobs/weave-staff-machine-learning-engineer-gen-ai-voice-speech
Torre.ai,Mercado Internacional (Remoto - USD),CAD,arQjp34W,"Staff Machine Learning Engineer, Gen AI | Voice & Speech",Weave,United States,Remoto,No especificado,No especificado,,,,AWS,https://torre.ai/jobs/weave-staff-machine-learning-engineer-gen-ai-voice-speech
Torre.ai,Mercado Internacional (Remoto - USD),CAD,arQjp34W,"Staff Machine Learning Engineer, Gen AI | Voice & Speech",Weave,United States,Remoto,No especificado,No especificado,,,,Google Cloud (GCP),https://torre.ai/jobs/weave-staff-machine-learning-engineer-gen-ai-voice-speech
Torre.ai,Mercado Internacional (Remoto - USD),CAD,arQjp34W,"Staff Machine Learning Engineer, Gen AI | Voice & Speech",Weave,United States,Remoto,No especificado,No especificado,,,,Machine Learning General,https://torre.ai/jobs/weave-staff-machine-learning-engineer-gen-ai-voice-speech
Torre.ai,Mercado Internacional (Remoto - USD),CAD,arQjp34W,"Staff Machine Learning Engineer, Gen AI | Voice & Speech",Weave,United States,Remoto,No especificado,No especificado,,,,NLP / LLMs,https://torre.ai/jobs/weave-staff-machine-learning-engineer-gen-ai-voice-speech
Torre.ai,Mercado Internacional (Remoto - USD),CAD,arQjp34W,"Staff Machine Learning Engineer, Gen AI | Voice & Speech",Weave,United States,Remoto,No especificado,No especificado,,,,Docker / Kubernetes,https://torre.ai/jobs/weave-staff-machine-learning-engineer-gen-ai-voice-speech
Torre.ai,Mercado Internacional (Remoto - USD),CAD,arQjp34W,"Staff Machine Learning Engineer, Gen AI | Voice & Speech",Weave,United States,Remoto,No especificado,No especificado,,,,Bases de Datos NoSQL,https://torre.ai/jobs/weave-staff-machine-learning-engineer-gen-ai-voice-speech
Torre.ai,Mercado Internacional (Remoto - USD),CAD,arQjp34W,"Staff Machine Learning Engineer, Gen AI | Voice & Speech",Weave,United States,Remoto,No especificado,No especificado,,,,MLOps,https://torre.ai/jobs/weave-staff-machine-learning-engineer-gen-ai-voice-speech
Torre.ai,Mercado Internacional (Remoto - USD),CAD,qdP9DRbr,Senior Machine Learning Engineer (Remote - LATAM Based),Arionkoder,"Colombia, Argentina",Remoto,No especificado,No especificado,,,,Python,https://torre.ai/jobs/arionkoder-sr-machine-learning-engineer-remote-latam-based
Torre.ai,Mercado Internacional (Remoto - USD),CAD,qdP9DRbr,Senior Machine Learning Engineer (Remote - LATAM Based),Arionkoder,"Colombia, Argentina",Remoto,No especificado,No especificado,,,,AWS,https://torre.ai/jobs/arionkoder-sr-machine-learning-engineer-remote-latam-based
Torre.ai,Mercado Internacional (Remoto - USD),CAD,qdP9DRbr,Senior Machine Learning Engineer (Remote - LATAM Based),Arionkoder,"Colombia, Argentina",Remoto,No especificado,No especificado,,,,Machine Learning General,https://torre.ai/jobs/arionkoder-sr-machine-learning-engineer-remote-latam-based
Torre.ai,Mercado Internacional (Remoto - USD),CAD,qdP9DRbr,Senior Machine Learning Engineer (Remote - LATAM Based),Arionkoder,"Colombia, Argentina",Remoto,No especificado,No especificado,,,,Deep Learning,https://torre.ai/jobs/arionkoder-sr-machine-learning-engineer-remote-latam-based
Torre.ai,Mercado Internacional (Remoto - USD),CAD,qdP9DRbr,Senior Machine Learning Engineer (Remote - LATAM Based),Arionkoder,"Colombia, Argentina",Remoto,No especificado,No especificado,,,,Computer Vision,https://torre.ai/jobs/arionkoder-sr-machine-learning-engineer-remote-latam-based
Torre.ai,Mercado Internacional (Remoto - USD),CAD,qdP9DRbr,Senior Machine Learning Engineer (Remote - LATAM Based),Arionkoder,"Colombia, Argentina",Remoto,No especificado,No especificado,,,,Git / Control de Versiones,https://torre.ai/jobs/arionkoder-sr-machine-learning-engineer-remote-latam-based
Torre.ai,Mercado Internacional (Remoto - USD),CAD,qdP9DRbr,Senior Machine Learning Engineer (Remote - LATAM Based),Arionkoder,"Colombia, Argentina",Remoto,No especificado,No especificado,,,,MLOps,https://torre.ai/jobs/arionkoder-sr-machine-learning-engineer-remote-latam-based
Torre.ai,Mercado Internacional (Remoto - USD),USD,ed8pp3ed,"Research Staff, Data Science",Deepgram,United States,Remoto,No especificado,No especificado,,61666666.666666664,61.666666666666664,Python,https://torre.ai/jobs/deepgram-research-staff-data-science-1
Torre.ai,Mercado Internacional (Remoto - USD),USD,ed8pp3ed,"Research Staff, Data Science",Deepgram,United States,Remoto,No especificado,No especificado,,61666666.666666664,61.666666666666664,Deep Learning,https://torre.ai/jobs/deepgram-research-staff-data-science-1
Torre.ai,Mercado Internacional (Remoto - USD),USD,ed8pp3ed,"Research Staff, Data Science",Deepgram,United States,Remoto,No especificado,No especificado,,61666666.666666664,61.666666666666664,PyTorch,https://torre.ai/jobs/deepgram-research-staff-data-science-1
Torre.ai,Mercado Internacional (Remoto - USD),USD,NrJOOxYW,"Director, Client Data Science",Foodsmart,United States,Remoto,No especificado,No especificado,,68333333.33333333,68.33333333333333,Python,https://torre.ai/jobs/foodsmart-director-client-data-science
Torre.ai,Mercado Internacional (Remoto - USD),USD,NrJOOxYW,"Director, Client Data Science",Foodsmart,United States,Remoto,No especificado,No especificado,,68333333.33333333,68.33333333333333,SQL,https://torre.ai/jobs/foodsmart-director-client-data-science
Torre.ai,Mercado Internacional (Remoto - USD),USD,NrJOOxYW,"Director, Client Data Science",Foodsmart,United States,Remoto,No especificado,No especificado,,68333333.33333333,68.33333333333333,ETL / Pipelines de Datos,https://torre.ai/jobs/foodsmart-director-client-data-science
Torre.ai,Mercado Internacional (Remoto - USD),CAD,VWMqMEBW,Machine Learning Engineer (Remote),StackAdapt,United Kingdom,Remoto,No especificado,No especificado,,,,Python,https://torre.ai/jobs/stackadapt-machine-learning-engineer-remote
Torre.ai,Mercado Internacional (Remoto - USD),CAD,VWMqMEBW,Machine Learning Engineer (Remote),StackAdapt,United Kingdom,Remoto,No especificado,No especificado,,,,Machine Learning General,https://torre.ai/jobs/stackadapt-machine-learning-engineer-remote
Torre.ai,Mercado Internacional (Remoto - USD),CAD,VWMqMEBW,Machine Learning Engineer (Remote),StackAdapt,United Kingdom,Remoto,No especificado,No especificado,,,,ETL / Pipelines de Datos,https://torre.ai/jobs/stackadapt-machine-learning-engineer-remote
Torre.ai,Mercado Internacional (Remoto - USD),USD,JWO8VZ6w,Machine Learning Engineer,AI Talent Hunt,"Canadá, USA",Remoto,No especificado,No especificado,,65833333.33333333,65.83333333333333,Python,https://torre.ai/jobs/ai-talent-hunt-machine-learning-engineer
Torre.ai,Mercado Internacional (Remoto - USD),USD,JWO8VZ6w,Machine Learning Engineer,AI Talent Hunt,"Canadá, USA",Remoto,No especificado,No especificado,,65833333.33333333,65.83333333333333,SQL,https://torre.ai/jobs/ai-talent-hunt-machine-learning-engineer
Torre.ai,Mercado Internacional (Remoto - USD),USD,JWO8VZ6w,Machine Learning Engineer,AI Talent Hunt,"Canadá, USA",Remoto,No especificado,No especificado,,65833333.33333333,65.83333333333333,Machine Learning General,https://torre.ai/jobs/ai-talent-hunt-machine-learning-engineer
Torre.ai,Mercado Internacional (Remoto - USD),USD,JWO8VZ6w,Machine Learning Engineer,AI Talent Hunt,"Canadá, USA",Remoto,No especificado,No especificado,,65833333.33333333,65.83333333333333,ETL / Pipelines de Datos,https://torre.ai/jobs/ai-talent-hunt-machine-learning-engineer
Torre.ai,Mercado Internacional (Remoto - USD),USD,JWO8VZ6w,Machine Learning Engineer,AI Talent Hunt,"Canadá, USA",Remoto,No especificado,No especificado,,65833333.33333333,65.83333333333333,MLOps,https://torre.ai/jobs/ai-talent-hunt-machine-learning-engineer
Torre.ai,Mercado Internacional (Remoto - USD),CAD,Qwe1BDYw,Staff Machine Learning Engineer,SurveyMonkey,Italy,Remoto,No especificado,No especificado,,,,Kafka,https://torre.ai/jobs/surveymonkey-staff-machine-learning-engineer
Torre.ai,Mercado Internacional (Remoto - USD),CAD,Qwe1BDYw,Staff Machine Learning Engineer,SurveyMonkey,Italy,Remoto,No especificado,No especificado,,,,AWS,https://torre.ai/jobs/surveymonkey-staff-machine-learning-engineer
Torre.ai,Mercado Internacional (Remoto - USD),CAD,Qwe1BDYw,Staff Machine Learning Engineer,SurveyMonkey,Italy,Remoto,No especificado,No especificado,,,,Machine Learning General,https://torre.ai/jobs/surveymonkey-staff-machine-learning-engineer
Torre.ai,Mercado Internacional (Remoto - USD),CAD,Qwe1BDYw,Staff Machine Learning Engineer,SurveyMonkey,Italy,Remoto,No especificado,No especificado,,,,NLP / LLMs,https://torre.ai/jobs/surveymonkey-staff-machine-learning-engineer
Torre.ai,Mercado Internacional (Remoto - USD),CAD,Qwe1BDYw,Staff Machine Learning Engineer,SurveyMonkey,Italy,Remoto,No especificado,No especificado,,,,Docker / Kubernetes,https://torre.ai/jobs/surveymonkey-staff-machine-learning-engineer
Torre.ai,Mercado Internacional (Remoto - USD),USD,kWRgx57w,"Staff, Analytics Engineer, GTM Data Science & Analytics",Twilio,United States,Remoto,No especificado,No especificado,,58320000.0,58.32,SQL,https://torre.ai/jobs/twilio-staff-analytics-engineer-gtm-data-science-analytics
Torre.ai,Mercado Internacional (Remoto - USD),USD,kWRgx57w,"Staff, Analytics Engineer, GTM Data Science & Analytics",Twilio,United States,Remoto,No especificado,No especificado,,58320000.0,58.32,ETL / Pipelines de Datos,https://torre.ai/jobs/twilio-staff-analytics-engineer-gtm-data-science-analytics
Torre.ai,Mercado Internacional (Remoto - USD),USD,ZWXzxx1d,"Research Engineer, Machine Learning Systems",Deepgram,United States,Remoto,No especificado,No especificado,,66666666.66666667,66.66666666666667,Machine Learning General,https://torre.ai/jobs/deepgram-research-engineer-machine-learning-systems
Torre.ai,Mercado Internacional (Remoto - USD),USD,ZWXzxx1d,"Research Engineer, Machine Learning Systems",Deepgram,United States,Remoto,No especificado,No especificado,,66666666.66666667,66.66666666666667,Docker / Kubernetes,https://torre.ai/jobs/deepgram-research-engineer-machine-learning-systems
Torre.ai,Mercado Internacional (Remoto - USD),USD,ZWXzxx1d,"Research Engineer, Machine Learning Systems",Deepgram,United States,Remoto,No especificado,No especificado,,66666666.66666667,66.66666666666667,MLOps,https://torre.ai/jobs/deepgram-research-engineer-machine-learning-systems
Torre.ai,Mercado Internacional (Remoto - USD),CAD,lWgD7ayw,AI / Machine Learning Engineer,DevUps,Global / Remoto,Remoto,No especificado,No especificado,,,,Python,https://torre.ai/jobs/devups-ai-machine-learning-engineer
Torre.ai,Mercado Internacional (Remoto - USD),CAD,lWgD7ayw,AI / Machine Learning Engineer,DevUps,Global / Remoto,Remoto,No especificado,No especificado,,,,SQL,https://torre.ai/jobs/devups-ai-machine-learning-engineer
Torre.ai,Mercado Internacional (Remoto - USD),CAD,lWgD7ayw,AI / Machine Learning Engineer,DevUps,Global / Remoto,Remoto,No especificado,No especificado,,,,Spark / PySpark,https://torre.ai/jobs/devups-ai-machine-learning-engineer
Torre.ai,Mercado Internacional (Remoto - USD),CAD,lWgD7ayw,AI / Machine Learning Engineer,DevUps,Global / Remoto,Remoto,No especificado,No especificado,,,,Azure,https://torre.ai/jobs/devups-ai-machine-learning-engineer
Torre.ai,Mercado Internacional (Remoto - USD),CAD,lWgD7ayw,AI / Machine Learning Engineer,DevUps,Global / Remoto,Remoto,No especificado,No especificado,,,,Google Cloud (GCP),https://torre.ai/jobs/devups-ai-machine-learning-engineer
Torre.ai,Mercado Internacional (Remoto - USD),CAD,lWgD7ayw,AI / Machine Learning Engineer,DevUps,Global / Remoto,Remoto,No especificado,No especificado,,,,Machine Learning General,https://torre.ai/jobs/devups-ai-machine-learning-engineer
Torre.ai,Mercado Internacional (Remoto - USD),CAD,lWgD7ayw,AI / Machine Learning Engineer,DevUps,Global / Remoto,Remoto,No especificado,No especificado,,,,TensorFlow / Keras,https://torre.ai/jobs/devups-ai-machine-learning-engineer
Torre.ai,Mercado Internacional (Remoto - USD),CAD,lWgD7ayw,AI / Machine Learning Engineer,DevUps,Global / Remoto,Remoto,No especificado,No especificado,,,,PyTorch,https://torre.ai/jobs/devups-ai-machine-learning-engineer
Torre.ai,Mercado Internacional (Remoto - USD),CAD,lWgD7ayw,AI / Machine Learning Engineer,DevUps,Global / Remoto,Remoto,No especificado,No especificado,,,,ETL / Pipelines de Datos,https://torre.ai/jobs/devups-ai-machine-learning-engineer
Torre.ai,Mercado Internacional (Remoto - USD),CAD,lWgD7ayw,AI / Machine Learning Engineer,DevUps,Global / Remoto,Remoto,No especificado,No especificado,,,,Docker / Kubernetes,https://torre.ai/jobs/devups-ai-machine-learning-engineer
Torre.ai,Mercado Internacional (Remoto - USD),CAD,lWgD7ayw,AI / Machine Learning Engineer,DevUps,Global / Remoto,Remoto,No especificado,No especificado,,,,MLOps,https://torre.ai/jobs/devups-ai-machine-learning-engineer
Torre.ai,Mercado Internacional (Remoto - USD),CAD,ZW57GXpd,Machine Learning Engineer (GCP Certified),DevUps,Global / Remoto,Remoto,No especificado,No especificado,,,,Python,https://torre.ai/jobs/devups-machine-learning-engineer-gcp-certified
Torre.ai,Mercado Internacional (Remoto - USD),CAD,ZW57GXpd,Machine Learning Engineer (GCP Certified),DevUps,Global / Remoto,Remoto,No especificado,No especificado,,,,SQL,https://torre.ai/jobs/devups-machine-learning-engineer-gcp-certified
Torre.ai,Mercado Internacional (Remoto - USD),CAD,ZW57GXpd,Machine Learning Engineer (GCP Certified),DevUps,Global / Remoto,Remoto,No especificado,No especificado,,,,Google Cloud (GCP),https://torre.ai/jobs/devups-machine-learning-engineer-gcp-certified
Torre.ai,Mercado Internacional (Remoto - USD),CAD,ZW57GXpd,Machine Learning Engineer (GCP Certified),DevUps,Global / Remoto,Remoto,No especificado,No especificado,,,,Machine Learning General,https://torre.ai/jobs/devups-machine-learning-engineer-gcp-certified
Torre.ai,Mercado Internacional (Remoto - USD),CAD,ZW57GXpd,Machine Learning Engineer (GCP Certified),DevUps,Global / Remoto,Remoto,No especificado,No especificado,,,,NLP / LLMs,https://torre.ai/jobs/devups-machine-learning-engineer-gcp-certified
Torre.ai,Mercado Internacional (Remoto - USD),CAD,ZW57GXpd,Machine Learning Engineer (GCP Certified),DevUps,Global / Remoto,Remoto,No especificado,No especificado,,,,Computer Vision,https://torre.ai/jobs/devups-machine-learning-engineer-gcp-certified
Torre.ai,Mercado Internacional (Remoto - USD),CAD,ZW57GXpd,Machine Learning Engineer (GCP Certified),DevUps,Global / Remoto,Remoto,No especificado,No especificado,,,,Scikit-Learn,https://torre.ai/jobs/devups-machine-learning-engineer-gcp-certified
Torre.ai,Mercado Internacional (Remoto - USD),CAD,ZW57GXpd,Machine Learning Engineer (GCP Certified),DevUps,Global / Remoto,Remoto,No especificado,No especificado,,,,TensorFlow / Keras,https://torre.ai/jobs/devups-machine-learning-engineer-gcp-certified
Torre.ai,Mercado Internacional (Remoto - USD),CAD,ZW57GXpd,Machine Learning Engineer (GCP Certified),DevUps,Global / Remoto,Remoto,No especificado,No especificado,,,,PyTorch,https://torre.ai/jobs/devups-machine-learning-engineer-gcp-certified
Torre.ai,Mercado Internacional (Remoto - USD),CAD,ZW57GXpd,Machine Learning Engineer (GCP Certified),DevUps,Global / Remoto,Remoto,No especificado,No especificado,,,,ETL / Pipelines de Datos,https://torre.ai/jobs/devups-machine-learning-engineer-gcp-certified
Torre.ai,Mercado Internacional (Remoto - USD),CAD,ZW57GXpd,Machine Learning Engineer (GCP Certified),DevUps,Global / Remoto,Remoto,No especificado,No especificado,,,,Docker / Kubernetes,https://torre.ai/jobs/devups-machine-learning-engineer-gcp-certified
Torre.ai,Mercado Internacional (Remoto - USD),CAD,ZW57GXpd,Machine Learning Engineer (GCP Certified),DevUps,Global / Remoto,Remoto,No especificado,No especificado,,,,Bases de Datos NoSQL,https://torre.ai/jobs/devups-machine-learning-engineer-gcp-certified
Torre.ai,Mercado Internacional (Remoto - USD),CAD,ZW57GXpd,Machine Learning Engineer (GCP Certified),DevUps,Global / Remoto,Remoto,No especificado,No especificado,,,,MLOps,https://torre.ai/jobs/devups-machine-learning-engineer-gcp-certified
Torre.ai,Mercado Internacional (Remoto - USD),CAD,OwGo7A6w,"Senior Machine Learning Engineer, Ads",Quora,Global / Remoto,Remoto,No especificado,No especificado,,,,Python,https://torre.ai/jobs/quora-senior-machine-learning-engineer-ads
Torre.ai,Mercado Internacional (Remoto - USD),CAD,OwGo7A6w,"Senior Machine Learning Engineer, Ads",Quora,Global / Remoto,Remoto,No especificado,No especificado,,,,Machine Learning General,https://torre.ai/jobs/quora-senior-machine-learning-engineer-ads
Torre.ai,Mercado Internacional (Remoto - USD),CAD,OwGo7A6w,"Senior Machine Learning Engineer, Ads",Quora,Global / Remoto,Remoto,No especificado,No especificado,,,,TensorFlow / Keras,https://torre.ai/jobs/quora-senior-machine-learning-engineer-ads
Torre.ai,Mercado Internacional (Remoto - USD),CAD,OwGo7A6w,"Senior Machine Learning Engineer, Ads",Quora,Global / Remoto,Remoto,No especificado,No especificado,,,,PyTorch,https://torre.ai/jobs/quora-senior-machine-learning-engineer-ads
Torre.ai,Mercado Internacional (Remoto - USD),CAD,KWN18x8r,Senior Data Science Evaluation Specialist (5+ Yrs Exp),Mercor,Global / Remoto,Remoto,No especificado,No especificado,,,,Python,https://torre.ai/jobs/mercor-senior-data-science-evaluation-specialist-5-yrs-exp
Torre.ai,Mercado Internacional (Remoto - USD),CAD,KWN18x8r,Senior Data Science Evaluation Specialist (5+ Yrs Exp),Mercor,Global / Remoto,Remoto,No especificado,No especificado,,,,SQL,https://torre.ai/jobs/mercor-senior-data-science-evaluation-specialist-5-yrs-exp
Torre.ai,Mercado Internacional (Remoto - USD),CAD,qdPDK3Ad,"Staff Machine Learning Research Scientist (NLP, Clinical AI)",Rad AI,United States,Remoto,No especificado,No especificado,,,,Machine Learning General,https://torre.ai/jobs/rad-ai-staff-machine-learning-research-scientist-nlp-clinical-ai
Torre.ai,Mercado Internacional (Remoto - USD),CAD,qdPDK3Ad,"Staff Machine Learning Research Scientist (NLP, Clinical AI)",Rad AI,United States,Remoto,No especificado,No especificado,,,,NLP / LLMs,https://torre.ai/jobs/rad-ai-staff-machine-learning-research-scientist-nlp-clinical-ai
Torre.ai,Mercado Internacional (Remoto - USD),CAD,qdPDK3Ad,"Staff Machine Learning Research Scientist (NLP, Clinical AI)",Rad AI,United States,Remoto,No especificado,No especificado,,,,Computer Vision,https://torre.ai/jobs/rad-ai-staff-machine-learning-research-scientist-nlp-clinical-ai
Torre.ai,Mercado Internacional (Remoto - USD),CAD,qdPDK3Ad,"Staff Machine Learning Research Scientist (NLP, Clinical AI)",Rad AI,United States,Remoto,No especificado,No especificado,,,,PyTorch,https://torre.ai/jobs/rad-ai-staff-machine-learning-research-scientist-nlp-clinical-ai
Torre.ai,Mercado Internacional (Remoto - USD),CAD,VdLOxJ5w,Senior Machine Learning Engineer (ASR) - Voice Experience,Cresta,Global / Remoto,Remoto,No especificado,No especificado,,,,Machine Learning General,https://torre.ai/jobs/cresta-senior-machine-learning-engineer-asr-voice-experience
Torre.ai,Mercado Internacional (Remoto - USD),CAD,VdLOxJ5w,Senior Machine Learning Engineer (ASR) - Voice Experience,Cresta,Global / Remoto,Remoto,No especificado,No especificado,,,,NLP / LLMs,https://torre.ai/jobs/cresta-senior-machine-learning-engineer-asr-voice-experience
Torre.ai,Mercado Internacional (Remoto - USD),CAD,VdLOxJ5w,Senior Machine Learning Engineer (ASR) - Voice Experience,Cresta,Global / Remoto,Remoto,No especificado,No especificado,,,,TensorFlow / Keras,https://torre.ai/jobs/cresta-senior-machine-learning-engineer-asr-voice-experience
Torre.ai,Mercado Internacional (Remoto - USD),CAD,VdLOxJ5w,Senior Machine Learning Engineer (ASR) - Voice Experience,Cresta,Global / Remoto,Remoto,No especificado,No especificado,,,,PyTorch,https://torre.ai/jobs/cresta-senior-machine-learning-engineer-asr-voice-experience
Torre.ai,Mercado Internacional (Remoto - USD),CAD,VdLOxJ5w,Senior Machine Learning Engineer (ASR) - Voice Experience,Cresta,Global / Remoto,Remoto,No especificado,No especificado,,,,ETL / Pipelines de Datos,https://torre.ai/jobs/cresta-senior-machine-learning-engineer-asr-voice-experience
Torre.ai,Mercado Internacional (Remoto - USD),CAD,lr418D3W,Senior Machine Learning Engineer,Solidgate,Ukraine,Remoto,No especificado,No especificado,,,,Python,https://torre.ai/jobs/solidgate-senior-machine-learning-engineer
Torre.ai,Mercado Internacional (Remoto - USD),CAD,lr418D3W,Senior Machine Learning Engineer,Solidgate,Ukraine,Remoto,No especificado,No especificado,,,,Machine Learning General,https://torre.ai/jobs/solidgate-senior-machine-learning-engineer
Torre.ai,Mercado Internacional (Remoto - USD),CAD,VdLOPLBw,Head of Machine Learning,Solidgate,Ukraine,Remoto,No especificado,No especificado,,,,Machine Learning General,https://torre.ai/jobs/solidgate-head-of-machine-learning
Torre.ai,Mercado Internacional (Remoto - USD),CAD,VdLOPLBw,Head of Machine Learning,Solidgate,Ukraine,Remoto,No especificado,No especificado,,,,MLOps,https://torre.ai/jobs/solidgate-head-of-machine-learning
Torre.ai,Mercado Internacional (Remoto - USD),CAD,Yd6pl4OW,"Senior Technical Program Manager, Machine Learning Infrastructure",Cohere,Canada,Remoto,No especificado,No especificado,,,,Machine Learning General,https://torre.ai/jobs/cohere-senior-technical-program-manager-machine-learning-infrastructure
Torre.ai,Mercado Internacional (Remoto - USD),CAD,lr4p0ZLr,Machine Learning Intern/Co-Op (Winter 2027),Cohere,"Canada, United States",Remoto,No especificado,No especificado,,,,Python,https://torre.ai/jobs/cohere-machine-learning-internco-op-winter-2027
Torre.ai,Mercado Internacional (Remoto - USD),CAD,lr4p0ZLr,Machine Learning Intern/Co-Op (Winter 2027),Cohere,"Canada, United States",Remoto,No especificado,No especificado,,,,Machine Learning General,https://torre.ai/jobs/cohere-machine-learning-internco-op-winter-2027
Torre.ai,Mercado Internacional (Remoto - USD),CAD,lr4p0ZLr,Machine Learning Intern/Co-Op (Winter 2027),Cohere,"Canada, United States",Remoto,No especificado,No especificado,,,,TensorFlow / Keras,https://torre.ai/jobs/cohere-machine-learning-internco-op-winter-2027
Torre.ai,Mercado Internacional (Remoto - USD),CAD,2W1pN3nr,"Data Annotation Specialist, Data Science",Cohere,Canada,Remoto,No especificado,No especificado,,18560000.0,18.56,Python,https://torre.ai/jobs/cohere-data-annotation-specialist-data-science
Torre.ai,Mercado Internacional (Remoto - USD),CAD,2W1pN3nr,"Data Annotation Specialist, Data Science",Cohere,Canada,Remoto,No especificado,No especificado,,18560000.0,18.56,SQL,https://torre.ai/jobs/cohere-data-annotation-specialist-data-science
Torre.ai,Mercado Internacional (Remoto - USD),CAD,arQjp34W,"Staff Machine Learning Engineer, Gen AI | Voice & Speech",Weave,United States,Remoto,No especificado,No especificado,,,,SQL,https://torre.ai/jobs/weave-staff-machine-learning-engineer-gen-ai-voice-speech
Torre.ai,Mercado Internacional (Remoto - USD),CAD,arQjp34W,"Staff Machine Learning Engineer, Gen AI | Voice & Speech",Weave,United States,Remoto,No especificado,No especificado,,,,AWS,https://torre.ai/jobs/weave-staff-machine-learning-engineer-gen-ai-voice-speech
Torre.ai,Mercado Internacional (Remoto - USD),CAD,arQjp34W,"Staff Machine Learning Engineer, Gen AI | Voice & Speech",Weave,United States,Remoto,No especificado,No especificado,,,,Google Cloud (GCP),https://torre.ai/jobs/weave-staff-machine-learning-engineer-gen-ai-voice-speech
Torre.ai,Mercado Internacional (Remoto - USD),CAD,arQjp34W,"Staff Machine Learning Engineer, Gen AI | Voice & Speech",Weave,United States,Remoto,No especificado,No especificado,,,,Machine Learning General,https://torre.ai/jobs/weave-staff-machine-learning-engineer-gen-ai-voice-speech
Torre.ai,Mercado Internacional (Remoto - USD),CAD,arQjp34W,"Staff Machine Learning Engineer, Gen AI | Voice & Speech",Weave,United States,Remoto,No especificado,No especificado,,,,NLP / LLMs,https://torre.ai/jobs/weave-staff-machine-learning-engineer-gen-ai-voice-speech
Torre.ai,Mercado Internacional (Remoto - USD),CAD,arQjp34W,"Staff Machine Learning Engineer, Gen AI | Voice & Speech",Weave,United States,Remoto,No especificado,No especificado,,,,Docker / Kubernetes,https://torre.ai/jobs/weave-staff-machine-learning-engineer-gen-ai-voice-speech
Torre.ai,Mercado Internacional (Remoto - USD),CAD,arQjp34W,"Staff Machine Learning Engineer, Gen AI | Voice & Speech",Weave,United States,Remoto,No especificado,No especificado,,,,Bases de Datos NoSQL,https://torre.ai/jobs/weave-staff-machine-learning-engineer-gen-ai-voice-speech
Torre.ai,Mercado Internacional (Remoto - USD),CAD,arQjp34W,"Staff Machine Learning Engineer, Gen AI | Voice & Speech",Weave,United States,Remoto,No especificado,No especificado,,,,MLOps,https://torre.ai/jobs/weave-staff-machine-learning-engineer-gen-ai-voice-speech
Torre.ai,Mercado Internacional (Remoto - USD),CAD,qdP9DRbr,Senior Machine Learning Engineer (Remote - LATAM Based),Arionkoder,"Colombia, Argentina",Remoto,No especificado,No especificado,,,,Python,https://torre.ai/jobs/arionkoder-sr-machine-learning-engineer-remote-latam-based
Torre.ai,Mercado Internacional (Remoto - USD),CAD,qdP9DRbr,Senior Machine Learning Engineer (Remote - LATAM Based),Arionkoder,"Colombia, Argentina",Remoto,No especificado,No especificado,,,,AWS,https://torre.ai/jobs/arionkoder-sr-machine-learning-engineer-remote-latam-based
Torre.ai,Mercado Internacional (Remoto - USD),CAD,qdP9DRbr,Senior Machine Learning Engineer (Remote - LATAM Based),Arionkoder,"Colombia, Argentina",Remoto,No especificado,No especificado,,,,Machine Learning General,https://torre.ai/jobs/arionkoder-sr-machine-learning-engineer-remote-latam-based
Torre.ai,Mercado Internacional (Remoto - USD),CAD,qdP9DRbr,Senior Machine Learning Engineer (Remote - LATAM Based),Arionkoder,"Colombia, Argentina",Remoto,No especificado,No especificado,,,,Deep Learning,https://torre.ai/jobs/arionkoder-sr-machine-learning-engineer-remote-latam-based
Torre.ai,Mercado Internacional (Remoto - USD),CAD,qdP9DRbr,Senior Machine Learning Engineer (Remote - LATAM Based),Arionkoder,"Colombia, Argentina",Remoto,No especificado,No especificado,,,,Computer Vision,https://torre.ai/jobs/arionkoder-sr-machine-learning-engineer-remote-latam-based
Torre.ai,Mercado Internacional (Remoto - USD),CAD,qdP9DRbr,Senior Machine Learning Engineer (Remote - LATAM Based),Arionkoder,"Colombia, Argentina",Remoto,No especificado,No especificado,,,,Git / Control de Versiones,https://torre.ai/jobs/arionkoder-sr-machine-learning-engineer-remote-latam-based
Torre.ai,Mercado Internacional (Remoto - USD),CAD,qdP9DRbr,Senior Machine Learning Engineer (Remote - LATAM Based),Arionkoder,"Colombia, Argentina",Remoto,No especificado,No especificado,,,,MLOps,https://torre.ai/jobs/arionkoder-sr-machine-learning-engineer-remote-latam-based
Torre.ai,Mercado Internacional (Remoto - USD),USD,ed8pp3ed,"Research Staff, Data Science",Deepgram,United States,Remoto,No especificado,No especificado,,61666666.666666664,61.666666666666664,Python,https://torre.ai/jobs/deepgram-research-staff-data-science-1
Torre.ai,Mercado Internacional (Remoto - USD),USD,ed8pp3ed,"Research Staff, Data Science",Deepgram,United States,Remoto,No especificado,No especificado,,61666666.666666664,61.666666666666664,Deep Learning,https://torre.ai/jobs/deepgram-research-staff-data-science-1
Torre.ai,Mercado Internacional (Remoto - USD),USD,ed8pp3ed,"Research Staff, Data Science",Deepgram,United States,Remoto,No especificado,No especificado,,61666666.666666664,61.666666666666664,PyTorch,https://torre.ai/jobs/deepgram-research-staff-data-science-1
Torre.ai,Mercado Internacional (Remoto - USD),USD,NrJOOxYW,"Director, Client Data Science",Foodsmart,United States,Remoto,No especificado,No especificado,,68333333.33333333,68.33333333333333,Python,https://torre.ai/jobs/foodsmart-director-client-data-science
Torre.ai,Mercado Internacional (Remoto - USD),USD,NrJOOxYW,"Director, Client Data Science",Foodsmart,United States,Remoto,No especificado,No especificado,,68333333.33333333,68.33333333333333,SQL,https://torre.ai/jobs/foodsmart-director-client-data-science
Torre.ai,Mercado Internacional (Remoto - USD),USD,NrJOOxYW,"Director, Client Data Science",Foodsmart,United States,Remoto,No especificado,No especificado,,68333333.33333333,68.33333333333333,ETL / Pipelines de Datos,https://torre.ai/jobs/foodsmart-director-client-data-science
Torre.ai,Mercado Internacional (Remoto - USD),CAD,VWMqMEBW,Machine Learning Engineer (Remote),StackAdapt,United Kingdom,Remoto,No especificado,No especificado,,,,Python,https://torre.ai/jobs/stackadapt-machine-learning-engineer-remote
Torre.ai,Mercado Internacional (Remoto - USD),CAD,VWMqMEBW,Machine Learning Engineer (Remote),StackAdapt,United Kingdom,Remoto,No especificado,No especificado,,,,Machine Learning General,https://torre.ai/jobs/stackadapt-machine-learning-engineer-remote
Torre.ai,Mercado Internacional (Remoto - USD),CAD,VWMqMEBW,Machine Learning Engineer (Remote),StackAdapt,United Kingdom,Remoto,No especificado,No especificado,,,,ETL / Pipelines de Datos,https://torre.ai/jobs/stackadapt-machine-learning-engineer-remote
Torre.ai,Mercado Internacional (Remoto - USD),USD,JWO8VZ6w,Machine Learning Engineer,AI Talent Hunt,"Canadá, USA",Remoto,No especificado,No especificado,,65833333.33333333,65.83333333333333,Python,https://torre.ai/jobs/ai-talent-hunt-machine-learning-engineer
Torre.ai,Mercado Internacional (Remoto - USD),USD,JWO8VZ6w,Machine Learning Engineer,AI Talent Hunt,"Canadá, USA",Remoto,No especificado,No especificado,,65833333.33333333,65.83333333333333,SQL,https://torre.ai/jobs/ai-talent-hunt-machine-learning-engineer
Torre.ai,Mercado Internacional (Remoto - USD),USD,JWO8VZ6w,Machine Learning Engineer,AI Talent Hunt,"Canadá, USA",Remoto,No especificado,No especificado,,65833333.33333333,65.83333333333333,Machine Learning General,https://torre.ai/jobs/ai-talent-hunt-machine-learning-engineer
Torre.ai,Mercado Internacional (Remoto - USD),USD,JWO8VZ6w,Machine Learning Engineer,AI Talent Hunt,"Canadá, USA",Remoto,No especificado,No especificado,,65833333.33333333,65.83333333333333,ETL / Pipelines de Datos,https://torre.ai/jobs/ai-talent-hunt-machine-learning-engineer
Torre.ai,Mercado Internacional (Remoto - USD),USD,JWO8VZ6w,Machine Learning Engineer,AI Talent Hunt,"Canadá, USA",Remoto,No especificado,No especificado,,65833333.33333333,65.83333333333333,MLOps,https://torre.ai/jobs/ai-talent-hunt-machine-learning-engineer
Torre.ai,Mercado Internacional (Remoto - USD),CAD,Qwe1BDYw,Staff Machine Learning Engineer,SurveyMonkey,Italy,Remoto,No especificado,No especificado,,,,Kafka,https://torre.ai/jobs/surveymonkey-staff-machine-learning-engineer
Torre.ai,Mercado Internacional (Remoto - USD),CAD,Qwe1BDYw,Staff Machine Learning Engineer,SurveyMonkey,Italy,Remoto,No especificado,No especificado,,,,AWS,https://torre.ai/jobs/surveymonkey-staff-machine-learning-engineer
Torre.ai,Mercado Internacional (Remoto - USD),CAD,Qwe1BDYw,Staff Machine Learning Engineer,SurveyMonkey,Italy,Remoto,No especificado,No especificado,,,,Machine Learning General,https://torre.ai/jobs/surveymonkey-staff-machine-learning-engineer
Torre.ai,Mercado Internacional (Remoto - USD),CAD,Qwe1BDYw,Staff Machine Learning Engineer,SurveyMonkey,Italy,Remoto,No especificado,No especificado,,,,NLP / LLMs,https://torre.ai/jobs/surveymonkey-staff-machine-learning-engineer
Torre.ai,Mercado Internacional (Remoto - USD),CAD,Qwe1BDYw,Staff Machine Learning Engineer,SurveyMonkey,Italy,Remoto,No especificado,No especificado,,,,Docker / Kubernetes,https://torre.ai/jobs/surveymonkey-staff-machine-learning-engineer
Torre.ai,Mercado Internacional (Remoto - USD),USD,kWRgx57w,"Staff, Analytics Engineer, GTM Data Science & Analytics",Twilio,United States,Remoto,No especificado,No especificado,,58320000.0,58.32,SQL,https://torre.ai/jobs/twilio-staff-analytics-engineer-gtm-data-science-analytics
Torre.ai,Mercado Internacional (Remoto - USD),USD,kWRgx57w,"Staff, Analytics Engineer, GTM Data Science & Analytics",Twilio,United States,Remoto,No especificado,No especificado,,58320000.0,58.32,ETL / Pipelines de Datos,https://torre.ai/jobs/twilio-staff-analytics-engineer-gtm-data-science-analytics
Torre.ai,Mercado Internacional (Remoto - USD),USD,ZWXzxx1d,"Research Engineer, Machine Learning Systems",Deepgram,United States,Remoto,No especificado,No especificado,,66666666.66666667,66.66666666666667,Machine Learning General,https://torre.ai/jobs/deepgram-research-engineer-machine-learning-systems
Torre.ai,Mercado Internacional (Remoto - USD),USD,ZWXzxx1d,"Research Engineer, Machine Learning Systems",Deepgram,United States,Remoto,No especificado,No especificado,,66666666.66666667,66.66666666666667,Docker / Kubernetes,https://torre.ai/jobs/deepgram-research-engineer-machine-learning-systems
Torre.ai,Mercado Internacional (Remoto - USD),USD,ZWXzxx1d,"Research Engineer, Machine Learning Systems",Deepgram,United States,Remoto,No especificado,No especificado,,66666666.66666667,66.66666666666667,MLOps,https://torre.ai/jobs/deepgram-research-engineer-machine-learning-systems
Torre.ai,Mercado Internacional (Remoto - USD),CAD,lWgD7ayw,AI / Machine Learning Engineer,DevUps,Global / Remoto,Remoto,No especificado,No especificado,,,,Python,https://torre.ai/jobs/devups-ai-machine-learning-engineer
Torre.ai,Mercado Internacional (Remoto - USD),CAD,lWgD7ayw,AI / Machine Learning Engineer,DevUps,Global / Remoto,Remoto,No especificado,No especificado,,,,SQL,https://torre.ai/jobs/devups-ai-machine-learning-engineer
Torre.ai,Mercado Internacional (Remoto - USD),CAD,lWgD7ayw,AI / Machine Learning Engineer,DevUps,Global / Remoto,Remoto,No especificado,No especificado,,,,Spark / PySpark,https://torre.ai/jobs/devups-ai-machine-learning-engineer
Torre.ai,Mercado Internacional (Remoto - USD),CAD,lWgD7ayw,AI / Machine Learning Engineer,DevUps,Global / Remoto,Remoto,No especificado,No especificado,,,,Azure,https://torre.ai/jobs/devups-ai-machine-learning-engineer
Torre.ai,Mercado Internacional (Remoto - USD),CAD,lWgD7ayw,AI / Machine Learning Engineer,DevUps,Global / Remoto,Remoto,No especificado,No especificado,,,,Google Cloud (GCP),https://torre.ai/jobs/devups-ai-machine-learning-engineer
Torre.ai,Mercado Internacional (Remoto - USD),CAD,lWgD7ayw,AI / Machine Learning Engineer,DevUps,Global / Remoto,Remoto,No especificado,No especificado,,,,Machine Learning General,https://torre.ai/jobs/devups-ai-machine-learning-engineer
Torre.ai,Mercado Internacional (Remoto - USD),CAD,lWgD7ayw,AI / Machine Learning Engineer,DevUps,Global / Remoto,Remoto,No especificado,No especificado,,,,TensorFlow / Keras,https://torre.ai/jobs/devups-ai-machine-learning-engineer
Torre.ai,Mercado Internacional (Remoto - USD),CAD,lWgD7ayw,AI / Machine Learning Engineer,DevUps,Global / Remoto,Remoto,No especificado,No especificado,,,,PyTorch,https://torre.ai/jobs/devups-ai-machine-learning-engineer
Torre.ai,Mercado Internacional (Remoto - USD),CAD,lWgD7ayw,AI / Machine Learning Engineer,DevUps,Global / Remoto,Remoto,No especificado,No especificado,,,,ETL / Pipelines de Datos,https://torre.ai/jobs/devups-ai-machine-learning-engineer
Torre.ai,Mercado Internacional (Remoto - USD),CAD,lWgD7ayw,AI / Machine Learning Engineer,DevUps,Global / Remoto,Remoto,No especificado,No especificado,,,,Docker / Kubernetes,https://torre.ai/jobs/devups-ai-machine-learning-engineer
Torre.ai,Mercado Internacional (Remoto - USD),CAD,lWgD7ayw,AI / Machine Learning Engineer,DevUps,Global / Remoto,Remoto,No especificado,No especificado,,,,MLOps,https://torre.ai/jobs/devups-ai-machine-learning-engineer
Torre.ai,Mercado Internacional (Remoto - USD),CAD,ZW57GXpd,Machine Learning Engineer (GCP Certified),DevUps,Global / Remoto,Remoto,No especificado,No especificado,,,,Python,https://torre.ai/jobs/devups-machine-learning-engineer-gcp-certified
Torre.ai,Mercado Internacional (Remoto - USD),CAD,ZW57GXpd,Machine Learning Engineer (GCP Certified),DevUps,Global / Remoto,Remoto,No especificado,No especificado,,,,SQL,https://torre.ai/jobs/devups-machine-learning-engineer-gcp-certified
Torre.ai,Mercado Internacional (Remoto - USD),CAD,ZW57GXpd,Machine Learning Engineer (GCP Certified),DevUps,Global / Remoto,Remoto,No especificado,No especificado,,,,Google Cloud (GCP),https://torre.ai/jobs/devups-machine-learning-engineer-gcp-certified
Torre.ai,Mercado Internacional (Remoto - USD),CAD,ZW57GXpd,Machine Learning Engineer (GCP Certified),DevUps,Global / Remoto,Remoto,No especificado,No especificado,,,,Machine Learning General,https://torre.ai/jobs/devups-machine-learning-engineer-gcp-certified
Torre.ai,Mercado Internacional (Remoto - USD),CAD,ZW57GXpd,Machine Learning Engineer (GCP Certified),DevUps,Global / Remoto,Remoto,No especificado,No especificado,,,,NLP / LLMs,https://torre.ai/jobs/devups-machine-learning-engineer-gcp-certified
Torre.ai,Mercado Internacional (Remoto - USD),CAD,ZW57GXpd,Machine Learning Engineer (GCP Certified),DevUps,Global / Remoto,Remoto,No especificado,No especificado,,,,Computer Vision,https://torre.ai/jobs/devups-machine-learning-engineer-gcp-certified
Torre.ai,Mercado Internacional (Remoto - USD),CAD,ZW57GXpd,Machine Learning Engineer (GCP Certified),DevUps,Global / Remoto,Remoto,No especificado,No especificado,,,,Scikit-Learn,https://torre.ai/jobs/devups-machine-learning-engineer-gcp-certified
Torre.ai,Mercado Internacional (Remoto - USD),CAD,ZW57GXpd,Machine Learning Engineer (GCP Certified),DevUps,Global / Remoto,Remoto,No especificado,No especificado,,,,TensorFlow / Keras,https://torre.ai/jobs/devups-machine-learning-engineer-gcp-certified
Torre.ai,Mercado Internacional (Remoto - USD),CAD,ZW57GXpd,Machine Learning Engineer (GCP Certified),DevUps,Global / Remoto,Remoto,No especificado,No especificado,,,,PyTorch,https://torre.ai/jobs/devups-machine-learning-engineer-gcp-certified
Torre.ai,Mercado Internacional (Remoto - USD),CAD,ZW57GXpd,Machine Learning Engineer (GCP Certified),DevUps,Global / Remoto,Remoto,No especificado,No especificado,,,,ETL / Pipelines de Datos,https://torre.ai/jobs/devups-machine-learning-engineer-gcp-certified
Torre.ai,Mercado Internacional (Remoto - USD),CAD,ZW57GXpd,Machine Learning Engineer (GCP Certified),DevUps,Global / Remoto,Remoto,No especificado,No especificado,,,,Docker / Kubernetes,https://torre.ai/jobs/devups-machine-learning-engineer-gcp-certified
Torre.ai,Mercado Internacional (Remoto - USD),CAD,ZW57GXpd,Machine Learning Engineer (GCP Certified),DevUps,Global / Remoto,Remoto,No especificado,No especificado,,,,Bases de Datos NoSQL,https://torre.ai/jobs/devups-machine-learning-engineer-gcp-certified
Torre.ai,Mercado Internacional (Remoto - USD),CAD,ZW57GXpd,Machine Learning Engineer (GCP Certified),DevUps,Global / Remoto,Remoto,No especificado,No especificado,,,,MLOps,https://torre.ai/jobs/devups-machine-learning-engineer-gcp-certified
Torre.ai,Mercado Internacional (Remoto - USD),CAD,OwGo7A6w,"Senior Machine Learning Engineer, Ads",Quora,Global / Remoto,Remoto,No especificado,No especificado,,,,Python,https://torre.ai/jobs/quora-senior-machine-learning-engineer-ads
Torre.ai,Mercado Internacional (Remoto - USD),CAD,OwGo7A6w,"Senior Machine Learning Engineer, Ads",Quora,Global / Remoto,Remoto,No especificado,No especificado,,,,Machine Learning General,https://torre.ai/jobs/quora-senior-machine-learning-engineer-ads
Torre.ai,Mercado Internacional (Remoto - USD),CAD,OwGo7A6w,"Senior Machine Learning Engineer, Ads",Quora,Global / Remoto,Remoto,No especificado,No especificado,,,,TensorFlow / Keras,https://torre.ai/jobs/quora-senior-machine-learning-engineer-ads
Torre.ai,Mercado Internacional (Remoto - USD),CAD,OwGo7A6w,"Senior Machine Learning Engineer, Ads",Quora,Global / Remoto,Remoto,No especificado,No especificado,,,,PyTorch,https://torre.ai/jobs/quora-senior-machine-learning-engineer-ads
Torre.ai,Mercado Internacional (Remoto - USD),CAD,KWN18x8r,Senior Data Science Evaluation Specialist (5+ Yrs Exp),Mercor,Global / Remoto,Remoto,No especificado,No especificado,,,,Python,https://torre.ai/jobs/mercor-senior-data-science-evaluation-specialist-5-yrs-exp
Torre.ai,Mercado Internacional (Remoto - USD),CAD,KWN18x8r,Senior Data Science Evaluation Specialist (5+ Yrs Exp),Mercor,Global / Remoto,Remoto,No especificado,No especificado,,,,SQL,https://torre.ai/jobs/mercor-senior-data-science-evaluation-specialist-5-yrs-exp
Torre.ai,Mercado Internacional (Remoto - USD),CAD,qdPDK3Ad,"Staff Machine Learning Research Scientist (NLP, Clinical AI)",Rad AI,United States,Remoto,No especificado,No especificado,,,,Machine Learning General,https://torre.ai/jobs/rad-ai-staff-machine-learning-research-scientist-nlp-clinical-ai
Torre.ai,Mercado Internacional (Remoto - USD),CAD,qdPDK3Ad,"Staff Machine Learning Research Scientist (NLP, Clinical AI)",Rad AI,United States,Remoto,No especificado,No especificado,,,,NLP / LLMs,https://torre.ai/jobs/rad-ai-staff-machine-learning-research-scientist-nlp-clinical-ai
Torre.ai,Mercado Internacional (Remoto - USD),CAD,qdPDK3Ad,"Staff Machine Learning Research Scientist (NLP, Clinical AI)",Rad AI,United States,Remoto,No especificado,No especificado,,,,Computer Vision,https://torre.ai/jobs/rad-ai-staff-machine-learning-research-scientist-nlp-clinical-ai
Torre.ai,Mercado Internacional (Remoto - USD),CAD,qdPDK3Ad,"Staff Machine Learning Research Scientist (NLP, Clinical AI)",Rad AI,United States,Remoto,No especificado,No especificado,,,,PyTorch,https://torre.ai/jobs/rad-ai-staff-machine-learning-research-scientist-nlp-clinical-ai
Torre.ai,Mercado Internacional (Remoto - USD),CAD,VdLOxJ5w,Senior Machine Learning Engineer (ASR) - Voice Experience,Cresta,Global / Remoto,Remoto,No especificado,No especificado,,,,Machine Learning General,https://torre.ai/jobs/cresta-senior-machine-learning-engineer-asr-voice-experience
Torre.ai,Mercado Internacional (Remoto - USD),CAD,VdLOxJ5w,Senior Machine Learning Engineer (ASR) - Voice Experience,Cresta,Global / Remoto,Remoto,No especificado,No especificado,,,,NLP / LLMs,https://torre.ai/jobs/cresta-senior-machine-learning-engineer-asr-voice-experience
Torre.ai,Mercado Internacional (Remoto - USD),CAD,VdLOxJ5w,Senior Machine Learning Engineer (ASR) - Voice Experience,Cresta,Global / Remoto,Remoto,No especificado,No especificado,,,,TensorFlow / Keras,https://torre.ai/jobs/cresta-senior-machine-learning-engineer-asr-voice-experience
Torre.ai,Mercado Internacional (Remoto - USD),CAD,VdLOxJ5w,Senior Machine Learning Engineer (ASR) - Voice Experience,Cresta,Global / Remoto,Remoto,No especificado,No especificado,,,,PyTorch,https://torre.ai/jobs/cresta-senior-machine-learning-engineer-asr-voice-experience
Torre.ai,Mercado Internacional (Remoto - USD),CAD,VdLOxJ5w,Senior Machine Learning Engineer (ASR) - Voice Experience,Cresta,Global / Remoto,Remoto,No especificado,No especificado,,,,ETL / Pipelines de Datos,https://torre.ai/jobs/cresta-senior-machine-learning-engineer-asr-voice-experience
Torre.ai,Mercado Internacional (Remoto - USD),CAD,lr418D3W,Senior Machine Learning Engineer,Solidgate,Ukraine,Remoto,No especificado,No especificado,,,,Python,https://torre.ai/jobs/solidgate-senior-machine-learning-engineer
Torre.ai,Mercado Internacional (Remoto - USD),CAD,lr418D3W,Senior Machine Learning Engineer,Solidgate,Ukraine,Remoto,No especificado,No especificado,,,,Machine Learning General,https://torre.ai/jobs/solidgate-senior-machine-learning-engineer
Torre.ai,Mercado Internacional (Remoto - USD),CAD,VdLOPLBw,Head of Machine Learning,Solidgate,Ukraine,Remoto,No especificado,No especificado,,,,Machine Learning General,https://torre.ai/jobs/solidgate-head-of-machine-learning
Torre.ai,Mercado Internacional (Remoto - USD),CAD,VdLOPLBw,Head of Machine Learning,Solidgate,Ukraine,Remoto,No especificado,No especificado,,,,MLOps,https://torre.ai/jobs/solidgate-head-of-machine-learning
Torre.ai,Mercado Internacional (Remoto - USD),CAD,Yd6pl4OW,"Senior Technical Program Manager, Machine Learning Infrastructure",Cohere,Canada,Remoto,No especificado,No especificado,,,,Machine Learning General,https://torre.ai/jobs/cohere-senior-technical-program-manager-machine-learning-infrastructure
Torre.ai,Mercado Internacional (Remoto - USD),CAD,lr4p0ZLr,Machine Learning Intern/Co-Op (Winter 2027),Cohere,"Canada, United States",Remoto,No especificado,No especificado,,,,Python,https://torre.ai/jobs/cohere-machine-learning-internco-op-winter-2027
Torre.ai,Mercado Internacional (Remoto - USD),CAD,lr4p0ZLr,Machine Learning Intern/Co-Op (Winter 2027),Cohere,"Canada, United States",Remoto,No especificado,No especificado,,,,Machine Learning General,https://torre.ai/jobs/cohere-machine-learning-internco-op-winter-2027
Torre.ai,Mercado Internacional (Remoto - USD),CAD,lr4p0ZLr,Machine Learning Intern/Co-Op (Winter 2027),Cohere,"Canada, United States",Remoto,No especificado,No especificado,,,,TensorFlow / Keras,https://torre.ai/jobs/cohere-machine-learning-internco-op-winter-2027
Torre.ai,Mercado Internacional (Remoto - USD),CAD,2W1pN3nr,"Data Annotation Specialist, Data Science",Cohere,Canada,Remoto,No especificado,No especificado,,18560000.0,18.56,Python,https://torre.ai/jobs/cohere-data-annotation-specialist-data-science
Torre.ai,Mercado Internacional (Remoto - USD),CAD,2W1pN3nr,"Data Annotation Specialist, Data Science",Cohere,Canada,Remoto,No especificado,No especificado,,18560000.0,18.56,SQL,https://torre.ai/jobs/cohere-data-annotation-specialist-data-science
Torre.ai,Mercado Internacional (Remoto - USD),CAD,arQjp34W,"Staff Machine Learning Engineer, Gen AI | Voice & Speech",Weave,United States,Remoto,No especificado,No especificado,,,,SQL,https://torre.ai/jobs/weave-staff-machine-learning-engineer-gen-ai-voice-speech
Torre.ai,Mercado Internacional (Remoto - USD),CAD,arQjp34W,"Staff Machine Learning Engineer, Gen AI | Voice & Speech",Weave,United States,Remoto,No especificado,No especificado,,,,AWS,https://torre.ai/jobs/weave-staff-machine-learning-engineer-gen-ai-voice-speech
Torre.ai,Mercado Internacional (Remoto - USD),CAD,arQjp34W,"Staff Machine Learning Engineer, Gen AI | Voice & Speech",Weave,United States,Remoto,No especificado,No especificado,,,,Google Cloud (GCP),https://torre.ai/jobs/weave-staff-machine-learning-engineer-gen-ai-voice-speech
Torre.ai,Mercado Internacional (Remoto - USD),CAD,arQjp34W,"Staff Machine Learning Engineer, Gen AI | Voice & Speech",Weave,United States,Remoto,No especificado,No especificado,,,,Machine Learning General,https://torre.ai/jobs/weave-staff-machine-learning-engineer-gen-ai-voice-speech
Torre.ai,Mercado Internacional (Remoto - USD),CAD,arQjp34W,"Staff Machine Learning Engineer, Gen AI | Voice & Speech",Weave,United States,Remoto,No especificado,No especificado,,,,NLP / LLMs,https://torre.ai/jobs/weave-staff-machine-learning-engineer-gen-ai-voice-speech
Torre.ai,Mercado Internacional (Remoto - USD),CAD,arQjp34W,"Staff Machine Learning Engineer, Gen AI | Voice & Speech",Weave,United States,Remoto,No especificado,No especificado,,,,Docker / Kubernetes,https://torre.ai/jobs/weave-staff-machine-learning-engineer-gen-ai-voice-speech
Torre.ai,Mercado Internacional (Remoto - USD),CAD,arQjp34W,"Staff Machine Learning Engineer, Gen AI | Voice & Speech",Weave,United States,Remoto,No especificado,No especificado,,,,Bases de Datos NoSQL,https://torre.ai/jobs/weave-staff-machine-learning-engineer-gen-ai-voice-speech
Torre.ai,Mercado Internacional (Remoto - USD),CAD,arQjp34W,"Staff Machine Learning Engineer, Gen AI | Voice & Speech",Weave,United States,Remoto,No especificado,No especificado,,,,MLOps,https://torre.ai/jobs/weave-staff-machine-learning-engineer-gen-ai-voice-speech
Torre.ai,Mercado Internacional (Remoto - USD),CAD,qdP9DRbr,Senior Machine Learning Engineer (Remote - LATAM Based),Arionkoder,"Colombia, Argentina",Remoto,No especificado,No especificado,,,,Python,https://torre.ai/jobs/arionkoder-sr-machine-learning-engineer-remote-latam-based
Torre.ai,Mercado Internacional (Remoto - USD),CAD,qdP9DRbr,Senior Machine Learning Engineer (Remote - LATAM Based),Arionkoder,"Colombia, Argentina",Remoto,No especificado,No especificado,,,,AWS,https://torre.ai/jobs/arionkoder-sr-machine-learning-engineer-remote-latam-based
Torre.ai,Mercado Internacional (Remoto - USD),CAD,qdP9DRbr,Senior Machine Learning Engineer (Remote - LATAM Based),Arionkoder,"Colombia, Argentina",Remoto,No especificado,No especificado,,,,Machine Learning General,https://torre.ai/jobs/arionkoder-sr-machine-learning-engineer-remote-latam-based
Torre.ai,Mercado Internacional (Remoto - USD),CAD,qdP9DRbr,Senior Machine Learning Engineer (Remote - LATAM Based),Arionkoder,"Colombia, Argentina",Remoto,No especificado,No especificado,,,,Deep Learning,https://torre.ai/jobs/arionkoder-sr-machine-learning-engineer-remote-latam-based
Torre.ai,Mercado Internacional (Remoto - USD),CAD,qdP9DRbr,Senior Machine Learning Engineer (Remote - LATAM Based),Arionkoder,"Colombia, Argentina",Remoto,No especificado,No especificado,,,,Computer Vision,https://torre.ai/jobs/arionkoder-sr-machine-learning-engineer-remote-latam-based
Torre.ai,Mercado Internacional (Remoto - USD),CAD,qdP9DRbr,Senior Machine Learning Engineer (Remote - LATAM Based),Arionkoder,"Colombia, Argentina",Remoto,No especificado,No especificado,,,,Git / Control de Versiones,https://torre.ai/jobs/arionkoder-sr-machine-learning-engineer-remote-latam-based
Torre.ai,Mercado Internacional (Remoto - USD),CAD,qdP9DRbr,Senior Machine Learning Engineer (Remote - LATAM Based),Arionkoder,"Colombia, Argentina",Remoto,No especificado,No especificado,,,,MLOps,https://torre.ai/jobs/arionkoder-sr-machine-learning-engineer-remote-latam-based
Torre.ai,Mercado Internacional (Remoto - USD),USD,ed8pp3ed,"Research Staff, Data Science",Deepgram,United States,Remoto,No especificado,No especificado,,61666666.666666664,61.666666666666664,Python,https://torre.ai/jobs/deepgram-research-staff-data-science-1
Torre.ai,Mercado Internacional (Remoto - USD),USD,ed8pp3ed,"Research Staff, Data Science",Deepgram,United States,Remoto,No especificado,No especificado,,61666666.666666664,61.666666666666664,Deep Learning,https://torre.ai/jobs/deepgram-research-staff-data-science-1
Torre.ai,Mercado Internacional (Remoto - USD),USD,ed8pp3ed,"Research Staff, Data Science",Deepgram,United States,Remoto,No especificado,No especificado,,61666666.666666664,61.666666666666664,PyTorch,https://torre.ai/jobs/deepgram-research-staff-data-science-1
Torre.ai,Mercado Internacional (Remoto - USD),USD,NrJOOxYW,"Director, Client Data Science",Foodsmart,United States,Remoto,No especificado,No especificado,,68333333.33333333,68.33333333333333,Python,https://torre.ai/jobs/foodsmart-director-client-data-science
Torre.ai,Mercado Internacional (Remoto - USD),USD,NrJOOxYW,"Director, Client Data Science",Foodsmart,United States,Remoto,No especificado,No especificado,,68333333.33333333,68.33333333333333,SQL,https://torre.ai/jobs/foodsmart-director-client-data-science
Torre.ai,Mercado Internacional (Remoto - USD),USD,NrJOOxYW,"Director, Client Data Science",Foodsmart,United States,Remoto,No especificado,No especificado,,68333333.33333333,68.33333333333333,ETL / Pipelines de Datos,https://torre.ai/jobs/foodsmart-director-client-data-science
Torre.ai,Mercado Internacional (Remoto - USD),CAD,VWMqMEBW,Machine Learning Engineer (Remote),StackAdapt,United Kingdom,Remoto,No especificado,No especificado,,,,Python,https://torre.ai/jobs/stackadapt-machine-learning-engineer-remote
Torre.ai,Mercado Internacional (Remoto - USD),CAD,VWMqMEBW,Machine Learning Engineer (Remote),StackAdapt,United Kingdom,Remoto,No especificado,No especificado,,,,Machine Learning General,https://torre.ai/jobs/stackadapt-machine-learning-engineer-remote
Torre.ai,Mercado Internacional (Remoto - USD),CAD,VWMqMEBW,Machine Learning Engineer (Remote),StackAdapt,United Kingdom,Remoto,No especificado,No especificado,,,,ETL / Pipelines de Datos,https://torre.ai/jobs/stackadapt-machine-learning-engineer-remote
Torre.ai,Mercado Internacional (Remoto - USD),USD,JWO8VZ6w,Machine Learning Engineer,AI Talent Hunt,"Canadá, USA",Remoto,No especificado,No especificado,,65833333.33333333,65.83333333333333,Python,https://torre.ai/jobs/ai-talent-hunt-machine-learning-engineer
Torre.ai,Mercado Internacional (Remoto - USD),USD,JWO8VZ6w,Machine Learning Engineer,AI Talent Hunt,"Canadá, USA",Remoto,No especificado,No especificado,,65833333.33333333,65.83333333333333,SQL,https://torre.ai/jobs/ai-talent-hunt-machine-learning-engineer
Torre.ai,Mercado Internacional (Remoto - USD),USD,JWO8VZ6w,Machine Learning Engineer,AI Talent Hunt,"Canadá, USA",Remoto,No especificado,No especificado,,65833333.33333333,65.83333333333333,Machine Learning General,https://torre.ai/jobs/ai-talent-hunt-machine-learning-engineer
Torre.ai,Mercado Internacional (Remoto - USD),USD,JWO8VZ6w,Machine Learning Engineer,AI Talent Hunt,"Canadá, USA",Remoto,No especificado,No especificado,,65833333.33333333,65.83333333333333,ETL / Pipelines de Datos,https://torre.ai/jobs/ai-talent-hunt-machine-learning-engineer
Torre.ai,Mercado Internacional (Remoto - USD),USD,JWO8VZ6w,Machine Learning Engineer,AI Talent Hunt,"Canadá, USA",Remoto,No especificado,No especificado,,65833333.33333333,65.83333333333333,MLOps,https://torre.ai/jobs/ai-talent-hunt-machine-learning-engineer
Torre.ai,Mercado Internacional (Remoto - USD),CAD,Qwe1BDYw,Staff Machine Learning Engineer,SurveyMonkey,Italy,Remoto,No especificado,No especificado,,,,Kafka,https://torre.ai/jobs/surveymonkey-staff-machine-learning-engineer
Torre.ai,Mercado Internacional (Remoto - USD),CAD,Qwe1BDYw,Staff Machine Learning Engineer,SurveyMonkey,Italy,Remoto,No especificado,No especificado,,,,AWS,https://torre.ai/jobs/surveymonkey-staff-machine-learning-engineer
Torre.ai,Mercado Internacional (Remoto - USD),CAD,Qwe1BDYw,Staff Machine Learning Engineer,SurveyMonkey,Italy,Remoto,No especificado,No especificado,,,,Machine Learning General,https://torre.ai/jobs/surveymonkey-staff-machine-learning-engineer
Torre.ai,Mercado Internacional (Remoto - USD),CAD,Qwe1BDYw,Staff Machine Learning Engineer,SurveyMonkey,Italy,Remoto,No especificado,No especificado,,,,NLP / LLMs,https://torre.ai/jobs/surveymonkey-staff-machine-learning-engineer
Torre.ai,Mercado Internacional (Remoto - USD),CAD,Qwe1BDYw,Staff Machine Learning Engineer,SurveyMonkey,Italy,Remoto,No especificado,No especificado,,,,Docker / Kubernetes,https://torre.ai/jobs/surveymonkey-staff-machine-learning-engineer
Torre.ai,Mercado Internacional (Remoto - USD),USD,kWRgx57w,"Staff, Analytics Engineer, GTM Data Science & Analytics",Twilio,United States,Remoto,No especificado,No especificado,,58320000.0,58.32,SQL,https://torre.ai/jobs/twilio-staff-analytics-engineer-gtm-data-science-analytics
Torre.ai,Mercado Internacional (Remoto - USD),USD,kWRgx57w,"Staff, Analytics Engineer, GTM Data Science & Analytics",Twilio,United States,Remoto,No especificado,No especificado,,58320000.0,58.32,ETL / Pipelines de Datos,https://torre.ai/jobs/twilio-staff-analytics-engineer-gtm-data-science-analytics
Torre.ai,Mercado Internacional (Remoto - USD),USD,ZWXzxx1d,"Research Engineer, Machine Learning Systems",Deepgram,United States,Remoto,No especificado,No especificado,,66666666.66666667,66.66666666666667,Machine Learning General,https://torre.ai/jobs/deepgram-research-engineer-machine-learning-systems
Torre.ai,Mercado Internacional (Remoto - USD),USD,ZWXzxx1d,"Research Engineer, Machine Learning Systems",Deepgram,United States,Remoto,No especificado,No especificado,,66666666.66666667,66.66666666666667,Docker / Kubernetes,https://torre.ai/jobs/deepgram-research-engineer-machine-learning-systems
Torre.ai,Mercado Internacional (Remoto - USD),USD,ZWXzxx1d,"Research Engineer, Machine Learning Systems",Deepgram,United States,Remoto,No especificado,No especificado,,66666666.66666667,66.66666666666667,MLOps,https://torre.ai/jobs/deepgram-research-engineer-machine-learning-systems
Torre.ai,Mercado Internacional (Remoto - USD),CAD,lWgD7ayw,AI / Machine Learning Engineer,DevUps,Global / Remoto,Remoto,No especificado,No especificado,,,,Python,https://torre.ai/jobs/devups-ai-machine-learning-engineer
Torre.ai,Mercado Internacional (Remoto - USD),CAD,lWgD7ayw,AI / Machine Learning Engineer,DevUps,Global / Remoto,Remoto,No especificado,No especificado,,,,SQL,https://torre.ai/jobs/devups-ai-machine-learning-engineer
Torre.ai,Mercado Internacional (Remoto - USD),CAD,lWgD7ayw,AI / Machine Learning Engineer,DevUps,Global / Remoto,Remoto,No especificado,No especificado,,,,Spark / PySpark,https://torre.ai/jobs/devups-ai-machine-learning-engineer
Torre.ai,Mercado Internacional (Remoto - USD),CAD,lWgD7ayw,AI / Machine Learning Engineer,DevUps,Global / Remoto,Remoto,No especificado,No especificado,,,,Azure,https://torre.ai/jobs/devups-ai-machine-learning-engineer
Torre.ai,Mercado Internacional (Remoto - USD),CAD,lWgD7ayw,AI / Machine Learning Engineer,DevUps,Global / Remoto,Remoto,No especificado,No especificado,,,,Google Cloud (GCP),https://torre.ai/jobs/devups-ai-machine-learning-engineer
Torre.ai,Mercado Internacional (Remoto - USD),CAD,lWgD7ayw,AI / Machine Learning Engineer,DevUps,Global / Remoto,Remoto,No especificado,No especificado,,,,Machine Learning General,https://torre.ai/jobs/devups-ai-machine-learning-engineer
Torre.ai,Mercado Internacional (Remoto - USD),CAD,lWgD7ayw,AI / Machine Learning Engineer,DevUps,Global / Remoto,Remoto,No especificado,No especificado,,,,TensorFlow / Keras,https://torre.ai/jobs/devups-ai-machine-learning-engineer
Torre.ai,Mercado Internacional (Remoto - USD),CAD,lWgD7ayw,AI / Machine Learning Engineer,DevUps,Global / Remoto,Remoto,No especificado,No especificado,,,,PyTorch,https://torre.ai/jobs/devups-ai-machine-learning-engineer
Torre.ai,Mercado Internacional (Remoto - USD),CAD,lWgD7ayw,AI / Machine Learning Engineer,DevUps,Global / Remoto,Remoto,No especificado,No especificado,,,,ETL / Pipelines de Datos,https://torre.ai/jobs/devups-ai-machine-learning-engineer
Torre.ai,Mercado Internacional (Remoto - USD),CAD,lWgD7ayw,AI / Machine Learning Engineer,DevUps,Global / Remoto,Remoto,No especificado,No especificado,,,,Docker / Kubernetes,https://torre.ai/jobs/devups-ai-machine-learning-engineer
Torre.ai,Mercado Internacional (Remoto - USD),CAD,lWgD7ayw,AI / Machine Learning Engineer,DevUps,Global / Remoto,Remoto,No especificado,No especificado,,,,MLOps,https://torre.ai/jobs/devups-ai-machine-learning-engineer
Torre.ai,Mercado Internacional (Remoto - USD),CAD,ZW57GXpd,Machine Learning Engineer (GCP Certified),DevUps,Global / Remoto,Remoto,No especificado,No especificado,,,,Python,https://torre.ai/jobs/devups-machine-learning-engineer-gcp-certified
Torre.ai,Mercado Internacional (Remoto - USD),CAD,ZW57GXpd,Machine Learning Engineer (GCP Certified),DevUps,Global / Remoto,Remoto,No especificado,No especificado,,,,SQL,https://torre.ai/jobs/devups-machine-learning-engineer-gcp-certified
Torre.ai,Mercado Internacional (Remoto - USD),CAD,ZW57GXpd,Machine Learning Engineer (GCP Certified),DevUps,Global / Remoto,Remoto,No especificado,No especificado,,,,Google Cloud (GCP),https://torre.ai/jobs/devups-machine-learning-engineer-gcp-certified
Torre.ai,Mercado Internacional (Remoto - USD),CAD,ZW57GXpd,Machine Learning Engineer (GCP Certified),DevUps,Global / Remoto,Remoto,No especificado,No especificado,,,,Machine Learning General,https://torre.ai/jobs/devups-machine-learning-engineer-gcp-certified
Torre.ai,Mercado Internacional (Remoto - USD),CAD,ZW57GXpd,Machine Learning Engineer (GCP Certified),DevUps,Global / Remoto,Remoto,No especificado,No especificado,,,,NLP / LLMs,https://torre.ai/jobs/devups-machine-learning-engineer-gcp-certified
Torre.ai,Mercado Internacional (Remoto - USD),CAD,ZW57GXpd,Machine Learning Engineer (GCP Certified),DevUps,Global / Remoto,Remoto,No especificado,No especificado,,,,Computer Vision,https://torre.ai/jobs/devups-machine-learning-engineer-gcp-certified
Torre.ai,Mercado Internacional (Remoto - USD),CAD,ZW57GXpd,Machine Learning Engineer (GCP Certified),DevUps,Global / Remoto,Remoto,No especificado,No especificado,,,,Scikit-Learn,https://torre.ai/jobs/devups-machine-learning-engineer-gcp-certified
Torre.ai,Mercado Internacional (Remoto - USD),CAD,ZW57GXpd,Machine Learning Engineer (GCP Certified),DevUps,Global / Remoto,Remoto,No especificado,No especificado,,,,TensorFlow / Keras,https://torre.ai/jobs/devups-machine-learning-engineer-gcp-certified
Torre.ai,Mercado Internacional (Remoto - USD),CAD,ZW57GXpd,Machine Learning Engineer (GCP Certified),DevUps,Global / Remoto,Remoto,No especificado,No especificado,,,,PyTorch,https://torre.ai/jobs/devups-machine-learning-engineer-gcp-certified
Torre.ai,Mercado Internacional (Remoto - USD),CAD,ZW57GXpd,Machine Learning Engineer (GCP Certified),DevUps,Global / Remoto,Remoto,No especificado,No especificado,,,,ETL / Pipelines de Datos,https://torre.ai/jobs/devups-machine-learning-engineer-gcp-certified
Torre.ai,Mercado Internacional (Remoto - USD),CAD,ZW57GXpd,Machine Learning Engineer (GCP Certified),DevUps,Global / Remoto,Remoto,No especificado,No especificado,,,,Docker / Kubernetes,https://torre.ai/jobs/devups-machine-learning-engineer-gcp-certified
Torre.ai,Mercado Internacional (Remoto - USD),CAD,ZW57GXpd,Machine Learning Engineer (GCP Certified),DevUps,Global / Remoto,Remoto,No especificado,No especificado,,,,Bases de Datos NoSQL,https://torre.ai/jobs/devups-machine-learning-engineer-gcp-certified
Torre.ai,Mercado Internacional (Remoto - USD),CAD,ZW57GXpd,Machine Learning Engineer (GCP Certified),DevUps,Global / Remoto,Remoto,No especificado,No especificado,,,,MLOps,https://torre.ai/jobs/devups-machine-learning-engineer-gcp-certified
Torre.ai,Mercado Internacional (Remoto - USD),CAD,OwGo7A6w,"Senior Machine Learning Engineer, Ads",Quora,Global / Remoto,Remoto,No especificado,No especificado,,,,Python,https://torre.ai/jobs/quora-senior-machine-learning-engineer-ads
Torre.ai,Mercado Internacional (Remoto - USD),CAD,OwGo7A6w,"Senior Machine Learning Engineer, Ads",Quora,Global / Remoto,Remoto,No especificado,No especificado,,,,Machine Learning General,https://torre.ai/jobs/quora-senior-machine-learning-engineer-ads
Torre.ai,Mercado Internacional (Remoto - USD),CAD,OwGo7A6w,"Senior Machine Learning Engineer, Ads",Quora,Global / Remoto,Remoto,No especificado,No especificado,,,,TensorFlow / Keras,https://torre.ai/jobs/quora-senior-machine-learning-engineer-ads
Torre.ai,Mercado Internacional (Remoto - USD),CAD,OwGo7A6w,"Senior Machine Learning Engineer, Ads",Quora,Global / Remoto,Remoto,No especificado,No especificado,,,,PyTorch,https://torre.ai/jobs/quora-senior-machine-learning-engineer-ads
Torre.ai,Mercado Internacional (Remoto - USD),CAD,KWN18x8r,Senior Data Science Evaluation Specialist (5+ Yrs Exp),Mercor,Global / Remoto,Remoto,No especificado,No especificado,,,,Python,https://torre.ai/jobs/mercor-senior-data-science-evaluation-specialist-5-yrs-exp
Torre.ai,Mercado Internacional (Remoto - USD),CAD,KWN18x8r,Senior Data Science Evaluation Specialist (5+ Yrs Exp),Mercor,Global / Remoto,Remoto,No especificado,No especificado,,,,SQL,https://torre.ai/jobs/mercor-senior-data-science-evaluation-specialist-5-yrs-exp
Torre.ai,Mercado Internacional (Remoto - USD),CAD,qdPDK3Ad,"Staff Machine Learning Research Scientist (NLP, Clinical AI)",Rad AI,United States,Remoto,No especificado,No especificado,,,,Machine Learning General,https://torre.ai/jobs/rad-ai-staff-machine-learning-research-scientist-nlp-clinical-ai
Torre.ai,Mercado Internacional (Remoto - USD),CAD,qdPDK3Ad,"Staff Machine Learning Research Scientist (NLP, Clinical AI)",Rad AI,United States,Remoto,No especificado,No especificado,,,,NLP / LLMs,https://torre.ai/jobs/rad-ai-staff-machine-learning-research-scientist-nlp-clinical-ai
Torre.ai,Mercado Internacional (Remoto - USD),CAD,qdPDK3Ad,"Staff Machine Learning Research Scientist (NLP, Clinical AI)",Rad AI,United States,Remoto,No especificado,No especificado,,,,Computer Vision,https://torre.ai/jobs/rad-ai-staff-machine-learning-research-scientist-nlp-clinical-ai
Torre.ai,Mercado Internacional (Remoto - USD),CAD,qdPDK3Ad,"Staff Machine Learning Research Scientist (NLP, Clinical AI)",Rad AI,United States,Remoto,No especificado,No especificado,,,,PyTorch,https://torre.ai/jobs/rad-ai-staff-machine-learning-research-scientist-nlp-clinical-ai
Torre.ai,Mercado Internacional (Remoto - USD),CAD,VdLOxJ5w,Senior Machine Learning Engineer (ASR) - Voice Experience,Cresta,Global / Remoto,Remoto,No especificado,No especificado,,,,Machine Learning General,https://torre.ai/jobs/cresta-senior-machine-learning-engineer-asr-voice-experience
Torre.ai,Mercado Internacional (Remoto - USD),CAD,VdLOxJ5w,Senior Machine Learning Engineer (ASR) - Voice Experience,Cresta,Global / Remoto,Remoto,No especificado,No especificado,,,,NLP / LLMs,https://torre.ai/jobs/cresta-senior-machine-learning-engineer-asr-voice-experience
Torre.ai,Mercado Internacional (Remoto - USD),CAD,VdLOxJ5w,Senior Machine Learning Engineer (ASR) - Voice Experience,Cresta,Global / Remoto,Remoto,No especificado,No especificado,,,,TensorFlow / Keras,https://torre.ai/jobs/cresta-senior-machine-learning-engineer-asr-voice-experience
Torre.ai,Mercado Internacional (Remoto - USD),CAD,VdLOxJ5w,Senior Machine Learning Engineer (ASR) - Voice Experience,Cresta,Global / Remoto,Remoto,No especificado,No especificado,,,,PyTorch,https://torre.ai/jobs/cresta-senior-machine-learning-engineer-asr-voice-experience
Torre.ai,Mercado Internacional (Remoto - USD),CAD,VdLOxJ5w,Senior Machine Learning Engineer (ASR) - Voice Experience,Cresta,Global / Remoto,Remoto,No especificado,No especificado,,,,ETL / Pipelines de Datos,https://torre.ai/jobs/cresta-senior-machine-learning-engineer-asr-voice-experience
Torre.ai,Mercado Internacional (Remoto - USD),CAD,lr418D3W,Senior Machine Learning Engineer,Solidgate,Ukraine,Remoto,No especificado,No especificado,,,,Python,https://torre.ai/jobs/solidgate-senior-machine-learning-engineer
Torre.ai,Mercado Internacional (Remoto - USD),CAD,lr418D3W,Senior Machine Learning Engineer,Solidgate,Ukraine,Remoto,No especificado,No especificado,,,,Machine Learning General,https://torre.ai/jobs/solidgate-senior-machine-learning-engineer
Torre.ai,Mercado Internacional (Remoto - USD),CAD,VdLOPLBw,Head of Machine Learning,Solidgate,Ukraine,Remoto,No especificado,No especificado,,,,Machine Learning General,https://torre.ai/jobs/solidgate-head-of-machine-learning
Torre.ai,Mercado Internacional (Remoto - USD),CAD,VdLOPLBw,Head of Machine Learning,Solidgate,Ukraine,Remoto,No especificado,No especificado,,,,MLOps,https://torre.ai/jobs/solidgate-head-of-machine-learning
Torre.ai,Mercado Internacional (Remoto - USD),CAD,Yd6pl4OW,"Senior Technical Program Manager, Machine Learning Infrastructure",Cohere,Canada,Remoto,No especificado,No especificado,,,,Machine Learning General,https://torre.ai/jobs/cohere-senior-technical-program-manager-machine-learning-infrastructure
Torre.ai,Mercado Internacional (Remoto - USD),CAD,lr4p0ZLr,Machine Learning Intern/Co-Op (Winter 2027),Cohere,"Canada, United States",Remoto,No especificado,No especificado,,,,Python,https://torre.ai/jobs/cohere-machine-learning-internco-op-winter-2027
Torre.ai,Mercado Internacional (Remoto - USD),CAD,lr4p0ZLr,Machine Learning Intern/Co-Op (Winter 2027),Cohere,"Canada, United States",Remoto,No especificado,No especificado,,,,Machine Learning General,https://torre.ai/jobs/cohere-machine-learning-internco-op-winter-2027
Torre.ai,Mercado Internacional (Remoto - USD),CAD,lr4p0ZLr,Machine Learning Intern/Co-Op (Winter 2027),Cohere,"Canada, United States",Remoto,No especificado,No especificado,,,,TensorFlow / Keras,https://torre.ai/jobs/cohere-machine-learning-internco-op-winter-2027
Torre.ai,Mercado Internacional (Remoto - USD),CAD,2W1pN3nr,"Data Annotation Specialist, Data Science",Cohere,Canada,Remoto,No especificado,No especificado,,18560000.0,18.56,Python,https://torre.ai/jobs/cohere-data-annotation-specialist-data-science
Torre.ai,Mercado Internacional (Remoto - USD),CAD,2W1pN3nr,"Data Annotation Specialist, Data Science",Cohere,Canada,Remoto,No especificado,No especificado,,18560000.0,18.56,SQL,https://torre.ai/jobs/cohere-data-annotation-specialist-data-science
Torre.ai,Mercado Internacional (Remoto - USD),CAD,arQjp34W,"Staff Machine Learning Engineer, Gen AI | Voice & Speech",Weave,United States,Remoto,No especificado,No especificado,,,,SQL,https://torre.ai/jobs/weave-staff-machine-learning-engineer-gen-ai-voice-speech
Torre.ai,Mercado Internacional (Remoto - USD),CAD,arQjp34W,"Staff Machine Learning Engineer, Gen AI | Voice & Speech",Weave,United States,Remoto,No especificado,No especificado,,,,AWS,https://torre.ai/jobs/weave-staff-machine-learning-engineer-gen-ai-voice-speech
Torre.ai,Mercado Internacional (Remoto - USD),CAD,arQjp34W,"Staff Machine Learning Engineer, Gen AI | Voice & Speech",Weave,United States,Remoto,No especificado,No especificado,,,,Google Cloud (GCP),https://torre.ai/jobs/weave-staff-machine-learning-engineer-gen-ai-voice-speech
Torre.ai,Mercado Internacional (Remoto - USD),CAD,arQjp34W,"Staff Machine Learning Engineer, Gen AI | Voice & Speech",Weave,United States,Remoto,No especificado,No especificado,,,,Machine Learning General,https://torre.ai/jobs/weave-staff-machine-learning-engineer-gen-ai-voice-speech
Torre.ai,Mercado Internacional (Remoto - USD),CAD,arQjp34W,"Staff Machine Learning Engineer, Gen AI | Voice & Speech",Weave,United States,Remoto,No especificado,No especificado,,,,NLP / LLMs,https://torre.ai/jobs/weave-staff-machine-learning-engineer-gen-ai-voice-speech
Torre.ai,Mercado Internacional (Remoto - USD),CAD,arQjp34W,"Staff Machine Learning Engineer, Gen AI | Voice & Speech",Weave,United States,Remoto,No especificado,No especificado,,,,Docker / Kubernetes,https://torre.ai/jobs/weave-staff-machine-learning-engineer-gen-ai-voice-speech
Torre.ai,Mercado Internacional (Remoto - USD),CAD,arQjp34W,"Staff Machine Learning Engineer, Gen AI | Voice & Speech",Weave,United States,Remoto,No especificado,No especificado,,,,Bases de Datos NoSQL,https://torre.ai/jobs/weave-staff-machine-learning-engineer-gen-ai-voice-speech
Torre.ai,Mercado Internacional (Remoto - USD),CAD,arQjp34W,"Staff Machine Learning Engineer, Gen AI | Voice & Speech",Weave,United States,Remoto,No especificado,No especificado,,,,MLOps,https://torre.ai/jobs/weave-staff-machine-learning-engineer-gen-ai-voice-speech
Torre.ai,Mercado Internacional (Remoto - USD),CAD,qdP9DRbr,Senior Machine Learning Engineer (Remote - LATAM Based),Arionkoder,"Colombia, Argentina",Remoto,No especificado,No especificado,,,,Python,https://torre.ai/jobs/arionkoder-sr-machine-learning-engineer-remote-latam-based
Torre.ai,Mercado Internacional (Remoto - USD),CAD,qdP9DRbr,Senior Machine Learning Engineer (Remote - LATAM Based),Arionkoder,"Colombia, Argentina",Remoto,No especificado,No especificado,,,,AWS,https://torre.ai/jobs/arionkoder-sr-machine-learning-engineer-remote-latam-based
Torre.ai,Mercado Internacional (Remoto - USD),CAD,qdP9DRbr,Senior Machine Learning Engineer (Remote - LATAM Based),Arionkoder,"Colombia, Argentina",Remoto,No especificado,No especificado,,,,Machine Learning General,https://torre.ai/jobs/arionkoder-sr-machine-learning-engineer-remote-latam-based
Torre.ai,Mercado Internacional (Remoto - USD),CAD,qdP9DRbr,Senior Machine Learning Engineer (Remote - LATAM Based),Arionkoder,"Colombia, Argentina",Remoto,No especificado,No especificado,,,,Deep Learning,https://torre.ai/jobs/arionkoder-sr-machine-learning-engineer-remote-latam-based
Torre.ai,Mercado Internacional (Remoto - USD),CAD,qdP9DRbr,Senior Machine Learning Engineer (Remote - LATAM Based),Arionkoder,"Colombia, Argentina",Remoto,No especificado,No especificado,,,,Computer Vision,https://torre.ai/jobs/arionkoder-sr-machine-learning-engineer-remote-latam-based
Torre.ai,Mercado Internacional (Remoto - USD),CAD,qdP9DRbr,Senior Machine Learning Engineer (Remote - LATAM Based),Arionkoder,"Colombia, Argentina",Remoto,No especificado,No especificado,,,,Git / Control de Versiones,https://torre.ai/jobs/arionkoder-sr-machine-learning-engineer-remote-latam-based
Torre.ai,Mercado Internacional (Remoto - USD),CAD,qdP9DRbr,Senior Machine Learning Engineer (Remote - LATAM Based),Arionkoder,"Colombia, Argentina",Remoto,No especificado,No especificado,,,,MLOps,https://torre.ai/jobs/arionkoder-sr-machine-learning-engineer-remote-latam-based
Torre.ai,Mercado Internacional (Remoto - USD),USD,ed8pp3ed,"Research Staff, Data Science",Deepgram,United States,Remoto,No especificado,No especificado,,61666666.666666664,61.666666666666664,Python,https://torre.ai/jobs/deepgram-research-staff-data-science-1
Torre.ai,Mercado Internacional (Remoto - USD),USD,ed8pp3ed,"Research Staff, Data Science",Deepgram,United States,Remoto,No especificado,No especificado,,61666666.666666664,61.666666666666664,Deep Learning,https://torre.ai/jobs/deepgram-research-staff-data-science-1
Torre.ai,Mercado Internacional (Remoto - USD),USD,ed8pp3ed,"Research Staff, Data Science",Deepgram,United States,Remoto,No especificado,No especificado,,61666666.666666664,61.666666666666664,PyTorch,https://torre.ai/jobs/deepgram-research-staff-data-science-1
Torre.ai,Mercado Internacional (Remoto - USD),USD,NrJOOxYW,"Director, Client Data Science",Foodsmart,United States,Remoto,No especificado,No especificado,,68333333.33333333,68.33333333333333,Python,https://torre.ai/jobs/foodsmart-director-client-data-science
Torre.ai,Mercado Internacional (Remoto - USD),USD,NrJOOxYW,"Director, Client Data Science",Foodsmart,United States,Remoto,No especificado,No especificado,,68333333.33333333,68.33333333333333,SQL,https://torre.ai/jobs/foodsmart-director-client-data-science
Torre.ai,Mercado Internacional (Remoto - USD),USD,NrJOOxYW,"Director, Client Data Science",Foodsmart,United States,Remoto,No especificado,No especificado,,68333333.33333333,68.33333333333333,ETL / Pipelines de Datos,https://torre.ai/jobs/foodsmart-director-client-data-science
Torre.ai,Mercado Internacional (Remoto - USD),CAD,VWMqMEBW,Machine Learning Engineer (Remote),StackAdapt,United Kingdom,Remoto,No especificado,No especificado,,,,Python,https://torre.ai/jobs/stackadapt-machine-learning-engineer-remote
Torre.ai,Mercado Internacional (Remoto - USD),CAD,VWMqMEBW,Machine Learning Engineer (Remote),StackAdapt,United Kingdom,Remoto,No especificado,No especificado,,,,Machine Learning General,https://torre.ai/jobs/stackadapt-machine-learning-engineer-remote
Torre.ai,Mercado Internacional (Remoto - USD),CAD,VWMqMEBW,Machine Learning Engineer (Remote),StackAdapt,United Kingdom,Remoto,No especificado,No especificado,,,,ETL / Pipelines de Datos,https://torre.ai/jobs/stackadapt-machine-learning-engineer-remote
Torre.ai,Mercado Internacional (Remoto - USD),USD,JWO8VZ6w,Machine Learning Engineer,AI Talent Hunt,"Canadá, USA",Remoto,No especificado,No especificado,,65833333.33333333,65.83333333333333,Python,https://torre.ai/jobs/ai-talent-hunt-machine-learning-engineer
Torre.ai,Mercado Internacional (Remoto - USD),USD,JWO8VZ6w,Machine Learning Engineer,AI Talent Hunt,"Canadá, USA",Remoto,No especificado,No especificado,,65833333.33333333,65.83333333333333,SQL,https://torre.ai/jobs/ai-talent-hunt-machine-learning-engineer
Torre.ai,Mercado Internacional (Remoto - USD),USD,JWO8VZ6w,Machine Learning Engineer,AI Talent Hunt,"Canadá, USA",Remoto,No especificado,No especificado,,65833333.33333333,65.83333333333333,Machine Learning General,https://torre.ai/jobs/ai-talent-hunt-machine-learning-engineer
Torre.ai,Mercado Internacional (Remoto - USD),USD,JWO8VZ6w,Machine Learning Engineer,AI Talent Hunt,"Canadá, USA",Remoto,No especificado,No especificado,,65833333.33333333,65.83333333333333,ETL / Pipelines de Datos,https://torre.ai/jobs/ai-talent-hunt-machine-learning-engineer
Torre.ai,Mercado Internacional (Remoto - USD),USD,JWO8VZ6w,Machine Learning Engineer,AI Talent Hunt,"Canadá, USA",Remoto,No especificado,No especificado,,65833333.33333333,65.83333333333333,MLOps,https://torre.ai/jobs/ai-talent-hunt-machine-learning-engineer
Torre.ai,Mercado Internacional (Remoto - USD),CAD,Qwe1BDYw,Staff Machine Learning Engineer,SurveyMonkey,Italy,Remoto,No especificado,No especificado,,,,Kafka,https://torre.ai/jobs/surveymonkey-staff-machine-learning-engineer
Torre.ai,Mercado Internacional (Remoto - USD),CAD,Qwe1BDYw,Staff Machine Learning Engineer,SurveyMonkey,Italy,Remoto,No especificado,No especificado,,,,AWS,https://torre.ai/jobs/surveymonkey-staff-machine-learning-engineer
Torre.ai,Mercado Internacional (Remoto - USD),CAD,Qwe1BDYw,Staff Machine Learning Engineer,SurveyMonkey,Italy,Remoto,No especificado,No especificado,,,,Machine Learning General,https://torre.ai/jobs/surveymonkey-staff-machine-learning-engineer
Torre.ai,Mercado Internacional (Remoto - USD),CAD,Qwe1BDYw,Staff Machine Learning Engineer,SurveyMonkey,Italy,Remoto,No especificado,No especificado,,,,NLP / LLMs,https://torre.ai/jobs/surveymonkey-staff-machine-learning-engineer
Torre.ai,Mercado Internacional (Remoto - USD),CAD,Qwe1BDYw,Staff Machine Learning Engineer,SurveyMonkey,Italy,Remoto,No especificado,No especificado,,,,Docker / Kubernetes,https://torre.ai/jobs/surveymonkey-staff-machine-learning-engineer
Torre.ai,Mercado Internacional (Remoto - USD),USD,kWRgx57w,"Staff, Analytics Engineer, GTM Data Science & Analytics",Twilio,United States,Remoto,No especificado,No especificado,,58320000.0,58.32,SQL,https://torre.ai/jobs/twilio-staff-analytics-engineer-gtm-data-science-analytics
Torre.ai,Mercado Internacional (Remoto - USD),USD,kWRgx57w,"Staff, Analytics Engineer, GTM Data Science & Analytics",Twilio,United States,Remoto,No especificado,No especificado,,58320000.0,58.32,ETL / Pipelines de Datos,https://torre.ai/jobs/twilio-staff-analytics-engineer-gtm-data-science-analytics
Torre.ai,Mercado Internacional (Remoto - USD),USD,ZWXzxx1d,"Research Engineer, Machine Learning Systems",Deepgram,United States,Remoto,No especificado,No especificado,,66666666.66666667,66.66666666666667,Machine Learning General,https://torre.ai/jobs/deepgram-research-engineer-machine-learning-systems
Torre.ai,Mercado Internacional (Remoto - USD),USD,ZWXzxx1d,"Research Engineer, Machine Learning Systems",Deepgram,United States,Remoto,No especificado,No especificado,,66666666.66666667,66.66666666666667,Docker / Kubernetes,https://torre.ai/jobs/deepgram-research-engineer-machine-learning-systems
Torre.ai,Mercado Internacional (Remoto - USD),USD,ZWXzxx1d,"Research Engineer, Machine Learning Systems",Deepgram,United States,Remoto,No especificado,No especificado,,66666666.66666667,66.66666666666667,MLOps,https://torre.ai/jobs/deepgram-research-engineer-machine-learning-systems
Torre.ai,Mercado Internacional (Remoto - USD),CAD,lWgD7ayw,AI / Machine Learning Engineer,DevUps,Global / Remoto,Remoto,No especificado,No especificado,,,,Python,https://torre.ai/jobs/devups-ai-machine-learning-engineer
Torre.ai,Mercado Internacional (Remoto - USD),CAD,lWgD7ayw,AI / Machine Learning Engineer,DevUps,Global / Remoto,Remoto,No especificado,No especificado,,,,SQL,https://torre.ai/jobs/devups-ai-machine-learning-engineer
Torre.ai,Mercado Internacional (Remoto - USD),CAD,lWgD7ayw,AI / Machine Learning Engineer,DevUps,Global / Remoto,Remoto,No especificado,No especificado,,,,Spark / PySpark,https://torre.ai/jobs/devups-ai-machine-learning-engineer
Torre.ai,Mercado Internacional (Remoto - USD),CAD,lWgD7ayw,AI / Machine Learning Engineer,DevUps,Global / Remoto,Remoto,No especificado,No especificado,,,,Azure,https://torre.ai/jobs/devups-ai-machine-learning-engineer
Torre.ai,Mercado Internacional (Remoto - USD),CAD,lWgD7ayw,AI / Machine Learning Engineer,DevUps,Global / Remoto,Remoto,No especificado,No especificado,,,,Google Cloud (GCP),https://torre.ai/jobs/devups-ai-machine-learning-engineer
Torre.ai,Mercado Internacional (Remoto - USD),CAD,lWgD7ayw,AI / Machine Learning Engineer,DevUps,Global / Remoto,Remoto,No especificado,No especificado,,,,Machine Learning General,https://torre.ai/jobs/devups-ai-machine-learning-engineer
Torre.ai,Mercado Internacional (Remoto - USD),CAD,lWgD7ayw,AI / Machine Learning Engineer,DevUps,Global / Remoto,Remoto,No especificado,No especificado,,,,TensorFlow / Keras,https://torre.ai/jobs/devups-ai-machine-learning-engineer
Torre.ai,Mercado Internacional (Remoto - USD),CAD,lWgD7ayw,AI / Machine Learning Engineer,DevUps,Global / Remoto,Remoto,No especificado,No especificado,,,,PyTorch,https://torre.ai/jobs/devups-ai-machine-learning-engineer
Torre.ai,Mercado Internacional (Remoto - USD),CAD,lWgD7ayw,AI / Machine Learning Engineer,DevUps,Global / Remoto,Remoto,No especificado,No especificado,,,,ETL / Pipelines de Datos,https://torre.ai/jobs/devups-ai-machine-learning-engineer
Torre.ai,Mercado Internacional (Remoto - USD),CAD,lWgD7ayw,AI / Machine Learning Engineer,DevUps,Global / Remoto,Remoto,No especificado,No especificado,,,,Docker / Kubernetes,https://torre.ai/jobs/devups-ai-machine-learning-engineer
Torre.ai,Mercado Internacional (Remoto - USD),CAD,lWgD7ayw,AI / Machine Learning Engineer,DevUps,Global / Remoto,Remoto,No especificado,No especificado,,,,MLOps,https://torre.ai/jobs/devups-ai-machine-learning-engineer
Torre.ai,Mercado Internacional (Remoto - USD),CAD,ZW57GXpd,Machine Learning Engineer (GCP Certified),DevUps,Global / Remoto,Remoto,No especificado,No especificado,,,,Python,https://torre.ai/jobs/devups-machine-learning-engineer-gcp-certified
Torre.ai,Mercado Internacional (Remoto - USD),CAD,ZW57GXpd,Machine Learning Engineer (GCP Certified),DevUps,Global / Remoto,Remoto,No especificado,No especificado,,,,SQL,https://torre.ai/jobs/devups-machine-learning-engineer-gcp-certified
Torre.ai,Mercado Internacional (Remoto - USD),CAD,ZW57GXpd,Machine Learning Engineer (GCP Certified),DevUps,Global / Remoto,Remoto,No especificado,No especificado,,,,Google Cloud (GCP),https://torre.ai/jobs/devups-machine-learning-engineer-gcp-certified
Torre.ai,Mercado Internacional (Remoto - USD),CAD,ZW57GXpd,Machine Learning Engineer (GCP Certified),DevUps,Global / Remoto,Remoto,No especificado,No especificado,,,,Machine Learning General,https://torre.ai/jobs/devups-machine-learning-engineer-gcp-certified
Torre.ai,Mercado Internacional (Remoto - USD),CAD,ZW57GXpd,Machine Learning Engineer (GCP Certified),DevUps,Global / Remoto,Remoto,No especificado,No especificado,,,,NLP / LLMs,https://torre.ai/jobs/devups-machine-learning-engineer-gcp-certified
Torre.ai,Mercado Internacional (Remoto - USD),CAD,ZW57GXpd,Machine Learning Engineer (GCP Certified),DevUps,Global / Remoto,Remoto,No especificado,No especificado,,,,Computer Vision,https://torre.ai/jobs/devups-machine-learning-engineer-gcp-certified
Torre.ai,Mercado Internacional (Remoto - USD),CAD,ZW57GXpd,Machine Learning Engineer (GCP Certified),DevUps,Global / Remoto,Remoto,No especificado,No especificado,,,,Scikit-Learn,https://torre.ai/jobs/devups-machine-learning-engineer-gcp-certified
Torre.ai,Mercado Internacional (Remoto - USD),CAD,ZW57GXpd,Machine Learning Engineer (GCP Certified),DevUps,Global / Remoto,Remoto,No especificado,No especificado,,,,TensorFlow / Keras,https://torre.ai/jobs/devups-machine-learning-engineer-gcp-certified
Torre.ai,Mercado Internacional (Remoto - USD),CAD,ZW57GXpd,Machine Learning Engineer (GCP Certified),DevUps,Global / Remoto,Remoto,No especificado,No especificado,,,,PyTorch,https://torre.ai/jobs/devups-machine-learning-engineer-gcp-certified
Torre.ai,Mercado Internacional (Remoto - USD),CAD,ZW57GXpd,Machine Learning Engineer (GCP Certified),DevUps,Global / Remoto,Remoto,No especificado,No especificado,,,,ETL / Pipelines de Datos,https://torre.ai/jobs/devups-machine-learning-engineer-gcp-certified
Torre.ai,Mercado Internacional (Remoto - USD),CAD,ZW57GXpd,Machine Learning Engineer (GCP Certified),DevUps,Global / Remoto,Remoto,No especificado,No especificado,,,,Docker / Kubernetes,https://torre.ai/jobs/devups-machine-learning-engineer-gcp-certified
Torre.ai,Mercado Internacional (Remoto - USD),CAD,ZW57GXpd,Machine Learning Engineer (GCP Certified),DevUps,Global / Remoto,Remoto,No especificado,No especificado,,,,Bases de Datos NoSQL,https://torre.ai/jobs/devups-machine-learning-engineer-gcp-certified
Torre.ai,Mercado Internacional (Remoto - USD),CAD,ZW57GXpd,Machine Learning Engineer (GCP Certified),DevUps,Global / Remoto,Remoto,No especificado,No especificado,,,,MLOps,https://torre.ai/jobs/devups-machine-learning-engineer-gcp-certified
Torre.ai,Mercado Internacional (Remoto - USD),CAD,OwGo7A6w,"Senior Machine Learning Engineer, Ads",Quora,Global / Remoto,Remoto,No especificado,No especificado,,,,Python,https://torre.ai/jobs/quora-senior-machine-learning-engineer-ads
Torre.ai,Mercado Internacional (Remoto - USD),CAD,OwGo7A6w,"Senior Machine Learning Engineer, Ads",Quora,Global / Remoto,Remoto,No especificado,No especificado,,,,Machine Learning General,https://torre.ai/jobs/quora-senior-machine-learning-engineer-ads
Torre.ai,Mercado Internacional (Remoto - USD),CAD,OwGo7A6w,"Senior Machine Learning Engineer, Ads",Quora,Global / Remoto,Remoto,No especificado,No especificado,,,,TensorFlow / Keras,https://torre.ai/jobs/quora-senior-machine-learning-engineer-ads
Torre.ai,Mercado Internacional (Remoto - USD),CAD,OwGo7A6w,"Senior Machine Learning Engineer, Ads",Quora,Global / Remoto,Remoto,No especificado,No especificado,,,,PyTorch,https://torre.ai/jobs/quora-senior-machine-learning-engineer-ads
Torre.ai,Mercado Internacional (Remoto - USD),CAD,KWN18x8r,Senior Data Science Evaluation Specialist (5+ Yrs Exp),Mercor,Global / Remoto,Remoto,No especificado,No especificado,,,,Python,https://torre.ai/jobs/mercor-senior-data-science-evaluation-specialist-5-yrs-exp
Torre.ai,Mercado Internacional (Remoto - USD),CAD,KWN18x8r,Senior Data Science Evaluation Specialist (5+ Yrs Exp),Mercor,Global / Remoto,Remoto,No especificado,No especificado,,,,SQL,https://torre.ai/jobs/mercor-senior-data-science-evaluation-specialist-5-yrs-exp
Torre.ai,Mercado Internacional (Remoto - USD),CAD,qdPDK3Ad,"Staff Machine Learning Research Scientist (NLP, Clinical AI)",Rad AI,United States,Remoto,No especificado,No especificado,,,,Machine Learning General,https://torre.ai/jobs/rad-ai-staff-machine-learning-research-scientist-nlp-clinical-ai
Torre.ai,Mercado Internacional (Remoto - USD),CAD,qdPDK3Ad,"Staff Machine Learning Research Scientist (NLP, Clinical AI)",Rad AI,United States,Remoto,No especificado,No especificado,,,,NLP / LLMs,https://torre.ai/jobs/rad-ai-staff-machine-learning-research-scientist-nlp-clinical-ai
Torre.ai,Mercado Internacional (Remoto - USD),CAD,qdPDK3Ad,"Staff Machine Learning Research Scientist (NLP, Clinical AI)",Rad AI,United States,Remoto,No especificado,No especificado,,,,Computer Vision,https://torre.ai/jobs/rad-ai-staff-machine-learning-research-scientist-nlp-clinical-ai
Torre.ai,Mercado Internacional (Remoto - USD),CAD,qdPDK3Ad,"Staff Machine Learning Research Scientist (NLP, Clinical AI)",Rad AI,United States,Remoto,No especificado,No especificado,,,,PyTorch,https://torre.ai/jobs/rad-ai-staff-machine-learning-research-scientist-nlp-clinical-ai
Torre.ai,Mercado Internacional (Remoto - USD),CAD,VdLOxJ5w,Senior Machine Learning Engineer (ASR) - Voice Experience,Cresta,Global / Remoto,Remoto,No especificado,No especificado,,,,Machine Learning General,https://torre.ai/jobs/cresta-senior-machine-learning-engineer-asr-voice-experience
Torre.ai,Mercado Internacional (Remoto - USD),CAD,VdLOxJ5w,Senior Machine Learning Engineer (ASR) - Voice Experience,Cresta,Global / Remoto,Remoto,No especificado,No especificado,,,,NLP / LLMs,https://torre.ai/jobs/cresta-senior-machine-learning-engineer-asr-voice-experience
Torre.ai,Mercado Internacional (Remoto - USD),CAD,VdLOxJ5w,Senior Machine Learning Engineer (ASR) - Voice Experience,Cresta,Global / Remoto,Remoto,No especificado,No especificado,,,,TensorFlow / Keras,https://torre.ai/jobs/cresta-senior-machine-learning-engineer-asr-voice-experience
Torre.ai,Mercado Internacional (Remoto - USD),CAD,VdLOxJ5w,Senior Machine Learning Engineer (ASR) - Voice Experience,Cresta,Global / Remoto,Remoto,No especificado,No especificado,,,,PyTorch,https://torre.ai/jobs/cresta-senior-machine-learning-engineer-asr-voice-experience
Torre.ai,Mercado Internacional (Remoto - USD),CAD,VdLOxJ5w,Senior Machine Learning Engineer (ASR) - Voice Experience,Cresta,Global / Remoto,Remoto,No especificado,No especificado,,,,ETL / Pipelines de Datos,https://torre.ai/jobs/cresta-senior-machine-learning-engineer-asr-voice-experience
Torre.ai,Mercado Internacional (Remoto - USD),CAD,lr418D3W,Senior Machine Learning Engineer,Solidgate,Ukraine,Remoto,No especificado,No especificado,,,,Python,https://torre.ai/jobs/solidgate-senior-machine-learning-engineer
Torre.ai,Mercado Internacional (Remoto - USD),CAD,lr418D3W,Senior Machine Learning Engineer,Solidgate,Ukraine,Remoto,No especificado,No especificado,,,,Machine Learning General,https://torre.ai/jobs/solidgate-senior-machine-learning-engineer
Torre.ai,Mercado Internacional (Remoto - USD),CAD,VdLOPLBw,Head of Machine Learning,Solidgate,Ukraine,Remoto,No especificado,No especificado,,,,Machine Learning General,https://torre.ai/jobs/solidgate-head-of-machine-learning
Torre.ai,Mercado Internacional (Remoto - USD),CAD,VdLOPLBw,Head of Machine Learning,Solidgate,Ukraine,Remoto,No especificado,No especificado,,,,MLOps,https://torre.ai/jobs/solidgate-head-of-machine-learning
Torre.ai,Mercado Internacional (Remoto - USD),CAD,Yd6pl4OW,"Senior Technical Program Manager, Machine Learning Infrastructure",Cohere,Canada,Remoto,No especificado,No especificado,,,,Machine Learning General,https://torre.ai/jobs/cohere-senior-technical-program-manager-machine-learning-infrastructure
Torre.ai,Mercado Internacional (Remoto - USD),CAD,lr4p0ZLr,Machine Learning Intern/Co-Op (Winter 2027),Cohere,"Canada, United States",Remoto,No especificado,No especificado,,,,Python,https://torre.ai/jobs/cohere-machine-learning-internco-op-winter-2027
Torre.ai,Mercado Internacional (Remoto - USD),CAD,lr4p0ZLr,Machine Learning Intern/Co-Op (Winter 2027),Cohere,"Canada, United States",Remoto,No especificado,No especificado,,,,Machine Learning General,https://torre.ai/jobs/cohere-machine-learning-internco-op-winter-2027
Torre.ai,Mercado Internacional (Remoto - USD),CAD,lr4p0ZLr,Machine Learning Intern/Co-Op (Winter 2027),Cohere,"Canada, United States",Remoto,No especificado,No especificado,,,,TensorFlow / Keras,https://torre.ai/jobs/cohere-machine-learning-internco-op-winter-2027
Torre.ai,Mercado Internacional (Remoto - USD),CAD,2W1pN3nr,"Data Annotation Specialist, Data Science",Cohere,Canada,Remoto,No especificado,No especificado,,18560000.0,18.56,Python,https://torre.ai/jobs/cohere-data-annotation-specialist-data-science
Torre.ai,Mercado Internacional (Remoto - USD),CAD,2W1pN3nr,"Data Annotation Specialist, Data Science",Cohere,Canada,Remoto,No especificado,No especificado,,18560000.0,18.56,SQL,https://torre.ai/jobs/cohere-data-annotation-specialist-data-science
Torre.ai,Mercado Internacional (Remoto - USD),CAD,arQjp34W,"Staff Machine Learning Engineer, Gen AI | Voice & Speech",Weave,United States,Remoto,No especificado,No especificado,,,,SQL,https://torre.ai/jobs/weave-staff-machine-learning-engineer-gen-ai-voice-speech
Torre.ai,Mercado Internacional (Remoto - USD),CAD,arQjp34W,"Staff Machine Learning Engineer, Gen AI | Voice & Speech",Weave,United States,Remoto,No especificado,No especificado,,,,AWS,https://torre.ai/jobs/weave-staff-machine-learning-engineer-gen-ai-voice-speech
Torre.ai,Mercado Internacional (Remoto - USD),CAD,arQjp34W,"Staff Machine Learning Engineer, Gen AI | Voice & Speech",Weave,United States,Remoto,No especificado,No especificado,,,,Google Cloud (GCP),https://torre.ai/jobs/weave-staff-machine-learning-engineer-gen-ai-voice-speech
Torre.ai,Mercado Internacional (Remoto - USD),CAD,arQjp34W,"Staff Machine Learning Engineer, Gen AI | Voice & Speech",Weave,United States,Remoto,No especificado,No especificado,,,,Machine Learning General,https://torre.ai/jobs/weave-staff-machine-learning-engineer-gen-ai-voice-speech
Torre.ai,Mercado Internacional (Remoto - USD),CAD,arQjp34W,"Staff Machine Learning Engineer, Gen AI | Voice & Speech",Weave,United States,Remoto,No especificado,No especificado,,,,NLP / LLMs,https://torre.ai/jobs/weave-staff-machine-learning-engineer-gen-ai-voice-speech
Torre.ai,Mercado Internacional (Remoto - USD),CAD,arQjp34W,"Staff Machine Learning Engineer, Gen AI | Voice & Speech",Weave,United States,Remoto,No especificado,No especificado,,,,Docker / Kubernetes,https://torre.ai/jobs/weave-staff-machine-learning-engineer-gen-ai-voice-speech
Torre.ai,Mercado Internacional (Remoto - USD),CAD,arQjp34W,"Staff Machine Learning Engineer, Gen AI | Voice & Speech",Weave,United States,Remoto,No especificado,No especificado,,,,Bases de Datos NoSQL,https://torre.ai/jobs/weave-staff-machine-learning-engineer-gen-ai-voice-speech
Torre.ai,Mercado Internacional (Remoto - USD),CAD,arQjp34W,"Staff Machine Learning Engineer, Gen AI | Voice & Speech",Weave,United States,Remoto,No especificado,No especificado,,,,MLOps,https://torre.ai/jobs/weave-staff-machine-learning-engineer-gen-ai-voice-speech
Torre.ai,Mercado Internacional (Remoto - USD),CAD,qdP9DRbr,Senior Machine Learning Engineer (Remote - LATAM Based),Arionkoder,"Colombia, Argentina",Remoto,No especificado,No especificado,,,,Python,https://torre.ai/jobs/arionkoder-sr-machine-learning-engineer-remote-latam-based
Torre.ai,Mercado Internacional (Remoto - USD),CAD,qdP9DRbr,Senior Machine Learning Engineer (Remote - LATAM Based),Arionkoder,"Colombia, Argentina",Remoto,No especificado,No especificado,,,,AWS,https://torre.ai/jobs/arionkoder-sr-machine-learning-engineer-remote-latam-based
Torre.ai,Mercado Internacional (Remoto - USD),CAD,qdP9DRbr,Senior Machine Learning Engineer (Remote - LATAM Based),Arionkoder,"Colombia, Argentina",Remoto,No especificado,No especificado,,,,Machine Learning General,https://torre.ai/jobs/arionkoder-sr-machine-learning-engineer-remote-latam-based
Torre.ai,Mercado Internacional (Remoto - USD),CAD,qdP9DRbr,Senior Machine Learning Engineer (Remote - LATAM Based),Arionkoder,"Colombia, Argentina",Remoto,No especificado,No especificado,,,,Deep Learning,https://torre.ai/jobs/arionkoder-sr-machine-learning-engineer-remote-latam-based
Torre.ai,Mercado Internacional (Remoto - USD),CAD,qdP9DRbr,Senior Machine Learning Engineer (Remote - LATAM Based),Arionkoder,"Colombia, Argentina",Remoto,No especificado,No especificado,,,,Computer Vision,https://torre.ai/jobs/arionkoder-sr-machine-learning-engineer-remote-latam-based
Torre.ai,Mercado Internacional (Remoto - USD),CAD,qdP9DRbr,Senior Machine Learning Engineer (Remote - LATAM Based),Arionkoder,"Colombia, Argentina",Remoto,No especificado,No especificado,,,,Git / Control de Versiones,https://torre.ai/jobs/arionkoder-sr-machine-learning-engineer-remote-latam-based
Torre.ai,Mercado Internacional (Remoto - USD),CAD,qdP9DRbr,Senior Machine Learning Engineer (Remote - LATAM Based),Arionkoder,"Colombia, Argentina",Remoto,No especificado,No especificado,,,,MLOps,https://torre.ai/jobs/arionkoder-sr-machine-learning-engineer-remote-latam-based
Torre.ai,Mercado Internacional (Remoto - USD),USD,ed8pp3ed,"Research Staff, Data Science",Deepgram,United States,Remoto,No especificado,No especificado,,61666666.666666664,61.666666666666664,Python,https://torre.ai/jobs/deepgram-research-staff-data-science-1
Torre.ai,Mercado Internacional (Remoto - USD),USD,ed8pp3ed,"Research Staff, Data Science",Deepgram,United States,Remoto,No especificado,No especificado,,61666666.666666664,61.666666666666664,Deep Learning,https://torre.ai/jobs/deepgram-research-staff-data-science-1
Torre.ai,Mercado Internacional (Remoto - USD),USD,ed8pp3ed,"Research Staff, Data Science",Deepgram,United States,Remoto,No especificado,No especificado,,61666666.666666664,61.666666666666664,PyTorch,https://torre.ai/jobs/deepgram-research-staff-data-science-1
Torre.ai,Mercado Internacional (Remoto - USD),USD,NrJOOxYW,"Director, Client Data Science",Foodsmart,United States,Remoto,No especificado,No especificado,,68333333.33333333,68.33333333333333,Python,https://torre.ai/jobs/foodsmart-director-client-data-science
Torre.ai,Mercado Internacional (Remoto - USD),USD,NrJOOxYW,"Director, Client Data Science",Foodsmart,United States,Remoto,No especificado,No especificado,,68333333.33333333,68.33333333333333,SQL,https://torre.ai/jobs/foodsmart-director-client-data-science
Torre.ai,Mercado Internacional (Remoto - USD),USD,NrJOOxYW,"Director, Client Data Science",Foodsmart,United States,Remoto,No especificado,No especificado,,68333333.33333333,68.33333333333333,ETL / Pipelines de Datos,https://torre.ai/jobs/foodsmart-director-client-data-science
Torre.ai,Mercado Internacional (Remoto - USD),CAD,VWMqMEBW,Machine Learning Engineer (Remote),StackAdapt,United Kingdom,Remoto,No especificado,No especificado,,,,Python,https://torre.ai/jobs/stackadapt-machine-learning-engineer-remote
Torre.ai,Mercado Internacional (Remoto - USD),CAD,VWMqMEBW,Machine Learning Engineer (Remote),StackAdapt,United Kingdom,Remoto,No especificado,No especificado,,,,Machine Learning General,https://torre.ai/jobs/stackadapt-machine-learning-engineer-remote
Torre.ai,Mercado Internacional (Remoto - USD),CAD,VWMqMEBW,Machine Learning Engineer (Remote),StackAdapt,United Kingdom,Remoto,No especificado,No especificado,,,,ETL / Pipelines de Datos,https://torre.ai/jobs/stackadapt-machine-learning-engineer-remote
Torre.ai,Mercado Internacional (Remoto - USD),USD,JWO8VZ6w,Machine Learning Engineer,AI Talent Hunt,"Canadá, USA",Remoto,No especificado,No especificado,,65833333.33333333,65.83333333333333,Python,https://torre.ai/jobs/ai-talent-hunt-machine-learning-engineer
Torre.ai,Mercado Internacional (Remoto - USD),USD,JWO8VZ6w,Machine Learning Engineer,AI Talent Hunt,"Canadá, USA",Remoto,No especificado,No especificado,,65833333.33333333,65.83333333333333,SQL,https://torre.ai/jobs/ai-talent-hunt-machine-learning-engineer
Torre.ai,Mercado Internacional (Remoto - USD),USD,JWO8VZ6w,Machine Learning Engineer,AI Talent Hunt,"Canadá, USA",Remoto,No especificado,No especificado,,65833333.33333333,65.83333333333333,Machine Learning General,https://torre.ai/jobs/ai-talent-hunt-machine-learning-engineer
Torre.ai,Mercado Internacional (Remoto - USD),USD,JWO8VZ6w,Machine Learning Engineer,AI Talent Hunt,"Canadá, USA",Remoto,No especificado,No especificado,,65833333.33333333,65.83333333333333,ETL / Pipelines de Datos,https://torre.ai/jobs/ai-talent-hunt-machine-learning-engineer
Torre.ai,Mercado Internacional (Remoto - USD),USD,JWO8VZ6w,Machine Learning Engineer,AI Talent Hunt,"Canadá, USA",Remoto,No especificado,No especificado,,65833333.33333333,65.83333333333333,MLOps,https://torre.ai/jobs/ai-talent-hunt-machine-learning-engineer
Torre.ai,Mercado Internacional (Remoto - USD),CAD,Qwe1BDYw,Staff Machine Learning Engineer,SurveyMonkey,Italy,Remoto,No especificado,No especificado,,,,Kafka,https://torre.ai/jobs/surveymonkey-staff-machine-learning-engineer
Torre.ai,Mercado Internacional (Remoto - USD),CAD,Qwe1BDYw,Staff Machine Learning Engineer,SurveyMonkey,Italy,Remoto,No especificado,No especificado,,,,AWS,https://torre.ai/jobs/surveymonkey-staff-machine-learning-engineer
Torre.ai,Mercado Internacional (Remoto - USD),CAD,Qwe1BDYw,Staff Machine Learning Engineer,SurveyMonkey,Italy,Remoto,No especificado,No especificado,,,,Machine Learning General,https://torre.ai/jobs/surveymonkey-staff-machine-learning-engineer
Torre.ai,Mercado Internacional (Remoto - USD),CAD,Qwe1BDYw,Staff Machine Learning Engineer,SurveyMonkey,Italy,Remoto,No especificado,No especificado,,,,NLP / LLMs,https://torre.ai/jobs/surveymonkey-staff-machine-learning-engineer
Torre.ai,Mercado Internacional (Remoto - USD),CAD,Qwe1BDYw,Staff Machine Learning Engineer,SurveyMonkey,Italy,Remoto,No especificado,No especificado,,,,Docker / Kubernetes,https://torre.ai/jobs/surveymonkey-staff-machine-learning-engineer
Torre.ai,Mercado Internacional (Remoto - USD),USD,kWRgx57w,"Staff, Analytics Engineer, GTM Data Science & Analytics",Twilio,United States,Remoto,No especificado,No especificado,,58320000.0,58.32,SQL,https://torre.ai/jobs/twilio-staff-analytics-engineer-gtm-data-science-analytics
Torre.ai,Mercado Internacional (Remoto - USD),USD,kWRgx57w,"Staff, Analytics Engineer, GTM Data Science & Analytics",Twilio,United States,Remoto,No especificado,No especificado,,58320000.0,58.32,ETL / Pipelines de Datos,https://torre.ai/jobs/twilio-staff-analytics-engineer-gtm-data-science-analytics
Torre.ai,Mercado Internacional (Remoto - USD),USD,ZWXzxx1d,"Research Engineer, Machine Learning Systems",Deepgram,United States,Remoto,No especificado,No especificado,,66666666.66666667,66.66666666666667,Machine Learning General,https://torre.ai/jobs/deepgram-research-engineer-machine-learning-systems
Torre.ai,Mercado Internacional (Remoto - USD),USD,ZWXzxx1d,"Research Engineer, Machine Learning Systems",Deepgram,United States,Remoto,No especificado,No especificado,,66666666.66666667,66.66666666666667,Docker / Kubernetes,https://torre.ai/jobs/deepgram-research-engineer-machine-learning-systems
Torre.ai,Mercado Internacional (Remoto - USD),USD,ZWXzxx1d,"Research Engineer, Machine Learning Systems",Deepgram,United States,Remoto,No especificado,No especificado,,66666666.66666667,66.66666666666667,MLOps,https://torre.ai/jobs/deepgram-research-engineer-machine-learning-systems
Torre.ai,Mercado Internacional (Remoto - USD),CAD,lWgD7ayw,AI / Machine Learning Engineer,DevUps,Global / Remoto,Remoto,No especificado,No especificado,,,,Python,https://torre.ai/jobs/devups-ai-machine-learning-engineer
Torre.ai,Mercado Internacional (Remoto - USD),CAD,lWgD7ayw,AI / Machine Learning Engineer,DevUps,Global / Remoto,Remoto,No especificado,No especificado,,,,SQL,https://torre.ai/jobs/devups-ai-machine-learning-engineer
Torre.ai,Mercado Internacional (Remoto - USD),CAD,lWgD7ayw,AI / Machine Learning Engineer,DevUps,Global / Remoto,Remoto,No especificado,No especificado,,,,Spark / PySpark,https://torre.ai/jobs/devups-ai-machine-learning-engineer
Torre.ai,Mercado Internacional (Remoto - USD),CAD,lWgD7ayw,AI / Machine Learning Engineer,DevUps,Global / Remoto,Remoto,No especificado,No especificado,,,,Azure,https://torre.ai/jobs/devups-ai-machine-learning-engineer
Torre.ai,Mercado Internacional (Remoto - USD),CAD,lWgD7ayw,AI / Machine Learning Engineer,DevUps,Global / Remoto,Remoto,No especificado,No especificado,,,,Google Cloud (GCP),https://torre.ai/jobs/devups-ai-machine-learning-engineer
Torre.ai,Mercado Internacional (Remoto - USD),CAD,lWgD7ayw,AI / Machine Learning Engineer,DevUps,Global / Remoto,Remoto,No especificado,No especificado,,,,Machine Learning General,https://torre.ai/jobs/devups-ai-machine-learning-engineer
Torre.ai,Mercado Internacional (Remoto - USD),CAD,lWgD7ayw,AI / Machine Learning Engineer,DevUps,Global / Remoto,Remoto,No especificado,No especificado,,,,TensorFlow / Keras,https://torre.ai/jobs/devups-ai-machine-learning-engineer
Torre.ai,Mercado Internacional (Remoto - USD),CAD,lWgD7ayw,AI / Machine Learning Engineer,DevUps,Global / Remoto,Remoto,No especificado,No especificado,,,,PyTorch,https://torre.ai/jobs/devups-ai-machine-learning-engineer
Torre.ai,Mercado Internacional (Remoto - USD),CAD,lWgD7ayw,AI / Machine Learning Engineer,DevUps,Global / Remoto,Remoto,No especificado,No especificado,,,,ETL / Pipelines de Datos,https://torre.ai/jobs/devups-ai-machine-learning-engineer
Torre.ai,Mercado Internacional (Remoto - USD),CAD,lWgD7ayw,AI / Machine Learning Engineer,DevUps,Global / Remoto,Remoto,No especificado,No especificado,,,,Docker / Kubernetes,https://torre.ai/jobs/devups-ai-machine-learning-engineer
Torre.ai,Mercado Internacional (Remoto - USD),CAD,lWgD7ayw,AI / Machine Learning Engineer,DevUps,Global / Remoto,Remoto,No especificado,No especificado,,,,MLOps,https://torre.ai/jobs/devups-ai-machine-learning-engineer
Torre.ai,Mercado Internacional (Remoto - USD),CAD,ZW57GXpd,Machine Learning Engineer (GCP Certified),DevUps,Global / Remoto,Remoto,No especificado,No especificado,,,,Python,https://torre.ai/jobs/devups-machine-learning-engineer-gcp-certified
Torre.ai,Mercado Internacional (Remoto - USD),CAD,ZW57GXpd,Machine Learning Engineer (GCP Certified),DevUps,Global / Remoto,Remoto,No especificado,No especificado,,,,SQL,https://torre.ai/jobs/devups-machine-learning-engineer-gcp-certified
Torre.ai,Mercado Internacional (Remoto - USD),CAD,ZW57GXpd,Machine Learning Engineer (GCP Certified),DevUps,Global / Remoto,Remoto,No especificado,No especificado,,,,Google Cloud (GCP),https://torre.ai/jobs/devups-machine-learning-engineer-gcp-certified
Torre.ai,Mercado Internacional (Remoto - USD),CAD,ZW57GXpd,Machine Learning Engineer (GCP Certified),DevUps,Global / Remoto,Remoto,No especificado,No especificado,,,,Machine Learning General,https://torre.ai/jobs/devups-machine-learning-engineer-gcp-certified
Torre.ai,Mercado Internacional (Remoto - USD),CAD,ZW57GXpd,Machine Learning Engineer (GCP Certified),DevUps,Global / Remoto,Remoto,No especificado,No especificado,,,,NLP / LLMs,https://torre.ai/jobs/devups-machine-learning-engineer-gcp-certified
Torre.ai,Mercado Internacional (Remoto - USD),CAD,ZW57GXpd,Machine Learning Engineer (GCP Certified),DevUps,Global / Remoto,Remoto,No especificado,No especificado,,,,Computer Vision,https://torre.ai/jobs/devups-machine-learning-engineer-gcp-certified
Torre.ai,Mercado Internacional (Remoto - USD),CAD,ZW57GXpd,Machine Learning Engineer (GCP Certified),DevUps,Global / Remoto,Remoto,No especificado,No especificado,,,,Scikit-Learn,https://torre.ai/jobs/devups-machine-learning-engineer-gcp-certified
Torre.ai,Mercado Internacional (Remoto - USD),CAD,ZW57GXpd,Machine Learning Engineer (GCP Certified),DevUps,Global / Remoto,Remoto,No especificado,No especificado,,,,TensorFlow / Keras,https://torre.ai/jobs/devups-machine-learning-engineer-gcp-certified
Torre.ai,Mercado Internacional (Remoto - USD),CAD,ZW57GXpd,Machine Learning Engineer (GCP Certified),DevUps,Global / Remoto,Remoto,No especificado,No especificado,,,,PyTorch,https://torre.ai/jobs/devups-machine-learning-engineer-gcp-certified
Torre.ai,Mercado Internacional (Remoto - USD),CAD,ZW57GXpd,Machine Learning Engineer (GCP Certified),DevUps,Global / Remoto,Remoto,No especificado,No especificado,,,,ETL / Pipelines de Datos,https://torre.ai/jobs/devups-machine-learning-engineer-gcp-certified
Torre.ai,Mercado Internacional (Remoto - USD),CAD,ZW57GXpd,Machine Learning Engineer (GCP Certified),DevUps,Global / Remoto,Remoto,No especificado,No especificado,,,,Docker / Kubernetes,https://torre.ai/jobs/devups-machine-learning-engineer-gcp-certified
Torre.ai,Mercado Internacional (Remoto - USD),CAD,ZW57GXpd,Machine Learning Engineer (GCP Certified),DevUps,Global / Remoto,Remoto,No especificado,No especificado,,,,Bases de Datos NoSQL,https://torre.ai/jobs/devups-machine-learning-engineer-gcp-certified
Torre.ai,Mercado Internacional (Remoto - USD),CAD,ZW57GXpd,Machine Learning Engineer (GCP Certified),DevUps,Global / Remoto,Remoto,No especificado,No especificado,,,,MLOps,https://torre.ai/jobs/devups-machine-learning-engineer-gcp-certified
Torre.ai,Mercado Internacional (Remoto - USD),CAD,OwGo7A6w,"Senior Machine Learning Engineer, Ads",Quora,Global / Remoto,Remoto,No especificado,No especificado,,,,Python,https://torre.ai/jobs/quora-senior-machine-learning-engineer-ads
Torre.ai,Mercado Internacional (Remoto - USD),CAD,OwGo7A6w,"Senior Machine Learning Engineer, Ads",Quora,Global / Remoto,Remoto,No especificado,No especificado,,,,Machine Learning General,https://torre.ai/jobs/quora-senior-machine-learning-engineer-ads
Torre.ai,Mercado Internacional (Remoto - USD),CAD,OwGo7A6w,"Senior Machine Learning Engineer, Ads",Quora,Global / Remoto,Remoto,No especificado,No especificado,,,,TensorFlow / Keras,https://torre.ai/jobs/quora-senior-machine-learning-engineer-ads
Torre.ai,Mercado Internacional (Remoto - USD),CAD,OwGo7A6w,"Senior Machine Learning Engineer, Ads",Quora,Global / Remoto,Remoto,No especificado,No especificado,,,,PyTorch,https://torre.ai/jobs/quora-senior-machine-learning-engineer-ads
Torre.ai,Mercado Internacional (Remoto - USD),CAD,KWN18x8r,Senior Data Science Evaluation Specialist (5+ Yrs Exp),Mercor,Global / Remoto,Remoto,No especificado,No especificado,,,,Python,https://torre.ai/jobs/mercor-senior-data-science-evaluation-specialist-5-yrs-exp
Torre.ai,Mercado Internacional (Remoto - USD),CAD,KWN18x8r,Senior Data Science Evaluation Specialist (5+ Yrs Exp),Mercor,Global / Remoto,Remoto,No especificado,No especificado,,,,SQL,https://torre.ai/jobs/mercor-senior-data-science-evaluation-specialist-5-yrs-exp
Torre.ai,Mercado Internacional (Remoto - USD),CAD,qdPDK3Ad,"Staff Machine Learning Research Scientist (NLP, Clinical AI)",Rad AI,United States,Remoto,No especificado,No especificado,,,,Machine Learning General,https://torre.ai/jobs/rad-ai-staff-machine-learning-research-scientist-nlp-clinical-ai
Torre.ai,Mercado Internacional (Remoto - USD),CAD,qdPDK3Ad,"Staff Machine Learning Research Scientist (NLP, Clinical AI)",Rad AI,United States,Remoto,No especificado,No especificado,,,,NLP / LLMs,https://torre.ai/jobs/rad-ai-staff-machine-learning-research-scientist-nlp-clinical-ai
Torre.ai,Mercado Internacional (Remoto - USD),CAD,qdPDK3Ad,"Staff Machine Learning Research Scientist (NLP, Clinical AI)",Rad AI,United States,Remoto,No especificado,No especificado,,,,Computer Vision,https://torre.ai/jobs/rad-ai-staff-machine-learning-research-scientist-nlp-clinical-ai
Torre.ai,Mercado Internacional (Remoto - USD),CAD,qdPDK3Ad,"Staff Machine Learning Research Scientist (NLP, Clinical AI)",Rad AI,United States,Remoto,No especificado,No especificado,,,,PyTorch,https://torre.ai/jobs/rad-ai-staff-machine-learning-research-scientist-nlp-clinical-ai
Torre.ai,Mercado Internacional (Remoto - USD),CAD,VdLOxJ5w,Senior Machine Learning Engineer (ASR) - Voice Experience,Cresta,Global / Remoto,Remoto,No especificado,No especificado,,,,Machine Learning General,https://torre.ai/jobs/cresta-senior-machine-learning-engineer-asr-voice-experience
Torre.ai,Mercado Internacional (Remoto - USD),CAD,VdLOxJ5w,Senior Machine Learning Engineer (ASR) - Voice Experience,Cresta,Global / Remoto,Remoto,No especificado,No especificado,,,,NLP / LLMs,https://torre.ai/jobs/cresta-senior-machine-learning-engineer-asr-voice-experience
Torre.ai,Mercado Internacional (Remoto - USD),CAD,VdLOxJ5w,Senior Machine Learning Engineer (ASR) - Voice Experience,Cresta,Global / Remoto,Remoto,No especificado,No especificado,,,,TensorFlow / Keras,https://torre.ai/jobs/cresta-senior-machine-learning-engineer-asr-voice-experience
Torre.ai,Mercado Internacional (Remoto - USD),CAD,VdLOxJ5w,Senior Machine Learning Engineer (ASR) - Voice Experience,Cresta,Global / Remoto,Remoto,No especificado,No especificado,,,,PyTorch,https://torre.ai/jobs/cresta-senior-machine-learning-engineer-asr-voice-experience
Torre.ai,Mercado Internacional (Remoto - USD),CAD,VdLOxJ5w,Senior Machine Learning Engineer (ASR) - Voice Experience,Cresta,Global / Remoto,Remoto,No especificado,No especificado,,,,ETL / Pipelines de Datos,https://torre.ai/jobs/cresta-senior-machine-learning-engineer-asr-voice-experience
Torre.ai,Mercado Internacional (Remoto - USD),CAD,lr418D3W,Senior Machine Learning Engineer,Solidgate,Ukraine,Remoto,No especificado,No especificado,,,,Python,https://torre.ai/jobs/solidgate-senior-machine-learning-engineer
Torre.ai,Mercado Internacional (Remoto - USD),CAD,lr418D3W,Senior Machine Learning Engineer,Solidgate,Ukraine,Remoto,No especificado,No especificado,,,,Machine Learning General,https://torre.ai/jobs/solidgate-senior-machine-learning-engineer
Torre.ai,Mercado Internacional (Remoto - USD),CAD,VdLOPLBw,Head of Machine Learning,Solidgate,Ukraine,Remoto,No especificado,No especificado,,,,Machine Learning General,https://torre.ai/jobs/solidgate-head-of-machine-learning
Torre.ai,Mercado Internacional (Remoto - USD),CAD,VdLOPLBw,Head of Machine Learning,Solidgate,Ukraine,Remoto,No especificado,No especificado,,,,MLOps,https://torre.ai/jobs/solidgate-head-of-machine-learning
Torre.ai,Mercado Internacional (Remoto - USD),CAD,Yd6pl4OW,"Senior Technical Program Manager, Machine Learning Infrastructure",Cohere,Canada,Remoto,No especificado,No especificado,,,,Machine Learning General,https://torre.ai/jobs/cohere-senior-technical-program-manager-machine-learning-infrastructure
Torre.ai,Mercado Internacional (Remoto - USD),CAD,lr4p0ZLr,Machine Learning Intern/Co-Op (Winter 2027),Cohere,"Canada, United States",Remoto,No especificado,No especificado,,,,Python,https://torre.ai/jobs/cohere-machine-learning-internco-op-winter-2027
Torre.ai,Mercado Internacional (Remoto - USD),CAD,lr4p0ZLr,Machine Learning Intern/Co-Op (Winter 2027),Cohere,"Canada, United States",Remoto,No especificado,No especificado,,,,Machine Learning General,https://torre.ai/jobs/cohere-machine-learning-internco-op-winter-2027
Torre.ai,Mercado Internacional (Remoto - USD),CAD,lr4p0ZLr,Machine Learning Intern/Co-Op (Winter 2027),Cohere,"Canada, United States",Remoto,No especificado,No especificado,,,,TensorFlow / Keras,https://torre.ai/jobs/cohere-machine-learning-internco-op-winter-2027
Torre.ai,Mercado Internacional (Remoto - USD),CAD,2W1pN3nr,"Data Annotation Specialist, Data Science",Cohere,Canada,Remoto,No especificado,No especificado,,18560000.0,18.56,Python,https://torre.ai/jobs/cohere-data-annotation-specialist-data-science
Torre.ai,Mercado Internacional (Remoto - USD),CAD,2W1pN3nr,"Data Annotation Specialist, Data Science",Cohere,Canada,Remoto,No especificado,No especificado,,18560000.0,18.56,SQL,https://torre.ai/jobs/cohere-data-annotation-specialist-data-science
Torre.ai,Mercado Internacional (Remoto - USD),CAD,arQjp34W,"Staff Machine Learning Engineer, Gen AI | Voice & Speech",Weave,United States,Remoto,No especificado,No especificado,,,,SQL,https://torre.ai/jobs/weave-staff-machine-learning-engineer-gen-ai-voice-speech
Torre.ai,Mercado Internacional (Remoto - USD),CAD,arQjp34W,"Staff Machine Learning Engineer, Gen AI | Voice & Speech",Weave,United States,Remoto,No especificado,No especificado,,,,AWS,https://torre.ai/jobs/weave-staff-machine-learning-engineer-gen-ai-voice-speech
Torre.ai,Mercado Internacional (Remoto - USD),CAD,arQjp34W,"Staff Machine Learning Engineer, Gen AI | Voice & Speech",Weave,United States,Remoto,No especificado,No especificado,,,,Google Cloud (GCP),https://torre.ai/jobs/weave-staff-machine-learning-engineer-gen-ai-voice-speech
Torre.ai,Mercado Internacional (Remoto - USD),CAD,arQjp34W,"Staff Machine Learning Engineer, Gen AI | Voice & Speech",Weave,United States,Remoto,No especificado,No especificado,,,,Machine Learning General,https://torre.ai/jobs/weave-staff-machine-learning-engineer-gen-ai-voice-speech
Torre.ai,Mercado Internacional (Remoto - USD),CAD,arQjp34W,"Staff Machine Learning Engineer, Gen AI | Voice & Speech",Weave,United States,Remoto,No especificado,No especificado,,,,NLP / LLMs,https://torre.ai/jobs/weave-staff-machine-learning-engineer-gen-ai-voice-speech
Torre.ai,Mercado Internacional (Remoto - USD),CAD,arQjp34W,"Staff Machine Learning Engineer, Gen AI | Voice & Speech",Weave,United States,Remoto,No especificado,No especificado,,,,Docker / Kubernetes,https://torre.ai/jobs/weave-staff-machine-learning-engineer-gen-ai-voice-speech
Torre.ai,Mercado Internacional (Remoto - USD),CAD,arQjp34W,"Staff Machine Learning Engineer, Gen AI | Voice & Speech",Weave,United States,Remoto,No especificado,No especificado,,,,Bases de Datos NoSQL,https://torre.ai/jobs/weave-staff-machine-learning-engineer-gen-ai-voice-speech
Torre.ai,Mercado Internacional (Remoto - USD),CAD,arQjp34W,"Staff Machine Learning Engineer, Gen AI | Voice & Speech",Weave,United States,Remoto,No especificado,No especificado,,,,MLOps,https://torre.ai/jobs/weave-staff-machine-learning-engineer-gen-ai-voice-speech
Torre.ai,Mercado Internacional (Remoto - USD),CAD,qdP9DRbr,Senior Machine Learning Engineer (Remote - LATAM Based),Arionkoder,"Colombia, Argentina",Remoto,No especificado,No especificado,,,,Python,https://torre.ai/jobs/arionkoder-sr-machine-learning-engineer-remote-latam-based
Torre.ai,Mercado Internacional (Remoto - USD),CAD,qdP9DRbr,Senior Machine Learning Engineer (Remote - LATAM Based),Arionkoder,"Colombia, Argentina",Remoto,No especificado,No especificado,,,,AWS,https://torre.ai/jobs/arionkoder-sr-machine-learning-engineer-remote-latam-based
Torre.ai,Mercado Internacional (Remoto - USD),CAD,qdP9DRbr,Senior Machine Learning Engineer (Remote - LATAM Based),Arionkoder,"Colombia, Argentina",Remoto,No especificado,No especificado,,,,Machine Learning General,https://torre.ai/jobs/arionkoder-sr-machine-learning-engineer-remote-latam-based
Torre.ai,Mercado Internacional (Remoto - USD),CAD,qdP9DRbr,Senior Machine Learning Engineer (Remote - LATAM Based),Arionkoder,"Colombia, Argentina",Remoto,No especificado,No especificado,,,,Deep Learning,https://torre.ai/jobs/arionkoder-sr-machine-learning-engineer-remote-latam-based
Torre.ai,Mercado Internacional (Remoto - USD),CAD,qdP9DRbr,Senior Machine Learning Engineer (Remote - LATAM Based),Arionkoder,"Colombia, Argentina",Remoto,No especificado,No especificado,,,,Computer Vision,https://torre.ai/jobs/arionkoder-sr-machine-learning-engineer-remote-latam-based
Torre.ai,Mercado Internacional (Remoto - USD),CAD,qdP9DRbr,Senior Machine Learning Engineer (Remote - LATAM Based),Arionkoder,"Colombia, Argentina",Remoto,No especificado,No especificado,,,,Git / Control de Versiones,https://torre.ai/jobs/arionkoder-sr-machine-learning-engineer-remote-latam-based
Torre.ai,Mercado Internacional (Remoto - USD),CAD,qdP9DRbr,Senior Machine Learning Engineer (Remote - LATAM Based),Arionkoder,"Colombia, Argentina",Remoto,No especificado,No especificado,,,,MLOps,https://torre.ai/jobs/arionkoder-sr-machine-learning-engineer-remote-latam-based
Torre.ai,Mercado Internacional (Remoto - USD),USD,ed8pp3ed,"Research Staff, Data Science",Deepgram,United States,Remoto,No especificado,No especificado,,61666666.666666664,61.666666666666664,Python,https://torre.ai/jobs/deepgram-research-staff-data-science-1
Torre.ai,Mercado Internacional (Remoto - USD),USD,ed8pp3ed,"Research Staff, Data Science",Deepgram,United States,Remoto,No especificado,No especificado,,61666666.666666664,61.666666666666664,Deep Learning,https://torre.ai/jobs/deepgram-research-staff-data-science-1
Torre.ai,Mercado Internacional (Remoto - USD),USD,ed8pp3ed,"Research Staff, Data Science",Deepgram,United States,Remoto,No especificado,No especificado,,61666666.666666664,61.666666666666664,PyTorch,https://torre.ai/jobs/deepgram-research-staff-data-science-1
Torre.ai,Mercado Internacional (Remoto - USD),USD,NrJOOxYW,"Director, Client Data Science",Foodsmart,United States,Remoto,No especificado,No especificado,,68333333.33333333,68.33333333333333,Python,https://torre.ai/jobs/foodsmart-director-client-data-science
Torre.ai,Mercado Internacional (Remoto - USD),USD,NrJOOxYW,"Director, Client Data Science",Foodsmart,United States,Remoto,No especificado,No especificado,,68333333.33333333,68.33333333333333,SQL,https://torre.ai/jobs/foodsmart-director-client-data-science
Torre.ai,Mercado Internacional (Remoto - USD),USD,NrJOOxYW,"Director, Client Data Science",Foodsmart,United States,Remoto,No especificado,No especificado,,68333333.33333333,68.33333333333333,ETL / Pipelines de Datos,https://torre.ai/jobs/foodsmart-director-client-data-science
Torre.ai,Mercado Internacional (Remoto - USD),CAD,VWMqMEBW,Machine Learning Engineer (Remote),StackAdapt,United Kingdom,Remoto,No especificado,No especificado,,,,Python,https://torre.ai/jobs/stackadapt-machine-learning-engineer-remote
Torre.ai,Mercado Internacional (Remoto - USD),CAD,VWMqMEBW,Machine Learning Engineer (Remote),StackAdapt,United Kingdom,Remoto,No especificado,No especificado,,,,Machine Learning General,https://torre.ai/jobs/stackadapt-machine-learning-engineer-remote
Torre.ai,Mercado Internacional (Remoto - USD),CAD,VWMqMEBW,Machine Learning Engineer (Remote),StackAdapt,United Kingdom,Remoto,No especificado,No especificado,,,,ETL / Pipelines de Datos,https://torre.ai/jobs/stackadapt-machine-learning-engineer-remote
Torre.ai,Mercado Internacional (Remoto - USD),USD,JWO8VZ6w,Machine Learning Engineer,AI Talent Hunt,"Canadá, USA",Remoto,No especificado,No especificado,,65833333.33333333,65.83333333333333,Python,https://torre.ai/jobs/ai-talent-hunt-machine-learning-engineer
Torre.ai,Mercado Internacional (Remoto - USD),USD,JWO8VZ6w,Machine Learning Engineer,AI Talent Hunt,"Canadá, USA",Remoto,No especificado,No especificado,,65833333.33333333,65.83333333333333,SQL,https://torre.ai/jobs/ai-talent-hunt-machine-learning-engineer
Torre.ai,Mercado Internacional (Remoto - USD),USD,JWO8VZ6w,Machine Learning Engineer,AI Talent Hunt,"Canadá, USA",Remoto,No especificado,No especificado,,65833333.33333333,65.83333333333333,Machine Learning General,https://torre.ai/jobs/ai-talent-hunt-machine-learning-engineer
Torre.ai,Mercado Internacional (Remoto - USD),USD,JWO8VZ6w,Machine Learning Engineer,AI Talent Hunt,"Canadá, USA",Remoto,No especificado,No especificado,,65833333.33333333,65.83333333333333,ETL / Pipelines de Datos,https://torre.ai/jobs/ai-talent-hunt-machine-learning-engineer
Torre.ai,Mercado Internacional (Remoto - USD),USD,JWO8VZ6w,Machine Learning Engineer,AI Talent Hunt,"Canadá, USA",Remoto,No especificado,No especificado,,65833333.33333333,65.83333333333333,MLOps,https://torre.ai/jobs/ai-talent-hunt-machine-learning-engineer
Torre.ai,Mercado Internacional (Remoto - USD),CAD,Qwe1BDYw,Staff Machine Learning Engineer,SurveyMonkey,Italy,Remoto,No especificado,No especificado,,,,Kafka,https://torre.ai/jobs/surveymonkey-staff-machine-learning-engineer
Torre.ai,Mercado Internacional (Remoto - USD),CAD,Qwe1BDYw,Staff Machine Learning Engineer,SurveyMonkey,Italy,Remoto,No especificado,No especificado,,,,AWS,https://torre.ai/jobs/surveymonkey-staff-machine-learning-engineer
Torre.ai,Mercado Internacional (Remoto - USD),CAD,Qwe1BDYw,Staff Machine Learning Engineer,SurveyMonkey,Italy,Remoto,No especificado,No especificado,,,,Machine Learning General,https://torre.ai/jobs/surveymonkey-staff-machine-learning-engineer
Torre.ai,Mercado Internacional (Remoto - USD),CAD,Qwe1BDYw,Staff Machine Learning Engineer,SurveyMonkey,Italy,Remoto,No especificado,No especificado,,,,NLP / LLMs,https://torre.ai/jobs/surveymonkey-staff-machine-learning-engineer
Torre.ai,Mercado Internacional (Remoto - USD),CAD,Qwe1BDYw,Staff Machine Learning Engineer,SurveyMonkey,Italy,Remoto,No especificado,No especificado,,,,Docker / Kubernetes,https://torre.ai/jobs/surveymonkey-staff-machine-learning-engineer
Torre.ai,Mercado Internacional (Remoto - USD),USD,kWRgx57w,"Staff, Analytics Engineer, GTM Data Science & Analytics",Twilio,United States,Remoto,No especificado,No especificado,,58320000.0,58.32,SQL,https://torre.ai/jobs/twilio-staff-analytics-engineer-gtm-data-science-analytics
Torre.ai,Mercado Internacional (Remoto - USD),USD,kWRgx57w,"Staff, Analytics Engineer, GTM Data Science & Analytics",Twilio,United States,Remoto,No especificado,No especificado,,58320000.0,58.32,ETL / Pipelines de Datos,https://torre.ai/jobs/twilio-staff-analytics-engineer-gtm-data-science-analytics
Torre.ai,Mercado Internacional (Remoto - USD),USD,ZWXzxx1d,"Research Engineer, Machine Learning Systems",Deepgram,United States,Remoto,No especificado,No especificado,,66666666.66666667,66.66666666666667,Machine Learning General,https://torre.ai/jobs/deepgram-research-engineer-machine-learning-systems
Torre.ai,Mercado Internacional (Remoto - USD),USD,ZWXzxx1d,"Research Engineer, Machine Learning Systems",Deepgram,United States,Remoto,No especificado,No especificado,,66666666.66666667,66.66666666666667,Docker / Kubernetes,https://torre.ai/jobs/deepgram-research-engineer-machine-learning-systems
Torre.ai,Mercado Internacional (Remoto - USD),USD,ZWXzxx1d,"Research Engineer, Machine Learning Systems",Deepgram,United States,Remoto,No especificado,No especificado,,66666666.66666667,66.66666666666667,MLOps,https://torre.ai/jobs/deepgram-research-engineer-machine-learning-systems
Torre.ai,Mercado Internacional (Remoto - USD),CAD,lWgD7ayw,AI / Machine Learning Engineer,DevUps,Global / Remoto,Remoto,No especificado,No especificado,,,,Python,https://torre.ai/jobs/devups-ai-machine-learning-engineer
Torre.ai,Mercado Internacional (Remoto - USD),CAD,lWgD7ayw,AI / Machine Learning Engineer,DevUps,Global / Remoto,Remoto,No especificado,No especificado,,,,SQL,https://torre.ai/jobs/devups-ai-machine-learning-engineer
Torre.ai,Mercado Internacional (Remoto - USD),CAD,lWgD7ayw,AI / Machine Learning Engineer,DevUps,Global / Remoto,Remoto,No especificado,No especificado,,,,Spark / PySpark,https://torre.ai/jobs/devups-ai-machine-learning-engineer
Torre.ai,Mercado Internacional (Remoto - USD),CAD,lWgD7ayw,AI / Machine Learning Engineer,DevUps,Global / Remoto,Remoto,No especificado,No especificado,,,,Azure,https://torre.ai/jobs/devups-ai-machine-learning-engineer
Torre.ai,Mercado Internacional (Remoto - USD),CAD,lWgD7ayw,AI / Machine Learning Engineer,DevUps,Global / Remoto,Remoto,No especificado,No especificado,,,,Google Cloud (GCP),https://torre.ai/jobs/devups-ai-machine-learning-engineer
Torre.ai,Mercado Internacional (Remoto - USD),CAD,lWgD7ayw,AI / Machine Learning Engineer,DevUps,Global / Remoto,Remoto,No especificado,No especificado,,,,Machine Learning General,https://torre.ai/jobs/devups-ai-machine-learning-engineer
Torre.ai,Mercado Internacional (Remoto - USD),CAD,lWgD7ayw,AI / Machine Learning Engineer,DevUps,Global / Remoto,Remoto,No especificado,No especificado,,,,TensorFlow / Keras,https://torre.ai/jobs/devups-ai-machine-learning-engineer
Torre.ai,Mercado Internacional (Remoto - USD),CAD,lWgD7ayw,AI / Machine Learning Engineer,DevUps,Global / Remoto,Remoto,No especificado,No especificado,,,,PyTorch,https://torre.ai/jobs/devups-ai-machine-learning-engineer
Torre.ai,Mercado Internacional (Remoto - USD),CAD,lWgD7ayw,AI / Machine Learning Engineer,DevUps,Global / Remoto,Remoto,No especificado,No especificado,,,,ETL / Pipelines de Datos,https://torre.ai/jobs/devups-ai-machine-learning-engineer
Torre.ai,Mercado Internacional (Remoto - USD),CAD,lWgD7ayw,AI / Machine Learning Engineer,DevUps,Global / Remoto,Remoto,No especificado,No especificado,,,,Docker / Kubernetes,https://torre.ai/jobs/devups-ai-machine-learning-engineer
Torre.ai,Mercado Internacional (Remoto - USD),CAD,lWgD7ayw,AI / Machine Learning Engineer,DevUps,Global / Remoto,Remoto,No especificado,No especificado,,,,MLOps,https://torre.ai/jobs/devups-ai-machine-learning-engineer
Torre.ai,Mercado Internacional (Remoto - USD),CAD,ZW57GXpd,Machine Learning Engineer (GCP Certified),DevUps,Global / Remoto,Remoto,No especificado,No especificado,,,,Python,https://torre.ai/jobs/devups-machine-learning-engineer-gcp-certified
Torre.ai,Mercado Internacional (Remoto - USD),CAD,ZW57GXpd,Machine Learning Engineer (GCP Certified),DevUps,Global / Remoto,Remoto,No especificado,No especificado,,,,SQL,https://torre.ai/jobs/devups-machine-learning-engineer-gcp-certified
Torre.ai,Mercado Internacional (Remoto - USD),CAD,ZW57GXpd,Machine Learning Engineer (GCP Certified),DevUps,Global / Remoto,Remoto,No especificado,No especificado,,,,Google Cloud (GCP),https://torre.ai/jobs/devups-machine-learning-engineer-gcp-certified
Torre.ai,Mercado Internacional (Remoto - USD),CAD,ZW57GXpd,Machine Learning Engineer (GCP Certified),DevUps,Global / Remoto,Remoto,No especificado,No especificado,,,,Machine Learning General,https://torre.ai/jobs/devups-machine-learning-engineer-gcp-certified
Torre.ai,Mercado Internacional (Remoto - USD),CAD,ZW57GXpd,Machine Learning Engineer (GCP Certified),DevUps,Global / Remoto,Remoto,No especificado,No especificado,,,,NLP / LLMs,https://torre.ai/jobs/devups-machine-learning-engineer-gcp-certified
Torre.ai,Mercado Internacional (Remoto - USD),CAD,ZW57GXpd,Machine Learning Engineer (GCP Certified),DevUps,Global / Remoto,Remoto,No especificado,No especificado,,,,Computer Vision,https://torre.ai/jobs/devups-machine-learning-engineer-gcp-certified
Torre.ai,Mercado Internacional (Remoto - USD),CAD,ZW57GXpd,Machine Learning Engineer (GCP Certified),DevUps,Global / Remoto,Remoto,No especificado,No especificado,,,,Scikit-Learn,https://torre.ai/jobs/devups-machine-learning-engineer-gcp-certified
Torre.ai,Mercado Internacional (Remoto - USD),CAD,ZW57GXpd,Machine Learning Engineer (GCP Certified),DevUps,Global / Remoto,Remoto,No especificado,No especificado,,,,TensorFlow / Keras,https://torre.ai/jobs/devups-machine-learning-engineer-gcp-certified
Torre.ai,Mercado Internacional (Remoto - USD),CAD,ZW57GXpd,Machine Learning Engineer (GCP Certified),DevUps,Global / Remoto,Remoto,No especificado,No especificado,,,,PyTorch,https://torre.ai/jobs/devups-machine-learning-engineer-gcp-certified
Torre.ai,Mercado Internacional (Remoto - USD),CAD,ZW57GXpd,Machine Learning Engineer (GCP Certified),DevUps,Global / Remoto,Remoto,No especificado,No especificado,,,,ETL / Pipelines de Datos,https://torre.ai/jobs/devups-machine-learning-engineer-gcp-certified
Torre.ai,Mercado Internacional (Remoto - USD),CAD,ZW57GXpd,Machine Learning Engineer (GCP Certified),DevUps,Global / Remoto,Remoto,No especificado,No especificado,,,,Docker / Kubernetes,https://torre.ai/jobs/devups-machine-learning-engineer-gcp-certified
Torre.ai,Mercado Internacional (Remoto - USD),CAD,ZW57GXpd,Machine Learning Engineer (GCP Certified),DevUps,Global / Remoto,Remoto,No especificado,No especificado,,,,Bases de Datos NoSQL,https://torre.ai/jobs/devups-machine-learning-engineer-gcp-certified
Torre.ai,Mercado Internacional (Remoto - USD),CAD,ZW57GXpd,Machine Learning Engineer (GCP Certified),DevUps,Global / Remoto,Remoto,No especificado,No especificado,,,,MLOps,https://torre.ai/jobs/devups-machine-learning-engineer-gcp-certified
Torre.ai,Mercado Internacional (Remoto - USD),CAD,OwGo7A6w,"Senior Machine Learning Engineer, Ads",Quora,Global / Remoto,Remoto,No especificado,No especificado,,,,Python,https://torre.ai/jobs/quora-senior-machine-learning-engineer-ads
Torre.ai,Mercado Internacional (Remoto - USD),CAD,OwGo7A6w,"Senior Machine Learning Engineer, Ads",Quora,Global / Remoto,Remoto,No especificado,No especificado,,,,Machine Learning General,https://torre.ai/jobs/quora-senior-machine-learning-engineer-ads
Torre.ai,Mercado Internacional (Remoto - USD),CAD,OwGo7A6w,"Senior Machine Learning Engineer, Ads",Quora,Global / Remoto,Remoto,No especificado,No especificado,,,,TensorFlow / Keras,https://torre.ai/jobs/quora-senior-machine-learning-engineer-ads
Torre.ai,Mercado Internacional (Remoto - USD),CAD,OwGo7A6w,"Senior Machine Learning Engineer, Ads",Quora,Global / Remoto,Remoto,No especificado,No especificado,,,,PyTorch,https://torre.ai/jobs/quora-senior-machine-learning-engineer-ads
Torre.ai,Mercado Internacional (Remoto - USD),CAD,KWN18x8r,Senior Data Science Evaluation Specialist (5+ Yrs Exp),Mercor,Global / Remoto,Remoto,No especificado,No especificado,,,,Python,https://torre.ai/jobs/mercor-senior-data-science-evaluation-specialist-5-yrs-exp
Torre.ai,Mercado Internacional (Remoto - USD),CAD,KWN18x8r,Senior Data Science Evaluation Specialist (5+ Yrs Exp),Mercor,Global / Remoto,Remoto,No especificado,No especificado,,,,SQL,https://torre.ai/jobs/mercor-senior-data-science-evaluation-specialist-5-yrs-exp
Torre.ai,Mercado Internacional (Remoto - USD),CAD,qdPDK3Ad,"Staff Machine Learning Research Scientist (NLP, Clinical AI)",Rad AI,United States,Remoto,No especificado,No especificado,,,,Machine Learning General,https://torre.ai/jobs/rad-ai-staff-machine-learning-research-scientist-nlp-clinical-ai
Torre.ai,Mercado Internacional (Remoto - USD),CAD,qdPDK3Ad,"Staff Machine Learning Research Scientist (NLP, Clinical AI)",Rad AI,United States,Remoto,No especificado,No especificado,,,,NLP / LLMs,https://torre.ai/jobs/rad-ai-staff-machine-learning-research-scientist-nlp-clinical-ai
Torre.ai,Mercado Internacional (Remoto - USD),CAD,qdPDK3Ad,"Staff Machine Learning Research Scientist (NLP, Clinical AI)",Rad AI,United States,Remoto,No especificado,No especificado,,,,Computer Vision,https://torre.ai/jobs/rad-ai-staff-machine-learning-research-scientist-nlp-clinical-ai
Torre.ai,Mercado Internacional (Remoto - USD),CAD,qdPDK3Ad,"Staff Machine Learning Research Scientist (NLP, Clinical AI)",Rad AI,United States,Remoto,No especificado,No especificado,,,,PyTorch,https://torre.ai/jobs/rad-ai-staff-machine-learning-research-scientist-nlp-clinical-ai
Torre.ai,Mercado Internacional (Remoto - USD),CAD,VdLOxJ5w,Senior Machine Learning Engineer (ASR) - Voice Experience,Cresta,Global / Remoto,Remoto,No especificado,No especificado,,,,Machine Learning General,https://torre.ai/jobs/cresta-senior-machine-learning-engineer-asr-voice-experience
Torre.ai,Mercado Internacional (Remoto - USD),CAD,VdLOxJ5w,Senior Machine Learning Engineer (ASR) - Voice Experience,Cresta,Global / Remoto,Remoto,No especificado,No especificado,,,,NLP / LLMs,https://torre.ai/jobs/cresta-senior-machine-learning-engineer-asr-voice-experience
Torre.ai,Mercado Internacional (Remoto - USD),CAD,VdLOxJ5w,Senior Machine Learning Engineer (ASR) - Voice Experience,Cresta,Global / Remoto,Remoto,No especificado,No especificado,,,,TensorFlow / Keras,https://torre.ai/jobs/cresta-senior-machine-learning-engineer-asr-voice-experience
Torre.ai,Mercado Internacional (Remoto - USD),CAD,VdLOxJ5w,Senior Machine Learning Engineer (ASR) - Voice Experience,Cresta,Global / Remoto,Remoto,No especificado,No especificado,,,,PyTorch,https://torre.ai/jobs/cresta-senior-machine-learning-engineer-asr-voice-experience
Torre.ai,Mercado Internacional (Remoto - USD),CAD,VdLOxJ5w,Senior Machine Learning Engineer (ASR) - Voice Experience,Cresta,Global / Remoto,Remoto,No especificado,No especificado,,,,ETL / Pipelines de Datos,https://torre.ai/jobs/cresta-senior-machine-learning-engineer-asr-voice-experience
Torre.ai,Mercado Internacional (Remoto - USD),CAD,lr418D3W,Senior Machine Learning Engineer,Solidgate,Ukraine,Remoto,No especificado,No especificado,,,,Python,https://torre.ai/jobs/solidgate-senior-machine-learning-engineer
Torre.ai,Mercado Internacional (Remoto - USD),CAD,lr418D3W,Senior Machine Learning Engineer,Solidgate,Ukraine,Remoto,No especificado,No especificado,,,,Machine Learning General,https://torre.ai/jobs/solidgate-senior-machine-learning-engineer
Torre.ai,Mercado Internacional (Remoto - USD),CAD,VdLOPLBw,Head of Machine Learning,Solidgate,Ukraine,Remoto,No especificado,No especificado,,,,Machine Learning General,https://torre.ai/jobs/solidgate-head-of-machine-learning
Torre.ai,Mercado Internacional (Remoto - USD),CAD,VdLOPLBw,Head of Machine Learning,Solidgate,Ukraine,Remoto,No especificado,No especificado,,,,MLOps,https://torre.ai/jobs/solidgate-head-of-machine-learning
Torre.ai,Mercado Internacional (Remoto - USD),CAD,Yd6pl4OW,"Senior Technical Program Manager, Machine Learning Infrastructure",Cohere,Canada,Remoto,No especificado,No especificado,,,,Machine Learning General,https://torre.ai/jobs/cohere-senior-technical-program-manager-machine-learning-infrastructure
Torre.ai,Mercado Internacional (Remoto - USD),CAD,lr4p0ZLr,Machine Learning Intern/Co-Op (Winter 2027),Cohere,"Canada, United States",Remoto,No especificado,No especificado,,,,Python,https://torre.ai/jobs/cohere-machine-learning-internco-op-winter-2027
Torre.ai,Mercado Internacional (Remoto - USD),CAD,lr4p0ZLr,Machine Learning Intern/Co-Op (Winter 2027),Cohere,"Canada, United States",Remoto,No especificado,No especificado,,,,Machine Learning General,https://torre.ai/jobs/cohere-machine-learning-internco-op-winter-2027
Torre.ai,Mercado Internacional (Remoto - USD),CAD,lr4p0ZLr,Machine Learning Intern/Co-Op (Winter 2027),Cohere,"Canada, United States",Remoto,No especificado,No especificado,,,,TensorFlow / Keras,https://torre.ai/jobs/cohere-machine-learning-internco-op-winter-2027
Torre.ai,Mercado Internacional (Remoto - USD),CAD,2W1pN3nr,"Data Annotation Specialist, Data Science",Cohere,Canada,Remoto,No especificado,No especificado,,18560000.0,18.56,Python,https://torre.ai/jobs/cohere-data-annotation-specialist-data-science
Torre.ai,Mercado Internacional (Remoto - USD),CAD,2W1pN3nr,"Data Annotation Specialist, Data Science",Cohere,Canada,Remoto,No especificado,No especificado,,18560000.0,18.56,SQL,https://torre.ai/jobs/cohere-data-annotation-specialist-data-science
Torre.ai,Mercado Internacional (Remoto - USD),CAD,arQjp34W,"Staff Machine Learning Engineer, Gen AI | Voice & Speech",Weave,United States,Remoto,No especificado,No especificado,,,,SQL,https://torre.ai/jobs/weave-staff-machine-learning-engineer-gen-ai-voice-speech
Torre.ai,Mercado Internacional (Remoto - USD),CAD,arQjp34W,"Staff Machine Learning Engineer, Gen AI | Voice & Speech",Weave,United States,Remoto,No especificado,No especificado,,,,AWS,https://torre.ai/jobs/weave-staff-machine-learning-engineer-gen-ai-voice-speech
Torre.ai,Mercado Internacional (Remoto - USD),CAD,arQjp34W,"Staff Machine Learning Engineer, Gen AI | Voice & Speech",Weave,United States,Remoto,No especificado,No especificado,,,,Google Cloud (GCP),https://torre.ai/jobs/weave-staff-machine-learning-engineer-gen-ai-voice-speech
Torre.ai,Mercado Internacional (Remoto - USD),CAD,arQjp34W,"Staff Machine Learning Engineer, Gen AI | Voice & Speech",Weave,United States,Remoto,No especificado,No especificado,,,,Machine Learning General,https://torre.ai/jobs/weave-staff-machine-learning-engineer-gen-ai-voice-speech
Torre.ai,Mercado Internacional (Remoto - USD),CAD,arQjp34W,"Staff Machine Learning Engineer, Gen AI | Voice & Speech",Weave,United States,Remoto,No especificado,No especificado,,,,NLP / LLMs,https://torre.ai/jobs/weave-staff-machine-learning-engineer-gen-ai-voice-speech
Torre.ai,Mercado Internacional (Remoto - USD),CAD,arQjp34W,"Staff Machine Learning Engineer, Gen AI | Voice & Speech",Weave,United States,Remoto,No especificado,No especificado,,,,Docker / Kubernetes,https://torre.ai/jobs/weave-staff-machine-learning-engineer-gen-ai-voice-speech
Torre.ai,Mercado Internacional (Remoto - USD),CAD,arQjp34W,"Staff Machine Learning Engineer, Gen AI | Voice & Speech",Weave,United States,Remoto,No especificado,No especificado,,,,Bases de Datos NoSQL,https://torre.ai/jobs/weave-staff-machine-learning-engineer-gen-ai-voice-speech
Torre.ai,Mercado Internacional (Remoto - USD),CAD,arQjp34W,"Staff Machine Learning Engineer, Gen AI | Voice & Speech",Weave,United States,Remoto,No especificado,No especificado,,,,MLOps,https://torre.ai/jobs/weave-staff-machine-learning-engineer-gen-ai-voice-speech
Torre.ai,Mercado Internacional (Remoto - USD),CAD,qdP9DRbr,Senior Machine Learning Engineer (Remote - LATAM Based),Arionkoder,"Colombia, Argentina",Remoto,No especificado,No especificado,,,,Python,https://torre.ai/jobs/arionkoder-sr-machine-learning-engineer-remote-latam-based
Torre.ai,Mercado Internacional (Remoto - USD),CAD,qdP9DRbr,Senior Machine Learning Engineer (Remote - LATAM Based),Arionkoder,"Colombia, Argentina",Remoto,No especificado,No especificado,,,,AWS,https://torre.ai/jobs/arionkoder-sr-machine-learning-engineer-remote-latam-based
Torre.ai,Mercado Internacional (Remoto - USD),CAD,qdP9DRbr,Senior Machine Learning Engineer (Remote - LATAM Based),Arionkoder,"Colombia, Argentina",Remoto,No especificado,No especificado,,,,Machine Learning General,https://torre.ai/jobs/arionkoder-sr-machine-learning-engineer-remote-latam-based
Torre.ai,Mercado Internacional (Remoto - USD),CAD,qdP9DRbr,Senior Machine Learning Engineer (Remote - LATAM Based),Arionkoder,"Colombia, Argentina",Remoto,No especificado,No especificado,,,,Deep Learning,https://torre.ai/jobs/arionkoder-sr-machine-learning-engineer-remote-latam-based
Torre.ai,Mercado Internacional (Remoto - USD),CAD,qdP9DRbr,Senior Machine Learning Engineer (Remote - LATAM Based),Arionkoder,"Colombia, Argentina",Remoto,No especificado,No especificado,,,,Computer Vision,https://torre.ai/jobs/arionkoder-sr-machine-learning-engineer-remote-latam-based
Torre.ai,Mercado Internacional (Remoto - USD),CAD,qdP9DRbr,Senior Machine Learning Engineer (Remote - LATAM Based),Arionkoder,"Colombia, Argentina",Remoto,No especificado,No especificado,,,,Git / Control de Versiones,https://torre.ai/jobs/arionkoder-sr-machine-learning-engineer-remote-latam-based
Torre.ai,Mercado Internacional (Remoto - USD),CAD,qdP9DRbr,Senior Machine Learning Engineer (Remote - LATAM Based),Arionkoder,"Colombia, Argentina",Remoto,No especificado,No especificado,,,,MLOps,https://torre.ai/jobs/arionkoder-sr-machine-learning-engineer-remote-latam-based
Torre.ai,Mercado Internacional (Remoto - USD),USD,ed8pp3ed,"Research Staff, Data Science",Deepgram,United States,Remoto,No especificado,No especificado,,61666666.666666664,61.666666666666664,Python,https://torre.ai/jobs/deepgram-research-staff-data-science-1
Torre.ai,Mercado Internacional (Remoto - USD),USD,ed8pp3ed,"Research Staff, Data Science",Deepgram,United States,Remoto,No especificado,No especificado,,61666666.666666664,61.666666666666664,Deep Learning,https://torre.ai/jobs/deepgram-research-staff-data-science-1
Torre.ai,Mercado Internacional (Remoto - USD),USD,ed8pp3ed,"Research Staff, Data Science",Deepgram,United States,Remoto,No especificado,No especificado,,61666666.666666664,61.666666666666664,PyTorch,https://torre.ai/jobs/deepgram-research-staff-data-science-1
Torre.ai,Mercado Internacional (Remoto - USD),USD,NrJOOxYW,"Director, Client Data Science",Foodsmart,United States,Remoto,No especificado,No especificado,,68333333.33333333,68.33333333333333,Python,https://torre.ai/jobs/foodsmart-director-client-data-science
Torre.ai,Mercado Internacional (Remoto - USD),USD,NrJOOxYW,"Director, Client Data Science",Foodsmart,United States,Remoto,No especificado,No especificado,,68333333.33333333,68.33333333333333,SQL,https://torre.ai/jobs/foodsmart-director-client-data-science
Torre.ai,Mercado Internacional (Remoto - USD),USD,NrJOOxYW,"Director, Client Data Science",Foodsmart,United States,Remoto,No especificado,No especificado,,68333333.33333333,68.33333333333333,ETL / Pipelines de Datos,https://torre.ai/jobs/foodsmart-director-client-data-science
Torre.ai,Mercado Internacional (Remoto - USD),CAD,VWMqMEBW,Machine Learning Engineer (Remote),StackAdapt,United Kingdom,Remoto,No especificado,No especificado,,,,Python,https://torre.ai/jobs/stackadapt-machine-learning-engineer-remote
Torre.ai,Mercado Internacional (Remoto - USD),CAD,VWMqMEBW,Machine Learning Engineer (Remote),StackAdapt,United Kingdom,Remoto,No especificado,No especificado,,,,Machine Learning General,https://torre.ai/jobs/stackadapt-machine-learning-engineer-remote
Torre.ai,Mercado Internacional (Remoto - USD),CAD,VWMqMEBW,Machine Learning Engineer (Remote),StackAdapt,United Kingdom,Remoto,No especificado,No especificado,,,,ETL / Pipelines de Datos,https://torre.ai/jobs/stackadapt-machine-learning-engineer-remote
Torre.ai,Mercado Internacional (Remoto - USD),USD,JWO8VZ6w,Machine Learning Engineer,AI Talent Hunt,"Canadá, USA",Remoto,No especificado,No especificado,,65833333.33333333,65.83333333333333,Python,https://torre.ai/jobs/ai-talent-hunt-machine-learning-engineer
Torre.ai,Mercado Internacional (Remoto - USD),USD,JWO8VZ6w,Machine Learning Engineer,AI Talent Hunt,"Canadá, USA",Remoto,No especificado,No especificado,,65833333.33333333,65.83333333333333,SQL,https://torre.ai/jobs/ai-talent-hunt-machine-learning-engineer
Torre.ai,Mercado Internacional (Remoto - USD),USD,JWO8VZ6w,Machine Learning Engineer,AI Talent Hunt,"Canadá, USA",Remoto,No especificado,No especificado,,65833333.33333333,65.83333333333333,Machine Learning General,https://torre.ai/jobs/ai-talent-hunt-machine-learning-engineer
Torre.ai,Mercado Internacional (Remoto - USD),USD,JWO8VZ6w,Machine Learning Engineer,AI Talent Hunt,"Canadá, USA",Remoto,No especificado,No especificado,,65833333.33333333,65.83333333333333,ETL / Pipelines de Datos,https://torre.ai/jobs/ai-talent-hunt-machine-learning-engineer
Torre.ai,Mercado Internacional (Remoto - USD),USD,JWO8VZ6w,Machine Learning Engineer,AI Talent Hunt,"Canadá, USA",Remoto,No especificado,No especificado,,65833333.33333333,65.83333333333333,MLOps,https://torre.ai/jobs/ai-talent-hunt-machine-learning-engineer
Torre.ai,Mercado Internacional (Remoto - USD),CAD,Qwe1BDYw,Staff Machine Learning Engineer,SurveyMonkey,Italy,Remoto,No especificado,No especificado,,,,Kafka,https://torre.ai/jobs/surveymonkey-staff-machine-learning-engineer
Torre.ai,Mercado Internacional (Remoto - USD),CAD,Qwe1BDYw,Staff Machine Learning Engineer,SurveyMonkey,Italy,Remoto,No especificado,No especificado,,,,AWS,https://torre.ai/jobs/surveymonkey-staff-machine-learning-engineer
Torre.ai,Mercado Internacional (Remoto - USD),CAD,Qwe1BDYw,Staff Machine Learning Engineer,SurveyMonkey,Italy,Remoto,No especificado,No especificado,,,,Machine Learning General,https://torre.ai/jobs/surveymonkey-staff-machine-learning-engineer
Torre.ai,Mercado Internacional (Remoto - USD),CAD,Qwe1BDYw,Staff Machine Learning Engineer,SurveyMonkey,Italy,Remoto,No especificado,No especificado,,,,NLP / LLMs,https://torre.ai/jobs/surveymonkey-staff-machine-learning-engineer
Torre.ai,Mercado Internacional (Remoto - USD),CAD,Qwe1BDYw,Staff Machine Learning Engineer,SurveyMonkey,Italy,Remoto,No especificado,No especificado,,,,Docker / Kubernetes,https://torre.ai/jobs/surveymonkey-staff-machine-learning-engineer
Torre.ai,Mercado Internacional (Remoto - USD),USD,kWRgx57w,"Staff, Analytics Engineer, GTM Data Science & Analytics",Twilio,United States,Remoto,No especificado,No especificado,,58320000.0,58.32,SQL,https://torre.ai/jobs/twilio-staff-analytics-engineer-gtm-data-science-analytics
Torre.ai,Mercado Internacional (Remoto - USD),USD,kWRgx57w,"Staff, Analytics Engineer, GTM Data Science & Analytics",Twilio,United States,Remoto,No especificado,No especificado,,58320000.0,58.32,ETL / Pipelines de Datos,https://torre.ai/jobs/twilio-staff-analytics-engineer-gtm-data-science-analytics
Torre.ai,Mercado Internacional (Remoto - USD),USD,ZWXzxx1d,"Research Engineer, Machine Learning Systems",Deepgram,United States,Remoto,No especificado,No especificado,,66666666.66666667,66.66666666666667,Machine Learning General,https://torre.ai/jobs/deepgram-research-engineer-machine-learning-systems
Torre.ai,Mercado Internacional (Remoto - USD),USD,ZWXzxx1d,"Research Engineer, Machine Learning Systems",Deepgram,United States,Remoto,No especificado,No especificado,,66666666.66666667,66.66666666666667,Docker / Kubernetes,https://torre.ai/jobs/deepgram-research-engineer-machine-learning-systems
Torre.ai,Mercado Internacional (Remoto - USD),USD,ZWXzxx1d,"Research Engineer, Machine Learning Systems",Deepgram,United States,Remoto,No especificado,No especificado,,66666666.66666667,66.66666666666667,MLOps,https://torre.ai/jobs/deepgram-research-engineer-machine-learning-systems
Torre.ai,Mercado Internacional (Remoto - USD),CAD,lWgD7ayw,AI / Machine Learning Engineer,DevUps,Global / Remoto,Remoto,No especificado,No especificado,,,,Python,https://torre.ai/jobs/devups-ai-machine-learning-engineer
Torre.ai,Mercado Internacional (Remoto - USD),CAD,lWgD7ayw,AI / Machine Learning Engineer,DevUps,Global / Remoto,Remoto,No especificado,No especificado,,,,SQL,https://torre.ai/jobs/devups-ai-machine-learning-engineer
Torre.ai,Mercado Internacional (Remoto - USD),CAD,lWgD7ayw,AI / Machine Learning Engineer,DevUps,Global / Remoto,Remoto,No especificado,No especificado,,,,Spark / PySpark,https://torre.ai/jobs/devups-ai-machine-learning-engineer
Torre.ai,Mercado Internacional (Remoto - USD),CAD,lWgD7ayw,AI / Machine Learning Engineer,DevUps,Global / Remoto,Remoto,No especificado,No especificado,,,,Azure,https://torre.ai/jobs/devups-ai-machine-learning-engineer
Torre.ai,Mercado Internacional (Remoto - USD),CAD,lWgD7ayw,AI / Machine Learning Engineer,DevUps,Global / Remoto,Remoto,No especificado,No especificado,,,,Google Cloud (GCP),https://torre.ai/jobs/devups-ai-machine-learning-engineer
Torre.ai,Mercado Internacional (Remoto - USD),CAD,lWgD7ayw,AI / Machine Learning Engineer,DevUps,Global / Remoto,Remoto,No especificado,No especificado,,,,Machine Learning General,https://torre.ai/jobs/devups-ai-machine-learning-engineer
Torre.ai,Mercado Internacional (Remoto - USD),CAD,lWgD7ayw,AI / Machine Learning Engineer,DevUps,Global / Remoto,Remoto,No especificado,No especificado,,,,TensorFlow / Keras,https://torre.ai/jobs/devups-ai-machine-learning-engineer
Torre.ai,Mercado Internacional (Remoto - USD),CAD,lWgD7ayw,AI / Machine Learning Engineer,DevUps,Global / Remoto,Remoto,No especificado,No especificado,,,,PyTorch,https://torre.ai/jobs/devups-ai-machine-learning-engineer
Torre.ai,Mercado Internacional (Remoto - USD),CAD,lWgD7ayw,AI / Machine Learning Engineer,DevUps,Global / Remoto,Remoto,No especificado,No especificado,,,,ETL / Pipelines de Datos,https://torre.ai/jobs/devups-ai-machine-learning-engineer
Torre.ai,Mercado Internacional (Remoto - USD),CAD,lWgD7ayw,AI / Machine Learning Engineer,DevUps,Global / Remoto,Remoto,No especificado,No especificado,,,,Docker / Kubernetes,https://torre.ai/jobs/devups-ai-machine-learning-engineer
Torre.ai,Mercado Internacional (Remoto - USD),CAD,lWgD7ayw,AI / Machine Learning Engineer,DevUps,Global / Remoto,Remoto,No especificado,No especificado,,,,MLOps,https://torre.ai/jobs/devups-ai-machine-learning-engineer
Torre.ai,Mercado Internacional (Remoto - USD),CAD,ZW57GXpd,Machine Learning Engineer (GCP Certified),DevUps,Global / Remoto,Remoto,No especificado,No especificado,,,,Python,https://torre.ai/jobs/devups-machine-learning-engineer-gcp-certified
Torre.ai,Mercado Internacional (Remoto - USD),CAD,ZW57GXpd,Machine Learning Engineer (GCP Certified),DevUps,Global / Remoto,Remoto,No especificado,No especificado,,,,SQL,https://torre.ai/jobs/devups-machine-learning-engineer-gcp-certified
Torre.ai,Mercado Internacional (Remoto - USD),CAD,ZW57GXpd,Machine Learning Engineer (GCP Certified),DevUps,Global / Remoto,Remoto,No especificado,No especificado,,,,Google Cloud (GCP),https://torre.ai/jobs/devups-machine-learning-engineer-gcp-certified
Torre.ai,Mercado Internacional (Remoto - USD),CAD,ZW57GXpd,Machine Learning Engineer (GCP Certified),DevUps,Global / Remoto,Remoto,No especificado,No especificado,,,,Machine Learning General,https://torre.ai/jobs/devups-machine-learning-engineer-gcp-certified
Torre.ai,Mercado Internacional (Remoto - USD),CAD,ZW57GXpd,Machine Learning Engineer (GCP Certified),DevUps,Global / Remoto,Remoto,No especificado,No especificado,,,,NLP / LLMs,https://torre.ai/jobs/devups-machine-learning-engineer-gcp-certified
Torre.ai,Mercado Internacional (Remoto - USD),CAD,ZW57GXpd,Machine Learning Engineer (GCP Certified),DevUps,Global / Remoto,Remoto,No especificado,No especificado,,,,Computer Vision,https://torre.ai/jobs/devups-machine-learning-engineer-gcp-certified
Torre.ai,Mercado Internacional (Remoto - USD),CAD,ZW57GXpd,Machine Learning Engineer (GCP Certified),DevUps,Global / Remoto,Remoto,No especificado,No especificado,,,,Scikit-Learn,https://torre.ai/jobs/devups-machine-learning-engineer-gcp-certified
Torre.ai,Mercado Internacional (Remoto - USD),CAD,ZW57GXpd,Machine Learning Engineer (GCP Certified),DevUps,Global / Remoto,Remoto,No especificado,No especificado,,,,TensorFlow / Keras,https://torre.ai/jobs/devups-machine-learning-engineer-gcp-certified
Torre.ai,Mercado Internacional (Remoto - USD),CAD,ZW57GXpd,Machine Learning Engineer (GCP Certified),DevUps,Global / Remoto,Remoto,No especificado,No especificado,,,,PyTorch,https://torre.ai/jobs/devups-machine-learning-engineer-gcp-certified
Torre.ai,Mercado Internacional (Remoto - USD),CAD,ZW57GXpd,Machine Learning Engineer (GCP Certified),DevUps,Global / Remoto,Remoto,No especificado,No especificado,,,,ETL / Pipelines de Datos,https://torre.ai/jobs/devups-machine-learning-engineer-gcp-certified
Torre.ai,Mercado Internacional (Remoto - USD),CAD,ZW57GXpd,Machine Learning Engineer (GCP Certified),DevUps,Global / Remoto,Remoto,No especificado,No especificado,,,,Docker / Kubernetes,https://torre.ai/jobs/devups-machine-learning-engineer-gcp-certified
Torre.ai,Mercado Internacional (Remoto - USD),CAD,ZW57GXpd,Machine Learning Engineer (GCP Certified),DevUps,Global / Remoto,Remoto,No especificado,No especificado,,,,Bases de Datos NoSQL,https://torre.ai/jobs/devups-machine-learning-engineer-gcp-certified
Torre.ai,Mercado Internacional (Remoto - USD),CAD,ZW57GXpd,Machine Learning Engineer (GCP Certified),DevUps,Global / Remoto,Remoto,No especificado,No especificado,,,,MLOps,https://torre.ai/jobs/devups-machine-learning-engineer-gcp-certified
Torre.ai,Mercado Internacional (Remoto - USD),CAD,OwGo7A6w,"Senior Machine Learning Engineer, Ads",Quora,Global / Remoto,Remoto,No especificado,No especificado,,,,Python,https://torre.ai/jobs/quora-senior-machine-learning-engineer-ads
Torre.ai,Mercado Internacional (Remoto - USD),CAD,OwGo7A6w,"Senior Machine Learning Engineer, Ads",Quora,Global / Remoto,Remoto,No especificado,No especificado,,,,Machine Learning General,https://torre.ai/jobs/quora-senior-machine-learning-engineer-ads
Torre.ai,Mercado Internacional (Remoto - USD),CAD,OwGo7A6w,"Senior Machine Learning Engineer, Ads",Quora,Global / Remoto,Remoto,No especificado,No especificado,,,,TensorFlow / Keras,https://torre.ai/jobs/quora-senior-machine-learning-engineer-ads
Torre.ai,Mercado Internacional (Remoto - USD),CAD,OwGo7A6w,"Senior Machine Learning Engineer, Ads",Quora,Global / Remoto,Remoto,No especificado,No especificado,,,,PyTorch,https://torre.ai/jobs/quora-senior-machine-learning-engineer-ads
Torre.ai,Mercado Internacional (Remoto - USD),CAD,KWN18x8r,Senior Data Science Evaluation Specialist (5+ Yrs Exp),Mercor,Global / Remoto,Remoto,No especificado,No especificado,,,,Python,https://torre.ai/jobs/mercor-senior-data-science-evaluation-specialist-5-yrs-exp
Torre.ai,Mercado Internacional (Remoto - USD),CAD,KWN18x8r,Senior Data Science Evaluation Specialist (5+ Yrs Exp),Mercor,Global / Remoto,Remoto,No especificado,No especificado,,,,SQL,https://torre.ai/jobs/mercor-senior-data-science-evaluation-specialist-5-yrs-exp
Torre.ai,Mercado Internacional (Remoto - USD),CAD,qdPDK3Ad,"Staff Machine Learning Research Scientist (NLP, Clinical AI)",Rad AI,United States,Remoto,No especificado,No especificado,,,,Machine Learning General,https://torre.ai/jobs/rad-ai-staff-machine-learning-research-scientist-nlp-clinical-ai
Torre.ai,Mercado Internacional (Remoto - USD),CAD,qdPDK3Ad,"Staff Machine Learning Research Scientist (NLP, Clinical AI)",Rad AI,United States,Remoto,No especificado,No especificado,,,,NLP / LLMs,https://torre.ai/jobs/rad-ai-staff-machine-learning-research-scientist-nlp-clinical-ai
Torre.ai,Mercado Internacional (Remoto - USD),CAD,qdPDK3Ad,"Staff Machine Learning Research Scientist (NLP, Clinical AI)",Rad AI,United States,Remoto,No especificado,No especificado,,,,Computer Vision,https://torre.ai/jobs/rad-ai-staff-machine-learning-research-scientist-nlp-clinical-ai
Torre.ai,Mercado Internacional (Remoto - USD),CAD,qdPDK3Ad,"Staff Machine Learning Research Scientist (NLP, Clinical AI)",Rad AI,United States,Remoto,No especificado,No especificado,,,,PyTorch,https://torre.ai/jobs/rad-ai-staff-machine-learning-research-scientist-nlp-clinical-ai
Torre.ai,Mercado Internacional (Remoto - USD),CAD,VdLOxJ5w,Senior Machine Learning Engineer (ASR) - Voice Experience,Cresta,Global / Remoto,Remoto,No especificado,No especificado,,,,Machine Learning General,https://torre.ai/jobs/cresta-senior-machine-learning-engineer-asr-voice-experience
Torre.ai,Mercado Internacional (Remoto - USD),CAD,VdLOxJ5w,Senior Machine Learning Engineer (ASR) - Voice Experience,Cresta,Global / Remoto,Remoto,No especificado,No especificado,,,,NLP / LLMs,https://torre.ai/jobs/cresta-senior-machine-learning-engineer-asr-voice-experience
Torre.ai,Mercado Internacional (Remoto - USD),CAD,VdLOxJ5w,Senior Machine Learning Engineer (ASR) - Voice Experience,Cresta,Global / Remoto,Remoto,No especificado,No especificado,,,,TensorFlow / Keras,https://torre.ai/jobs/cresta-senior-machine-learning-engineer-asr-voice-experience
Torre.ai,Mercado Internacional (Remoto - USD),CAD,VdLOxJ5w,Senior Machine Learning Engineer (ASR) - Voice Experience,Cresta,Global / Remoto,Remoto,No especificado,No especificado,,,,PyTorch,https://torre.ai/jobs/cresta-senior-machine-learning-engineer-asr-voice-experience
Torre.ai,Mercado Internacional (Remoto - USD),CAD,VdLOxJ5w,Senior Machine Learning Engineer (ASR) - Voice Experience,Cresta,Global / Remoto,Remoto,No especificado,No especificado,,,,ETL / Pipelines de Datos,https://torre.ai/jobs/cresta-senior-machine-learning-engineer-asr-voice-experience
Torre.ai,Mercado Internacional (Remoto - USD),CAD,lr418D3W,Senior Machine Learning Engineer,Solidgate,Ukraine,Remoto,No especificado,No especificado,,,,Python,https://torre.ai/jobs/solidgate-senior-machine-learning-engineer
Torre.ai,Mercado Internacional (Remoto - USD),CAD,lr418D3W,Senior Machine Learning Engineer,Solidgate,Ukraine,Remoto,No especificado,No especificado,,,,Machine Learning General,https://torre.ai/jobs/solidgate-senior-machine-learning-engineer
Torre.ai,Mercado Internacional (Remoto - USD),CAD,VdLOPLBw,Head of Machine Learning,Solidgate,Ukraine,Remoto,No especificado,No especificado,,,,Machine Learning General,https://torre.ai/jobs/solidgate-head-of-machine-learning
Torre.ai,Mercado Internacional (Remoto - USD),CAD,VdLOPLBw,Head of Machine Learning,Solidgate,Ukraine,Remoto,No especificado,No especificado,,,,MLOps,https://torre.ai/jobs/solidgate-head-of-machine-learning
Torre.ai,Mercado Internacional (Remoto - USD),CAD,Yd6pl4OW,"Senior Technical Program Manager, Machine Learning Infrastructure",Cohere,Canada,Remoto,No especificado,No especificado,,,,Machine Learning General,https://torre.ai/jobs/cohere-senior-technical-program-manager-machine-learning-infrastructure
Torre.ai,Mercado Internacional (Remoto - USD),CAD,lr4p0ZLr,Machine Learning Intern/Co-Op (Winter 2027),Cohere,"Canada, United States",Remoto,No especificado,No especificado,,,,Python,https://torre.ai/jobs/cohere-machine-learning-internco-op-winter-2027
Torre.ai,Mercado Internacional (Remoto - USD),CAD,lr4p0ZLr,Machine Learning Intern/Co-Op (Winter 2027),Cohere,"Canada, United States",Remoto,No especificado,No especificado,,,,Machine Learning General,https://torre.ai/jobs/cohere-machine-learning-internco-op-winter-2027
Torre.ai,Mercado Internacional (Remoto - USD),CAD,lr4p0ZLr,Machine Learning Intern/Co-Op (Winter 2027),Cohere,"Canada, United States",Remoto,No especificado,No especificado,,,,TensorFlow / Keras,https://torre.ai/jobs/cohere-machine-learning-internco-op-winter-2027
Torre.ai,Mercado Internacional (Remoto - USD),CAD,2W1pN3nr,"Data Annotation Specialist, Data Science",Cohere,Canada,Remoto,No especificado,No especificado,,18560000.0,18.56,Python,https://torre.ai/jobs/cohere-data-annotation-specialist-data-science
Torre.ai,Mercado Internacional (Remoto - USD),CAD,2W1pN3nr,"Data Annotation Specialist, Data Science",Cohere,Canada,Remoto,No especificado,No especificado,,18560000.0,18.56,SQL,https://torre.ai/jobs/cohere-data-annotation-specialist-data-science
Torre.ai,Mercado Internacional (Remoto - USD),CAD,arQjp34W,"Staff Machine Learning Engineer, Gen AI | Voice & Speech",Weave,United States,Remoto,No especificado,No especificado,,,,SQL,https://torre.ai/jobs/weave-staff-machine-learning-engineer-gen-ai-voice-speech
Torre.ai,Mercado Internacional (Remoto - USD),CAD,arQjp34W,"Staff Machine Learning Engineer, Gen AI | Voice & Speech",Weave,United States,Remoto,No especificado,No especificado,,,,AWS,https://torre.ai/jobs/weave-staff-machine-learning-engineer-gen-ai-voice-speech
Torre.ai,Mercado Internacional (Remoto - USD),CAD,arQjp34W,"Staff Machine Learning Engineer, Gen AI | Voice & Speech",Weave,United States,Remoto,No especificado,No especificado,,,,Google Cloud (GCP),https://torre.ai/jobs/weave-staff-machine-learning-engineer-gen-ai-voice-speech
Torre.ai,Mercado Internacional (Remoto - USD),CAD,arQjp34W,"Staff Machine Learning Engineer, Gen AI | Voice & Speech",Weave,United States,Remoto,No especificado,No especificado,,,,Machine Learning General,https://torre.ai/jobs/weave-staff-machine-learning-engineer-gen-ai-voice-speech
Torre.ai,Mercado Internacional (Remoto - USD),CAD,arQjp34W,"Staff Machine Learning Engineer, Gen AI | Voice & Speech",Weave,United States,Remoto,No especificado,No especificado,,,,NLP / LLMs,https://torre.ai/jobs/weave-staff-machine-learning-engineer-gen-ai-voice-speech
Torre.ai,Mercado Internacional (Remoto - USD),CAD,arQjp34W,"Staff Machine Learning Engineer, Gen AI | Voice & Speech",Weave,United States,Remoto,No especificado,No especificado,,,,Docker / Kubernetes,https://torre.ai/jobs/weave-staff-machine-learning-engineer-gen-ai-voice-speech
Torre.ai,Mercado Internacional (Remoto - USD),CAD,arQjp34W,"Staff Machine Learning Engineer, Gen AI | Voice & Speech",Weave,United States,Remoto,No especificado,No especificado,,,,Bases de Datos NoSQL,https://torre.ai/jobs/weave-staff-machine-learning-engineer-gen-ai-voice-speech
Torre.ai,Mercado Internacional (Remoto - USD),CAD,arQjp34W,"Staff Machine Learning Engineer, Gen AI | Voice & Speech",Weave,United States,Remoto,No especificado,No especificado,,,,MLOps,https://torre.ai/jobs/weave-staff-machine-learning-engineer-gen-ai-voice-speech
Torre.ai,Mercado Internacional (Remoto - USD),CAD,qdP9DRbr,Senior Machine Learning Engineer (Remote - LATAM Based),Arionkoder,"Colombia, Argentina",Remoto,No especificado,No especificado,,,,Python,https://torre.ai/jobs/arionkoder-sr-machine-learning-engineer-remote-latam-based
Torre.ai,Mercado Internacional (Remoto - USD),CAD,qdP9DRbr,Senior Machine Learning Engineer (Remote - LATAM Based),Arionkoder,"Colombia, Argentina",Remoto,No especificado,No especificado,,,,AWS,https://torre.ai/jobs/arionkoder-sr-machine-learning-engineer-remote-latam-based
Torre.ai,Mercado Internacional (Remoto - USD),CAD,qdP9DRbr,Senior Machine Learning Engineer (Remote - LATAM Based),Arionkoder,"Colombia, Argentina",Remoto,No especificado,No especificado,,,,Machine Learning General,https://torre.ai/jobs/arionkoder-sr-machine-learning-engineer-remote-latam-based
Torre.ai,Mercado Internacional (Remoto - USD),CAD,qdP9DRbr,Senior Machine Learning Engineer (Remote - LATAM Based),Arionkoder,"Colombia, Argentina",Remoto,No especificado,No especificado,,,,Deep Learning,https://torre.ai/jobs/arionkoder-sr-machine-learning-engineer-remote-latam-based
Torre.ai,Mercado Internacional (Remoto - USD),CAD,qdP9DRbr,Senior Machine Learning Engineer (Remote - LATAM Based),Arionkoder,"Colombia, Argentina",Remoto,No especificado,No especificado,,,,Computer Vision,https://torre.ai/jobs/arionkoder-sr-machine-learning-engineer-remote-latam-based
Torre.ai,Mercado Internacional (Remoto - USD),CAD,qdP9DRbr,Senior Machine Learning Engineer (Remote - LATAM Based),Arionkoder,"Colombia, Argentina",Remoto,No especificado,No especificado,,,,Git / Control de Versiones,https://torre.ai/jobs/arionkoder-sr-machine-learning-engineer-remote-latam-based
Torre.ai,Mercado Internacional (Remoto - USD),CAD,qdP9DRbr,Senior Machine Learning Engineer (Remote - LATAM Based),Arionkoder,"Colombia, Argentina",Remoto,No especificado,No especificado,,,,MLOps,https://torre.ai/jobs/arionkoder-sr-machine-learning-engineer-remote-latam-based
Torre.ai,Mercado Internacional (Remoto - USD),USD,ed8pp3ed,"Research Staff, Data Science",Deepgram,United States,Remoto,No especificado,No especificado,,61666666.666666664,61.666666666666664,Python,https://torre.ai/jobs/deepgram-research-staff-data-science-1
Torre.ai,Mercado Internacional (Remoto - USD),USD,ed8pp3ed,"Research Staff, Data Science",Deepgram,United States,Remoto,No especificado,No especificado,,61666666.666666664,61.666666666666664,Deep Learning,https://torre.ai/jobs/deepgram-research-staff-data-science-1
Torre.ai,Mercado Internacional (Remoto - USD),USD,ed8pp3ed,"Research Staff, Data Science",Deepgram,United States,Remoto,No especificado,No especificado,,61666666.666666664,61.666666666666664,PyTorch,https://torre.ai/jobs/deepgram-research-staff-data-science-1
Torre.ai,Mercado Internacional (Remoto - USD),USD,NrJOOxYW,"Director, Client Data Science",Foodsmart,United States,Remoto,No especificado,No especificado,,68333333.33333333,68.33333333333333,Python,https://torre.ai/jobs/foodsmart-director-client-data-science
Torre.ai,Mercado Internacional (Remoto - USD),USD,NrJOOxYW,"Director, Client Data Science",Foodsmart,United States,Remoto,No especificado,No especificado,,68333333.33333333,68.33333333333333,SQL,https://torre.ai/jobs/foodsmart-director-client-data-science
Torre.ai,Mercado Internacional (Remoto - USD),USD,NrJOOxYW,"Director, Client Data Science",Foodsmart,United States,Remoto,No especificado,No especificado,,68333333.33333333,68.33333333333333,ETL / Pipelines de Datos,https://torre.ai/jobs/foodsmart-director-client-data-science
Torre.ai,Mercado Internacional (Remoto - USD),CAD,VWMqMEBW,Machine Learning Engineer (Remote),StackAdapt,United Kingdom,Remoto,No especificado,No especificado,,,,Python,https://torre.ai/jobs/stackadapt-machine-learning-engineer-remote
Torre.ai,Mercado Internacional (Remoto - USD),CAD,VWMqMEBW,Machine Learning Engineer (Remote),StackAdapt,United Kingdom,Remoto,No especificado,No especificado,,,,Machine Learning General,https://torre.ai/jobs/stackadapt-machine-learning-engineer-remote
Torre.ai,Mercado Internacional (Remoto - USD),CAD,VWMqMEBW,Machine Learning Engineer (Remote),StackAdapt,United Kingdom,Remoto,No especificado,No especificado,,,,ETL / Pipelines de Datos,https://torre.ai/jobs/stackadapt-machine-learning-engineer-remote
Torre.ai,Mercado Internacional (Remoto - USD),USD,JWO8VZ6w,Machine Learning Engineer,AI Talent Hunt,"Canadá, USA",Remoto,No especificado,No especificado,,65833333.33333333,65.83333333333333,Python,https://torre.ai/jobs/ai-talent-hunt-machine-learning-engineer
Torre.ai,Mercado Internacional (Remoto - USD),USD,JWO8VZ6w,Machine Learning Engineer,AI Talent Hunt,"Canadá, USA",Remoto,No especificado,No especificado,,65833333.33333333,65.83333333333333,SQL,https://torre.ai/jobs/ai-talent-hunt-machine-learning-engineer
Torre.ai,Mercado Internacional (Remoto - USD),USD,JWO8VZ6w,Machine Learning Engineer,AI Talent Hunt,"Canadá, USA",Remoto,No especificado,No especificado,,65833333.33333333,65.83333333333333,Machine Learning General,https://torre.ai/jobs/ai-talent-hunt-machine-learning-engineer
Torre.ai,Mercado Internacional (Remoto - USD),USD,JWO8VZ6w,Machine Learning Engineer,AI Talent Hunt,"Canadá, USA",Remoto,No especificado,No especificado,,65833333.33333333,65.83333333333333,ETL / Pipelines de Datos,https://torre.ai/jobs/ai-talent-hunt-machine-learning-engineer
Torre.ai,Mercado Internacional (Remoto - USD),USD,JWO8VZ6w,Machine Learning Engineer,AI Talent Hunt,"Canadá, USA",Remoto,No especificado,No especificado,,65833333.33333333,65.83333333333333,MLOps,https://torre.ai/jobs/ai-talent-hunt-machine-learning-engineer
Torre.ai,Mercado Internacional (Remoto - USD),CAD,Qwe1BDYw,Staff Machine Learning Engineer,SurveyMonkey,Italy,Remoto,No especificado,No especificado,,,,Kafka,https://torre.ai/jobs/surveymonkey-staff-machine-learning-engineer
Torre.ai,Mercado Internacional (Remoto - USD),CAD,Qwe1BDYw,Staff Machine Learning Engineer,SurveyMonkey,Italy,Remoto,No especificado,No especificado,,,,AWS,https://torre.ai/jobs/surveymonkey-staff-machine-learning-engineer
Torre.ai,Mercado Internacional (Remoto - USD),CAD,Qwe1BDYw,Staff Machine Learning Engineer,SurveyMonkey,Italy,Remoto,No especificado,No especificado,,,,Machine Learning General,https://torre.ai/jobs/surveymonkey-staff-machine-learning-engineer
Torre.ai,Mercado Internacional (Remoto - USD),CAD,Qwe1BDYw,Staff Machine Learning Engineer,SurveyMonkey,Italy,Remoto,No especificado,No especificado,,,,NLP / LLMs,https://torre.ai/jobs/surveymonkey-staff-machine-learning-engineer
Torre.ai,Mercado Internacional (Remoto - USD),CAD,Qwe1BDYw,Staff Machine Learning Engineer,SurveyMonkey,Italy,Remoto,No especificado,No especificado,,,,Docker / Kubernetes,https://torre.ai/jobs/surveymonkey-staff-machine-learning-engineer
Torre.ai,Mercado Internacional (Remoto - USD),USD,kWRgx57w,"Staff, Analytics Engineer, GTM Data Science & Analytics",Twilio,United States,Remoto,No especificado,No especificado,,58320000.0,58.32,SQL,https://torre.ai/jobs/twilio-staff-analytics-engineer-gtm-data-science-analytics
Torre.ai,Mercado Internacional (Remoto - USD),USD,kWRgx57w,"Staff, Analytics Engineer, GTM Data Science & Analytics",Twilio,United States,Remoto,No especificado,No especificado,,58320000.0,58.32,ETL / Pipelines de Datos,https://torre.ai/jobs/twilio-staff-analytics-engineer-gtm-data-science-analytics
Torre.ai,Mercado Internacional (Remoto - USD),USD,ZWXzxx1d,"Research Engineer, Machine Learning Systems",Deepgram,United States,Remoto,No especificado,No especificado,,66666666.66666667,66.66666666666667,Machine Learning General,https://torre.ai/jobs/deepgram-research-engineer-machine-learning-systems
Torre.ai,Mercado Internacional (Remoto - USD),USD,ZWXzxx1d,"Research Engineer, Machine Learning Systems",Deepgram,United States,Remoto,No especificado,No especificado,,66666666.66666667,66.66666666666667,Docker / Kubernetes,https://torre.ai/jobs/deepgram-research-engineer-machine-learning-systems
Torre.ai,Mercado Internacional (Remoto - USD),USD,ZWXzxx1d,"Research Engineer, Machine Learning Systems",Deepgram,United States,Remoto,No especificado,No especificado,,66666666.66666667,66.66666666666667,MLOps,https://torre.ai/jobs/deepgram-research-engineer-machine-learning-systems
Torre.ai,Mercado Internacional (Remoto - USD),CAD,lWgD7ayw,AI / Machine Learning Engineer,DevUps,Global / Remoto,Remoto,No especificado,No especificado,,,,Python,https://torre.ai/jobs/devups-ai-machine-learning-engineer
Torre.ai,Mercado Internacional (Remoto - USD),CAD,lWgD7ayw,AI / Machine Learning Engineer,DevUps,Global / Remoto,Remoto,No especificado,No especificado,,,,SQL,https://torre.ai/jobs/devups-ai-machine-learning-engineer
Torre.ai,Mercado Internacional (Remoto - USD),CAD,lWgD7ayw,AI / Machine Learning Engineer,DevUps,Global / Remoto,Remoto,No especificado,No especificado,,,,Spark / PySpark,https://torre.ai/jobs/devups-ai-machine-learning-engineer
Torre.ai,Mercado Internacional (Remoto - USD),CAD,lWgD7ayw,AI / Machine Learning Engineer,DevUps,Global / Remoto,Remoto,No especificado,No especificado,,,,Azure,https://torre.ai/jobs/devups-ai-machine-learning-engineer
Torre.ai,Mercado Internacional (Remoto - USD),CAD,lWgD7ayw,AI / Machine Learning Engineer,DevUps,Global / Remoto,Remoto,No especificado,No especificado,,,,Google Cloud (GCP),https://torre.ai/jobs/devups-ai-machine-learning-engineer
Torre.ai,Mercado Internacional (Remoto - USD),CAD,lWgD7ayw,AI / Machine Learning Engineer,DevUps,Global / Remoto,Remoto,No especificado,No especificado,,,,Machine Learning General,https://torre.ai/jobs/devups-ai-machine-learning-engineer
Torre.ai,Mercado Internacional (Remoto - USD),CAD,lWgD7ayw,AI / Machine Learning Engineer,DevUps,Global / Remoto,Remoto,No especificado,No especificado,,,,TensorFlow / Keras,https://torre.ai/jobs/devups-ai-machine-learning-engineer
Torre.ai,Mercado Internacional (Remoto - USD),CAD,lWgD7ayw,AI / Machine Learning Engineer,DevUps,Global / Remoto,Remoto,No especificado,No especificado,,,,PyTorch,https://torre.ai/jobs/devups-ai-machine-learning-engineer
Torre.ai,Mercado Internacional (Remoto - USD),CAD,lWgD7ayw,AI / Machine Learning Engineer,DevUps,Global / Remoto,Remoto,No especificado,No especificado,,,,ETL / Pipelines de Datos,https://torre.ai/jobs/devups-ai-machine-learning-engineer
Torre.ai,Mercado Internacional (Remoto - USD),CAD,lWgD7ayw,AI / Machine Learning Engineer,DevUps,Global / Remoto,Remoto,No especificado,No especificado,,,,Docker / Kubernetes,https://torre.ai/jobs/devups-ai-machine-learning-engineer
Torre.ai,Mercado Internacional (Remoto - USD),CAD,lWgD7ayw,AI / Machine Learning Engineer,DevUps,Global / Remoto,Remoto,No especificado,No especificado,,,,MLOps,https://torre.ai/jobs/devups-ai-machine-learning-engineer
Torre.ai,Mercado Internacional (Remoto - USD),CAD,ZW57GXpd,Machine Learning Engineer (GCP Certified),DevUps,Global / Remoto,Remoto,No especificado,No especificado,,,,Python,https://torre.ai/jobs/devups-machine-learning-engineer-gcp-certified
Torre.ai,Mercado Internacional (Remoto - USD),CAD,ZW57GXpd,Machine Learning Engineer (GCP Certified),DevUps,Global / Remoto,Remoto,No especificado,No especificado,,,,SQL,https://torre.ai/jobs/devups-machine-learning-engineer-gcp-certified
Torre.ai,Mercado Internacional (Remoto - USD),CAD,ZW57GXpd,Machine Learning Engineer (GCP Certified),DevUps,Global / Remoto,Remoto,No especificado,No especificado,,,,Google Cloud (GCP),https://torre.ai/jobs/devups-machine-learning-engineer-gcp-certified
Torre.ai,Mercado Internacional (Remoto - USD),CAD,ZW57GXpd,Machine Learning Engineer (GCP Certified),DevUps,Global / Remoto,Remoto,No especificado,No especificado,,,,Machine Learning General,https://torre.ai/jobs/devups-machine-learning-engineer-gcp-certified
Torre.ai,Mercado Internacional (Remoto - USD),CAD,ZW57GXpd,Machine Learning Engineer (GCP Certified),DevUps,Global / Remoto,Remoto,No especificado,No especificado,,,,NLP / LLMs,https://torre.ai/jobs/devups-machine-learning-engineer-gcp-certified
Torre.ai,Mercado Internacional (Remoto - USD),CAD,ZW57GXpd,Machine Learning Engineer (GCP Certified),DevUps,Global / Remoto,Remoto,No especificado,No especificado,,,,Computer Vision,https://torre.ai/jobs/devups-machine-learning-engineer-gcp-certified
Torre.ai,Mercado Internacional (Remoto - USD),CAD,ZW57GXpd,Machine Learning Engineer (GCP Certified),DevUps,Global / Remoto,Remoto,No especificado,No especificado,,,,Scikit-Learn,https://torre.ai/jobs/devups-machine-learning-engineer-gcp-certified
Torre.ai,Mercado Internacional (Remoto - USD),CAD,ZW57GXpd,Machine Learning Engineer (GCP Certified),DevUps,Global / Remoto,Remoto,No especificado,No especificado,,,,TensorFlow / Keras,https://torre.ai/jobs/devups-machine-learning-engineer-gcp-certified
Torre.ai,Mercado Internacional (Remoto - USD),CAD,ZW57GXpd,Machine Learning Engineer (GCP Certified),DevUps,Global / Remoto,Remoto,No especificado,No especificado,,,,PyTorch,https://torre.ai/jobs/devups-machine-learning-engineer-gcp-certified
Torre.ai,Mercado Internacional (Remoto - USD),CAD,ZW57GXpd,Machine Learning Engineer (GCP Certified),DevUps,Global / Remoto,Remoto,No especificado,No especificado,,,,ETL / Pipelines de Datos,https://torre.ai/jobs/devups-machine-learning-engineer-gcp-certified
Torre.ai,Mercado Internacional (Remoto - USD),CAD,ZW57GXpd,Machine Learning Engineer (GCP Certified),DevUps,Global / Remoto,Remoto,No especificado,No especificado,,,,Docker / Kubernetes,https://torre.ai/jobs/devups-machine-learning-engineer-gcp-certified
Torre.ai,Mercado Internacional (Remoto - USD),CAD,ZW57GXpd,Machine Learning Engineer (GCP Certified),DevUps,Global / Remoto,Remoto,No especificado,No especificado,,,,Bases de Datos NoSQL,https://torre.ai/jobs/devups-machine-learning-engineer-gcp-certified
Torre.ai,Mercado Internacional (Remoto - USD),CAD,ZW57GXpd,Machine Learning Engineer (GCP Certified),DevUps,Global / Remoto,Remoto,No especificado,No especificado,,,,MLOps,https://torre.ai/jobs/devups-machine-learning-engineer-gcp-certified
Torre.ai,Mercado Internacional (Remoto - USD),CAD,OwGo7A6w,"Senior Machine Learning Engineer, Ads",Quora,Global / Remoto,Remoto,No especificado,No especificado,,,,Python,https://torre.ai/jobs/quora-senior-machine-learning-engineer-ads
Torre.ai,Mercado Internacional (Remoto - USD),CAD,OwGo7A6w,"Senior Machine Learning Engineer, Ads",Quora,Global / Remoto,Remoto,No especificado,No especificado,,,,Machine Learning General,https://torre.ai/jobs/quora-senior-machine-learning-engineer-ads
Torre.ai,Mercado Internacional (Remoto - USD),CAD,OwGo7A6w,"Senior Machine Learning Engineer, Ads",Quora,Global / Remoto,Remoto,No especificado,No especificado,,,,TensorFlow / Keras,https://torre.ai/jobs/quora-senior-machine-learning-engineer-ads
Torre.ai,Mercado Internacional (Remoto - USD),CAD,OwGo7A6w,"Senior Machine Learning Engineer, Ads",Quora,Global / Remoto,Remoto,No especificado,No especificado,,,,PyTorch,https://torre.ai/jobs/quora-senior-machine-learning-engineer-ads
Torre.ai,Mercado Internacional (Remoto - USD),CAD,KWN18x8r,Senior Data Science Evaluation Specialist (5+ Yrs Exp),Mercor,Global / Remoto,Remoto,No especificado,No especificado,,,,Python,https://torre.ai/jobs/mercor-senior-data-science-evaluation-specialist-5-yrs-exp
Torre.ai,Mercado Internacional (Remoto - USD),CAD,KWN18x8r,Senior Data Science Evaluation Specialist (5+ Yrs Exp),Mercor,Global / Remoto,Remoto,No especificado,No especificado,,,,SQL,https://torre.ai/jobs/mercor-senior-data-science-evaluation-specialist-5-yrs-exp
Torre.ai,Mercado Internacional (Remoto - USD),CAD,qdPDK3Ad,"Staff Machine Learning Research Scientist (NLP, Clinical AI)",Rad AI,United States,Remoto,No especificado,No especificado,,,,Machine Learning General,https://torre.ai/jobs/rad-ai-staff-machine-learning-research-scientist-nlp-clinical-ai
Torre.ai,Mercado Internacional (Remoto - USD),CAD,qdPDK3Ad,"Staff Machine Learning Research Scientist (NLP, Clinical AI)",Rad AI,United States,Remoto,No especificado,No especificado,,,,NLP / LLMs,https://torre.ai/jobs/rad-ai-staff-machine-learning-research-scientist-nlp-clinical-ai
Torre.ai,Mercado Internacional (Remoto - USD),CAD,qdPDK3Ad,"Staff Machine Learning Research Scientist (NLP, Clinical AI)",Rad AI,United States,Remoto,No especificado,No especificado,,,,Computer Vision,https://torre.ai/jobs/rad-ai-staff-machine-learning-research-scientist-nlp-clinical-ai
Torre.ai,Mercado Internacional (Remoto - USD),CAD,qdPDK3Ad,"Staff Machine Learning Research Scientist (NLP, Clinical AI)",Rad AI,United States,Remoto,No especificado,No especificado,,,,PyTorch,https://torre.ai/jobs/rad-ai-staff-machine-learning-research-scientist-nlp-clinical-ai
Torre.ai,Mercado Internacional (Remoto - USD),CAD,VdLOxJ5w,Senior Machine Learning Engineer (ASR) - Voice Experience,Cresta,Global / Remoto,Remoto,No especificado,No especificado,,,,Machine Learning General,https://torre.ai/jobs/cresta-senior-machine-learning-engineer-asr-voice-experience
Torre.ai,Mercado Internacional (Remoto - USD),CAD,VdLOxJ5w,Senior Machine Learning Engineer (ASR) - Voice Experience,Cresta,Global / Remoto,Remoto,No especificado,No especificado,,,,NLP / LLMs,https://torre.ai/jobs/cresta-senior-machine-learning-engineer-asr-voice-experience
Torre.ai,Mercado Internacional (Remoto - USD),CAD,VdLOxJ5w,Senior Machine Learning Engineer (ASR) - Voice Experience,Cresta,Global / Remoto,Remoto,No especificado,No especificado,,,,TensorFlow / Keras,https://torre.ai/jobs/cresta-senior-machine-learning-engineer-asr-voice-experience
Torre.ai,Mercado Internacional (Remoto - USD),CAD,VdLOxJ5w,Senior Machine Learning Engineer (ASR) - Voice Experience,Cresta,Global / Remoto,Remoto,No especificado,No especificado,,,,PyTorch,https://torre.ai/jobs/cresta-senior-machine-learning-engineer-asr-voice-experience
Torre.ai,Mercado Internacional (Remoto - USD),CAD,VdLOxJ5w,Senior Machine Learning Engineer (ASR) - Voice Experience,Cresta,Global / Remoto,Remoto,No especificado,No especificado,,,,ETL / Pipelines de Datos,https://torre.ai/jobs/cresta-senior-machine-learning-engineer-asr-voice-experience
Torre.ai,Mercado Internacional (Remoto - USD),CAD,lr418D3W,Senior Machine Learning Engineer,Solidgate,Ukraine,Remoto,No especificado,No especificado,,,,Python,https://torre.ai/jobs/solidgate-senior-machine-learning-engineer
Torre.ai,Mercado Internacional (Remoto - USD),CAD,lr418D3W,Senior Machine Learning Engineer,Solidgate,Ukraine,Remoto,No especificado,No especificado,,,,Machine Learning General,https://torre.ai/jobs/solidgate-senior-machine-learning-engineer
Torre.ai,Mercado Internacional (Remoto - USD),CAD,VdLOPLBw,Head of Machine Learning,Solidgate,Ukraine,Remoto,No especificado,No especificado,,,,Machine Learning General,https://torre.ai/jobs/solidgate-head-of-machine-learning
Torre.ai,Mercado Internacional (Remoto - USD),CAD,VdLOPLBw,Head of Machine Learning,Solidgate,Ukraine,Remoto,No especificado,No especificado,,,,MLOps,https://torre.ai/jobs/solidgate-head-of-machine-learning
Torre.ai,Mercado Internacional (Remoto - USD),CAD,Yd6pl4OW,"Senior Technical Program Manager, Machine Learning Infrastructure",Cohere,Canada,Remoto,No especificado,No especificado,,,,Machine Learning General,https://torre.ai/jobs/cohere-senior-technical-program-manager-machine-learning-infrastructure
Torre.ai,Mercado Internacional (Remoto - USD),CAD,lr4p0ZLr,Machine Learning Intern/Co-Op (Winter 2027),Cohere,"Canada, United States",Remoto,No especificado,No especificado,,,,Python,https://torre.ai/jobs/cohere-machine-learning-internco-op-winter-2027
Torre.ai,Mercado Internacional (Remoto - USD),CAD,lr4p0ZLr,Machine Learning Intern/Co-Op (Winter 2027),Cohere,"Canada, United States",Remoto,No especificado,No especificado,,,,Machine Learning General,https://torre.ai/jobs/cohere-machine-learning-internco-op-winter-2027
Torre.ai,Mercado Internacional (Remoto - USD),CAD,lr4p0ZLr,Machine Learning Intern/Co-Op (Winter 2027),Cohere,"Canada, United States",Remoto,No especificado,No especificado,,,,TensorFlow / Keras,https://torre.ai/jobs/cohere-machine-learning-internco-op-winter-2027
Torre.ai,Mercado Internacional (Remoto - USD),CAD,2W1pN3nr,"Data Annotation Specialist, Data Science",Cohere,Canada,Remoto,No especificado,No especificado,,18560000.0,18.56,Python,https://torre.ai/jobs/cohere-data-annotation-specialist-data-science
Torre.ai,Mercado Internacional (Remoto - USD),CAD,2W1pN3nr,"Data Annotation Specialist, Data Science",Cohere,Canada,Remoto,No especificado,No especificado,,18560000.0,18.56,SQL,https://torre.ai/jobs/cohere-data-annotation-specialist-data-science
Torre.ai,Mercado Internacional (Remoto - USD),CAD,arQjp34W,"Staff Machine Learning Engineer, Gen AI | Voice & Speech",Weave,United States,Remoto,No especificado,No especificado,,,,SQL,https://torre.ai/jobs/weave-staff-machine-learning-engineer-gen-ai-voice-speech
Torre.ai,Mercado Internacional (Remoto - USD),CAD,arQjp34W,"Staff Machine Learning Engineer, Gen AI | Voice & Speech",Weave,United States,Remoto,No especificado,No especificado,,,,AWS,https://torre.ai/jobs/weave-staff-machine-learning-engineer-gen-ai-voice-speech
Torre.ai,Mercado Internacional (Remoto - USD),CAD,arQjp34W,"Staff Machine Learning Engineer, Gen AI | Voice & Speech",Weave,United States,Remoto,No especificado,No especificado,,,,Google Cloud (GCP),https://torre.ai/jobs/weave-staff-machine-learning-engineer-gen-ai-voice-speech
Torre.ai,Mercado Internacional (Remoto - USD),CAD,arQjp34W,"Staff Machine Learning Engineer, Gen AI | Voice & Speech",Weave,United States,Remoto,No especificado,No especificado,,,,Machine Learning General,https://torre.ai/jobs/weave-staff-machine-learning-engineer-gen-ai-voice-speech
Torre.ai,Mercado Internacional (Remoto - USD),CAD,arQjp34W,"Staff Machine Learning Engineer, Gen AI | Voice & Speech",Weave,United States,Remoto,No especificado,No especificado,,,,NLP / LLMs,https://torre.ai/jobs/weave-staff-machine-learning-engineer-gen-ai-voice-speech
Torre.ai,Mercado Internacional (Remoto - USD),CAD,arQjp34W,"Staff Machine Learning Engineer, Gen AI | Voice & Speech",Weave,United States,Remoto,No especificado,No especificado,,,,Docker / Kubernetes,https://torre.ai/jobs/weave-staff-machine-learning-engineer-gen-ai-voice-speech
Torre.ai,Mercado Internacional (Remoto - USD),CAD,arQjp34W,"Staff Machine Learning Engineer, Gen AI | Voice & Speech",Weave,United States,Remoto,No especificado,No especificado,,,,Bases de Datos NoSQL,https://torre.ai/jobs/weave-staff-machine-learning-engineer-gen-ai-voice-speech
Torre.ai,Mercado Internacional (Remoto - USD),CAD,arQjp34W,"Staff Machine Learning Engineer, Gen AI | Voice & Speech",Weave,United States,Remoto,No especificado,No especificado,,,,MLOps,https://torre.ai/jobs/weave-staff-machine-learning-engineer-gen-ai-voice-speech
Torre.ai,Mercado Internacional (Remoto - USD),CAD,qdP9DRbr,Senior Machine Learning Engineer (Remote - LATAM Based),Arionkoder,"Colombia, Argentina",Remoto,No especificado,No especificado,,,,Python,https://torre.ai/jobs/arionkoder-sr-machine-learning-engineer-remote-latam-based
Torre.ai,Mercado Internacional (Remoto - USD),CAD,qdP9DRbr,Senior Machine Learning Engineer (Remote - LATAM Based),Arionkoder,"Colombia, Argentina",Remoto,No especificado,No especificado,,,,AWS,https://torre.ai/jobs/arionkoder-sr-machine-learning-engineer-remote-latam-based
Torre.ai,Mercado Internacional (Remoto - USD),CAD,qdP9DRbr,Senior Machine Learning Engineer (Remote - LATAM Based),Arionkoder,"Colombia, Argentina",Remoto,No especificado,No especificado,,,,Machine Learning General,https://torre.ai/jobs/arionkoder-sr-machine-learning-engineer-remote-latam-based
Torre.ai,Mercado Internacional (Remoto - USD),CAD,qdP9DRbr,Senior Machine Learning Engineer (Remote - LATAM Based),Arionkoder,"Colombia, Argentina",Remoto,No especificado,No especificado,,,,Deep Learning,https://torre.ai/jobs/arionkoder-sr-machine-learning-engineer-remote-latam-based
Torre.ai,Mercado Internacional (Remoto - USD),CAD,qdP9DRbr,Senior Machine Learning Engineer (Remote - LATAM Based),Arionkoder,"Colombia, Argentina",Remoto,No especificado,No especificado,,,,Computer Vision,https://torre.ai/jobs/arionkoder-sr-machine-learning-engineer-remote-latam-based
Torre.ai,Mercado Internacional (Remoto - USD),CAD,qdP9DRbr,Senior Machine Learning Engineer (Remote - LATAM Based),Arionkoder,"Colombia, Argentina",Remoto,No especificado,No especificado,,,,Git / Control de Versiones,https://torre.ai/jobs/arionkoder-sr-machine-learning-engineer-remote-latam-based
Torre.ai,Mercado Internacional (Remoto - USD),CAD,qdP9DRbr,Senior Machine Learning Engineer (Remote - LATAM Based),Arionkoder,"Colombia, Argentina",Remoto,No especificado,No especificado,,,,MLOps,https://torre.ai/jobs/arionkoder-sr-machine-learning-engineer-remote-latam-based
Torre.ai,Mercado Internacional (Remoto - USD),USD,ed8pp3ed,"Research Staff, Data Science",Deepgram,United States,Remoto,No especificado,No especificado,,61666666.666666664,61.666666666666664,Python,https://torre.ai/jobs/deepgram-research-staff-data-science-1
Torre.ai,Mercado Internacional (Remoto - USD),USD,ed8pp3ed,"Research Staff, Data Science",Deepgram,United States,Remoto,No especificado,No especificado,,61666666.666666664,61.666666666666664,Deep Learning,https://torre.ai/jobs/deepgram-research-staff-data-science-1
Torre.ai,Mercado Internacional (Remoto - USD),USD,ed8pp3ed,"Research Staff, Data Science",Deepgram,United States,Remoto,No especificado,No especificado,,61666666.666666664,61.666666666666664,PyTorch,https://torre.ai/jobs/deepgram-research-staff-data-science-1
Torre.ai,Mercado Internacional (Remoto - USD),USD,NrJOOxYW,"Director, Client Data Science",Foodsmart,United States,Remoto,No especificado,No especificado,,68333333.33333333,68.33333333333333,Python,https://torre.ai/jobs/foodsmart-director-client-data-science
Torre.ai,Mercado Internacional (Remoto - USD),USD,NrJOOxYW,"Director, Client Data Science",Foodsmart,United States,Remoto,No especificado,No especificado,,68333333.33333333,68.33333333333333,SQL,https://torre.ai/jobs/foodsmart-director-client-data-science
Torre.ai,Mercado Internacional (Remoto - USD),USD,NrJOOxYW,"Director, Client Data Science",Foodsmart,United States,Remoto,No especificado,No especificado,,68333333.33333333,68.33333333333333,ETL / Pipelines de Datos,https://torre.ai/jobs/foodsmart-director-client-data-science
Torre.ai,Mercado Internacional (Remoto - USD),CAD,VWMqMEBW,Machine Learning Engineer (Remote),StackAdapt,United Kingdom,Remoto,No especificado,No especificado,,,,Python,https://torre.ai/jobs/stackadapt-machine-learning-engineer-remote
Torre.ai,Mercado Internacional (Remoto - USD),CAD,VWMqMEBW,Machine Learning Engineer (Remote),StackAdapt,United Kingdom,Remoto,No especificado,No especificado,,,,Machine Learning General,https://torre.ai/jobs/stackadapt-machine-learning-engineer-remote
Torre.ai,Mercado Internacional (Remoto - USD),CAD,VWMqMEBW,Machine Learning Engineer (Remote),StackAdapt,United Kingdom,Remoto,No especificado,No especificado,,,,ETL / Pipelines de Datos,https://torre.ai/jobs/stackadapt-machine-learning-engineer-remote
Torre.ai,Mercado Internacional (Remoto - USD),USD,JWO8VZ6w,Machine Learning Engineer,AI Talent Hunt,"Canadá, USA",Remoto,No especificado,No especificado,,65833333.33333333,65.83333333333333,Python,https://torre.ai/jobs/ai-talent-hunt-machine-learning-engineer
Torre.ai,Mercado Internacional (Remoto - USD),USD,JWO8VZ6w,Machine Learning Engineer,AI Talent Hunt,"Canadá, USA",Remoto,No especificado,No especificado,,65833333.33333333,65.83333333333333,SQL,https://torre.ai/jobs/ai-talent-hunt-machine-learning-engineer
Torre.ai,Mercado Internacional (Remoto - USD),USD,JWO8VZ6w,Machine Learning Engineer,AI Talent Hunt,"Canadá, USA",Remoto,No especificado,No especificado,,65833333.33333333,65.83333333333333,Machine Learning General,https://torre.ai/jobs/ai-talent-hunt-machine-learning-engineer
Torre.ai,Mercado Internacional (Remoto - USD),USD,JWO8VZ6w,Machine Learning Engineer,AI Talent Hunt,"Canadá, USA",Remoto,No especificado,No especificado,,65833333.33333333,65.83333333333333,ETL / Pipelines de Datos,https://torre.ai/jobs/ai-talent-hunt-machine-learning-engineer
Torre.ai,Mercado Internacional (Remoto - USD),USD,JWO8VZ6w,Machine Learning Engineer,AI Talent Hunt,"Canadá, USA",Remoto,No especificado,No especificado,,65833333.33333333,65.83333333333333,MLOps,https://torre.ai/jobs/ai-talent-hunt-machine-learning-engineer
Torre.ai,Mercado Internacional (Remoto - USD),CAD,Qwe1BDYw,Staff Machine Learning Engineer,SurveyMonkey,Italy,Remoto,No especificado,No especificado,,,,Kafka,https://torre.ai/jobs/surveymonkey-staff-machine-learning-engineer
Torre.ai,Mercado Internacional (Remoto - USD),CAD,Qwe1BDYw,Staff Machine Learning Engineer,SurveyMonkey,Italy,Remoto,No especificado,No especificado,,,,AWS,https://torre.ai/jobs/surveymonkey-staff-machine-learning-engineer
Torre.ai,Mercado Internacional (Remoto - USD),CAD,Qwe1BDYw,Staff Machine Learning Engineer,SurveyMonkey,Italy,Remoto,No especificado,No especificado,,,,Machine Learning General,https://torre.ai/jobs/surveymonkey-staff-machine-learning-engineer
Torre.ai,Mercado Internacional (Remoto - USD),CAD,Qwe1BDYw,Staff Machine Learning Engineer,SurveyMonkey,Italy,Remoto,No especificado,No especificado,,,,NLP / LLMs,https://torre.ai/jobs/surveymonkey-staff-machine-learning-engineer
Torre.ai,Mercado Internacional (Remoto - USD),CAD,Qwe1BDYw,Staff Machine Learning Engineer,SurveyMonkey,Italy,Remoto,No especificado,No especificado,,,,Docker / Kubernetes,https://torre.ai/jobs/surveymonkey-staff-machine-learning-engineer
Torre.ai,Mercado Internacional (Remoto - USD),USD,kWRgx57w,"Staff, Analytics Engineer, GTM Data Science & Analytics",Twilio,United States,Remoto,No especificado,No especificado,,58320000.0,58.32,SQL,https://torre.ai/jobs/twilio-staff-analytics-engineer-gtm-data-science-analytics
Torre.ai,Mercado Internacional (Remoto - USD),USD,kWRgx57w,"Staff, Analytics Engineer, GTM Data Science & Analytics",Twilio,United States,Remoto,No especificado,No especificado,,58320000.0,58.32,ETL / Pipelines de Datos,https://torre.ai/jobs/twilio-staff-analytics-engineer-gtm-data-science-analytics
Torre.ai,Mercado Internacional (Remoto - USD),USD,ZWXzxx1d,"Research Engineer, Machine Learning Systems",Deepgram,United States,Remoto,No especificado,No especificado,,66666666.66666667,66.66666666666667,Machine Learning General,https://torre.ai/jobs/deepgram-research-engineer-machine-learning-systems
Torre.ai,Mercado Internacional (Remoto - USD),USD,ZWXzxx1d,"Research Engineer, Machine Learning Systems",Deepgram,United States,Remoto,No especificado,No especificado,,66666666.66666667,66.66666666666667,Docker / Kubernetes,https://torre.ai/jobs/deepgram-research-engineer-machine-learning-systems
Torre.ai,Mercado Internacional (Remoto - USD),USD,ZWXzxx1d,"Research Engineer, Machine Learning Systems",Deepgram,United States,Remoto,No especificado,No especificado,,66666666.66666667,66.66666666666667,MLOps,https://torre.ai/jobs/deepgram-research-engineer-machine-learning-systems
Torre.ai,Mercado Internacional (Remoto - USD),CAD,lWgD7ayw,AI / Machine Learning Engineer,DevUps,Global / Remoto,Remoto,No especificado,No especificado,,,,Python,https://torre.ai/jobs/devups-ai-machine-learning-engineer
Torre.ai,Mercado Internacional (Remoto - USD),CAD,lWgD7ayw,AI / Machine Learning Engineer,DevUps,Global / Remoto,Remoto,No especificado,No especificado,,,,SQL,https://torre.ai/jobs/devups-ai-machine-learning-engineer
Torre.ai,Mercado Internacional (Remoto - USD),CAD,lWgD7ayw,AI / Machine Learning Engineer,DevUps,Global / Remoto,Remoto,No especificado,No especificado,,,,Spark / PySpark,https://torre.ai/jobs/devups-ai-machine-learning-engineer
Torre.ai,Mercado Internacional (Remoto - USD),CAD,lWgD7ayw,AI / Machine Learning Engineer,DevUps,Global / Remoto,Remoto,No especificado,No especificado,,,,Azure,https://torre.ai/jobs/devups-ai-machine-learning-engineer
Torre.ai,Mercado Internacional (Remoto - USD),CAD,lWgD7ayw,AI / Machine Learning Engineer,DevUps,Global / Remoto,Remoto,No especificado,No especificado,,,,Google Cloud (GCP),https://torre.ai/jobs/devups-ai-machine-learning-engineer
Torre.ai,Mercado Internacional (Remoto - USD),CAD,lWgD7ayw,AI / Machine Learning Engineer,DevUps,Global / Remoto,Remoto,No especificado,No especificado,,,,Machine Learning General,https://torre.ai/jobs/devups-ai-machine-learning-engineer
Torre.ai,Mercado Internacional (Remoto - USD),CAD,lWgD7ayw,AI / Machine Learning Engineer,DevUps,Global / Remoto,Remoto,No especificado,No especificado,,,,TensorFlow / Keras,https://torre.ai/jobs/devups-ai-machine-learning-engineer
Torre.ai,Mercado Internacional (Remoto - USD),CAD,lWgD7ayw,AI / Machine Learning Engineer,DevUps,Global / Remoto,Remoto,No especificado,No especificado,,,,PyTorch,https://torre.ai/jobs/devups-ai-machine-learning-engineer
Torre.ai,Mercado Internacional (Remoto - USD),CAD,lWgD7ayw,AI / Machine Learning Engineer,DevUps,Global / Remoto,Remoto,No especificado,No especificado,,,,ETL / Pipelines de Datos,https://torre.ai/jobs/devups-ai-machine-learning-engineer
Torre.ai,Mercado Internacional (Remoto - USD),CAD,lWgD7ayw,AI / Machine Learning Engineer,DevUps,Global / Remoto,Remoto,No especificado,No especificado,,,,Docker / Kubernetes,https://torre.ai/jobs/devups-ai-machine-learning-engineer
Torre.ai,Mercado Internacional (Remoto - USD),CAD,lWgD7ayw,AI / Machine Learning Engineer,DevUps,Global / Remoto,Remoto,No especificado,No especificado,,,,MLOps,https://torre.ai/jobs/devups-ai-machine-learning-engineer
Torre.ai,Mercado Internacional (Remoto - USD),CAD,ZW57GXpd,Machine Learning Engineer (GCP Certified),DevUps,Global / Remoto,Remoto,No especificado,No especificado,,,,Python,https://torre.ai/jobs/devups-machine-learning-engineer-gcp-certified
Torre.ai,Mercado Internacional (Remoto - USD),CAD,ZW57GXpd,Machine Learning Engineer (GCP Certified),DevUps,Global / Remoto,Remoto,No especificado,No especificado,,,,SQL,https://torre.ai/jobs/devups-machine-learning-engineer-gcp-certified
Torre.ai,Mercado Internacional (Remoto - USD),CAD,ZW57GXpd,Machine Learning Engineer (GCP Certified),DevUps,Global / Remoto,Remoto,No especificado,No especificado,,,,Google Cloud (GCP),https://torre.ai/jobs/devups-machine-learning-engineer-gcp-certified
Torre.ai,Mercado Internacional (Remoto - USD),CAD,ZW57GXpd,Machine Learning Engineer (GCP Certified),DevUps,Global / Remoto,Remoto,No especificado,No especificado,,,,Machine Learning General,https://torre.ai/jobs/devups-machine-learning-engineer-gcp-certified
Torre.ai,Mercado Internacional (Remoto - USD),CAD,ZW57GXpd,Machine Learning Engineer (GCP Certified),DevUps,Global / Remoto,Remoto,No especificado,No especificado,,,,NLP / LLMs,https://torre.ai/jobs/devups-machine-learning-engineer-gcp-certified
Torre.ai,Mercado Internacional (Remoto - USD),CAD,ZW57GXpd,Machine Learning Engineer (GCP Certified),DevUps,Global / Remoto,Remoto,No especificado,No especificado,,,,Computer Vision,https://torre.ai/jobs/devups-machine-learning-engineer-gcp-certified
Torre.ai,Mercado Internacional (Remoto - USD),CAD,ZW57GXpd,Machine Learning Engineer (GCP Certified),DevUps,Global / Remoto,Remoto,No especificado,No especificado,,,,Scikit-Learn,https://torre.ai/jobs/devups-machine-learning-engineer-gcp-certified
Torre.ai,Mercado Internacional (Remoto - USD),CAD,ZW57GXpd,Machine Learning Engineer (GCP Certified),DevUps,Global / Remoto,Remoto,No especificado,No especificado,,,,TensorFlow / Keras,https://torre.ai/jobs/devups-machine-learning-engineer-gcp-certified
Torre.ai,Mercado Internacional (Remoto - USD),CAD,ZW57GXpd,Machine Learning Engineer (GCP Certified),DevUps,Global / Remoto,Remoto,No especificado,No especificado,,,,PyTorch,https://torre.ai/jobs/devups-machine-learning-engineer-gcp-certified
Torre.ai,Mercado Internacional (Remoto - USD),CAD,ZW57GXpd,Machine Learning Engineer (GCP Certified),DevUps,Global / Remoto,Remoto,No especificado,No especificado,,,,ETL / Pipelines de Datos,https://torre.ai/jobs/devups-machine-learning-engineer-gcp-certified
Torre.ai,Mercado Internacional (Remoto - USD),CAD,ZW57GXpd,Machine Learning Engineer (GCP Certified),DevUps,Global / Remoto,Remoto,No especificado,No especificado,,,,Docker / Kubernetes,https://torre.ai/jobs/devups-machine-learning-engineer-gcp-certified
Torre.ai,Mercado Internacional (Remoto - USD),CAD,ZW57GXpd,Machine Learning Engineer (GCP Certified),DevUps,Global / Remoto,Remoto,No especificado,No especificado,,,,Bases de Datos NoSQL,https://torre.ai/jobs/devups-machine-learning-engineer-gcp-certified
Torre.ai,Mercado Internacional (Remoto - USD),CAD,ZW57GXpd,Machine Learning Engineer (GCP Certified),DevUps,Global / Remoto,Remoto,No especificado,No especificado,,,,MLOps,https://torre.ai/jobs/devups-machine-learning-engineer-gcp-certified
Torre.ai,Mercado Internacional (Remoto - USD),CAD,OwGo7A6w,"Senior Machine Learning Engineer, Ads",Quora,Global / Remoto,Remoto,No especificado,No especificado,,,,Python,https://torre.ai/jobs/quora-senior-machine-learning-engineer-ads
Torre.ai,Mercado Internacional (Remoto - USD),CAD,OwGo7A6w,"Senior Machine Learning Engineer, Ads",Quora,Global / Remoto,Remoto,No especificado,No especificado,,,,Machine Learning General,https://torre.ai/jobs/quora-senior-machine-learning-engineer-ads
Torre.ai,Mercado Internacional (Remoto - USD),CAD,OwGo7A6w,"Senior Machine Learning Engineer, Ads",Quora,Global / Remoto,Remoto,No especificado,No especificado,,,,TensorFlow / Keras,https://torre.ai/jobs/quora-senior-machine-learning-engineer-ads
Torre.ai,Mercado Internacional (Remoto - USD),CAD,OwGo7A6w,"Senior Machine Learning Engineer, Ads",Quora,Global / Remoto,Remoto,No especificado,No especificado,,,,PyTorch,https://torre.ai/jobs/quora-senior-machine-learning-engineer-ads
Torre.ai,Mercado Internacional (Remoto - USD),CAD,KWN18x8r,Senior Data Science Evaluation Specialist (5+ Yrs Exp),Mercor,Global / Remoto,Remoto,No especificado,No especificado,,,,Python,https://torre.ai/jobs/mercor-senior-data-science-evaluation-specialist-5-yrs-exp
Torre.ai,Mercado Internacional (Remoto - USD),CAD,KWN18x8r,Senior Data Science Evaluation Specialist (5+ Yrs Exp),Mercor,Global / Remoto,Remoto,No especificado,No especificado,,,,SQL,https://torre.ai/jobs/mercor-senior-data-science-evaluation-specialist-5-yrs-exp
Torre.ai,Mercado Internacional (Remoto - USD),CAD,qdPDK3Ad,"Staff Machine Learning Research Scientist (NLP, Clinical AI)",Rad AI,United States,Remoto,No especificado,No especificado,,,,Machine Learning General,https://torre.ai/jobs/rad-ai-staff-machine-learning-research-scientist-nlp-clinical-ai
Torre.ai,Mercado Internacional (Remoto - USD),CAD,qdPDK3Ad,"Staff Machine Learning Research Scientist (NLP, Clinical AI)",Rad AI,United States,Remoto,No especificado,No especificado,,,,NLP / LLMs,https://torre.ai/jobs/rad-ai-staff-machine-learning-research-scientist-nlp-clinical-ai
Torre.ai,Mercado Internacional (Remoto - USD),CAD,qdPDK3Ad,"Staff Machine Learning Research Scientist (NLP, Clinical AI)",Rad AI,United States,Remoto,No especificado,No especificado,,,,Computer Vision,https://torre.ai/jobs/rad-ai-staff-machine-learning-research-scientist-nlp-clinical-ai
Torre.ai,Mercado Internacional (Remoto - USD),CAD,qdPDK3Ad,"Staff Machine Learning Research Scientist (NLP, Clinical AI)",Rad AI,United States,Remoto,No especificado,No especificado,,,,PyTorch,https://torre.ai/jobs/rad-ai-staff-machine-learning-research-scientist-nlp-clinical-ai
Torre.ai,Mercado Internacional (Remoto - USD),CAD,VdLOxJ5w,Senior Machine Learning Engineer (ASR) - Voice Experience,Cresta,Global / Remoto,Remoto,No especificado,No especificado,,,,Machine Learning General,https://torre.ai/jobs/cresta-senior-machine-learning-engineer-asr-voice-experience
Torre.ai,Mercado Internacional (Remoto - USD),CAD,VdLOxJ5w,Senior Machine Learning Engineer (ASR) - Voice Experience,Cresta,Global / Remoto,Remoto,No especificado,No especificado,,,,NLP / LLMs,https://torre.ai/jobs/cresta-senior-machine-learning-engineer-asr-voice-experience
Torre.ai,Mercado Internacional (Remoto - USD),CAD,VdLOxJ5w,Senior Machine Learning Engineer (ASR) - Voice Experience,Cresta,Global / Remoto,Remoto,No especificado,No especificado,,,,TensorFlow / Keras,https://torre.ai/jobs/cresta-senior-machine-learning-engineer-asr-voice-experience
Torre.ai,Mercado Internacional (Remoto - USD),CAD,VdLOxJ5w,Senior Machine Learning Engineer (ASR) - Voice Experience,Cresta,Global / Remoto,Remoto,No especificado,No especificado,,,,PyTorch,https://torre.ai/jobs/cresta-senior-machine-learning-engineer-asr-voice-experience
Torre.ai,Mercado Internacional (Remoto - USD),CAD,VdLOxJ5w,Senior Machine Learning Engineer (ASR) - Voice Experience,Cresta,Global / Remoto,Remoto,No especificado,No especificado,,,,ETL / Pipelines de Datos,https://torre.ai/jobs/cresta-senior-machine-learning-engineer-asr-voice-experience
Torre.ai,Mercado Internacional (Remoto - USD),CAD,lr418D3W,Senior Machine Learning Engineer,Solidgate,Ukraine,Remoto,No especificado,No especificado,,,,Python,https://torre.ai/jobs/solidgate-senior-machine-learning-engineer
Torre.ai,Mercado Internacional (Remoto - USD),CAD,lr418D3W,Senior Machine Learning Engineer,Solidgate,Ukraine,Remoto,No especificado,No especificado,,,,Machine Learning General,https://torre.ai/jobs/solidgate-senior-machine-learning-engineer
Torre.ai,Mercado Internacional (Remoto - USD),CAD,VdLOPLBw,Head of Machine Learning,Solidgate,Ukraine,Remoto,No especificado,No especificado,,,,Machine Learning General,https://torre.ai/jobs/solidgate-head-of-machine-learning
Torre.ai,Mercado Internacional (Remoto - USD),CAD,VdLOPLBw,Head of Machine Learning,Solidgate,Ukraine,Remoto,No especificado,No especificado,,,,MLOps,https://torre.ai/jobs/solidgate-head-of-machine-learning
Torre.ai,Mercado Internacional (Remoto - USD),CAD,Yd6pl4OW,"Senior Technical Program Manager, Machine Learning Infrastructure",Cohere,Canada,Remoto,No especificado,No especificado,,,,Machine Learning General,https://torre.ai/jobs/cohere-senior-technical-program-manager-machine-learning-infrastructure
Torre.ai,Mercado Internacional (Remoto - USD),CAD,lr4p0ZLr,Machine Learning Intern/Co-Op (Winter 2027),Cohere,"Canada, United States",Remoto,No especificado,No especificado,,,,Python,https://torre.ai/jobs/cohere-machine-learning-internco-op-winter-2027
Torre.ai,Mercado Internacional (Remoto - USD),CAD,lr4p0ZLr,Machine Learning Intern/Co-Op (Winter 2027),Cohere,"Canada, United States",Remoto,No especificado,No especificado,,,,Machine Learning General,https://torre.ai/jobs/cohere-machine-learning-internco-op-winter-2027
Torre.ai,Mercado Internacional (Remoto - USD),CAD,lr4p0ZLr,Machine Learning Intern/Co-Op (Winter 2027),Cohere,"Canada, United States",Remoto,No especificado,No especificado,,,,TensorFlow / Keras,https://torre.ai/jobs/cohere-machine-learning-internco-op-winter-2027
Torre.ai,Mercado Internacional (Remoto - USD),CAD,2W1pN3nr,"Data Annotation Specialist, Data Science",Cohere,Canada,Remoto,No especificado,No especificado,,18560000.0,18.56,Python,https://torre.ai/jobs/cohere-data-annotation-specialist-data-science
Torre.ai,Mercado Internacional (Remoto - USD),CAD,2W1pN3nr,"Data Annotation Specialist, Data Science",Cohere,Canada,Remoto,No especificado,No especificado,,18560000.0,18.56,SQL,https://torre.ai/jobs/cohere-data-annotation-specialist-data-science
Torre.ai,Mercado Internacional (Remoto - USD),CAD,arQjp34W,"Staff Machine Learning Engineer, Gen AI | Voice & Speech",Weave,United States,Remoto,No especificado,No especificado,,,,SQL,https://torre.ai/jobs/weave-staff-machine-learning-engineer-gen-ai-voice-speech
Torre.ai,Mercado Internacional (Remoto - USD),CAD,arQjp34W,"Staff Machine Learning Engineer, Gen AI | Voice & Speech",Weave,United States,Remoto,No especificado,No especificado,,,,AWS,https://torre.ai/jobs/weave-staff-machine-learning-engineer-gen-ai-voice-speech
Torre.ai,Mercado Internacional (Remoto - USD),CAD,arQjp34W,"Staff Machine Learning Engineer, Gen AI | Voice & Speech",Weave,United States,Remoto,No especificado,No especificado,,,,Google Cloud (GCP),https://torre.ai/jobs/weave-staff-machine-learning-engineer-gen-ai-voice-speech
Torre.ai,Mercado Internacional (Remoto - USD),CAD,arQjp34W,"Staff Machine Learning Engineer, Gen AI | Voice & Speech",Weave,United States,Remoto,No especificado,No especificado,,,,Machine Learning General,https://torre.ai/jobs/weave-staff-machine-learning-engineer-gen-ai-voice-speech
Torre.ai,Mercado Internacional (Remoto - USD),CAD,arQjp34W,"Staff Machine Learning Engineer, Gen AI | Voice & Speech",Weave,United States,Remoto,No especificado,No especificado,,,,NLP / LLMs,https://torre.ai/jobs/weave-staff-machine-learning-engineer-gen-ai-voice-speech
Torre.ai,Mercado Internacional (Remoto - USD),CAD,arQjp34W,"Staff Machine Learning Engineer, Gen AI | Voice & Speech",Weave,United States,Remoto,No especificado,No especificado,,,,Docker / Kubernetes,https://torre.ai/jobs/weave-staff-machine-learning-engineer-gen-ai-voice-speech
Torre.ai,Mercado Internacional (Remoto - USD),CAD,arQjp34W,"Staff Machine Learning Engineer, Gen AI | Voice & Speech",Weave,United States,Remoto,No especificado,No especificado,,,,Bases de Datos NoSQL,https://torre.ai/jobs/weave-staff-machine-learning-engineer-gen-ai-voice-speech
Torre.ai,Mercado Internacional (Remoto - USD),CAD,arQjp34W,"Staff Machine Learning Engineer, Gen AI | Voice & Speech",Weave,United States,Remoto,No especificado,No especificado,,,,MLOps,https://torre.ai/jobs/weave-staff-machine-learning-engineer-gen-ai-voice-speech
Torre.ai,Mercado Internacional (Remoto - USD),CAD,qdP9DRbr,Senior Machine Learning Engineer (Remote - LATAM Based),Arionkoder,"Colombia, Argentina",Remoto,No especificado,No especificado,,,,Python,https://torre.ai/jobs/arionkoder-sr-machine-learning-engineer-remote-latam-based
Torre.ai,Mercado Internacional (Remoto - USD),CAD,qdP9DRbr,Senior Machine Learning Engineer (Remote - LATAM Based),Arionkoder,"Colombia, Argentina",Remoto,No especificado,No especificado,,,,AWS,https://torre.ai/jobs/arionkoder-sr-machine-learning-engineer-remote-latam-based
Torre.ai,Mercado Internacional (Remoto - USD),CAD,qdP9DRbr,Senior Machine Learning Engineer (Remote - LATAM Based),Arionkoder,"Colombia, Argentina",Remoto,No especificado,No especificado,,,,Machine Learning General,https://torre.ai/jobs/arionkoder-sr-machine-learning-engineer-remote-latam-based
Torre.ai,Mercado Internacional (Remoto - USD),CAD,qdP9DRbr,Senior Machine Learning Engineer (Remote - LATAM Based),Arionkoder,"Colombia, Argentina",Remoto,No especificado,No especificado,,,,Deep Learning,https://torre.ai/jobs/arionkoder-sr-machine-learning-engineer-remote-latam-based
Torre.ai,Mercado Internacional (Remoto - USD),CAD,qdP9DRbr,Senior Machine Learning Engineer (Remote - LATAM Based),Arionkoder,"Colombia, Argentina",Remoto,No especificado,No especificado,,,,Computer Vision,https://torre.ai/jobs/arionkoder-sr-machine-learning-engineer-remote-latam-based
Torre.ai,Mercado Internacional (Remoto - USD),CAD,qdP9DRbr,Senior Machine Learning Engineer (Remote - LATAM Based),Arionkoder,"Colombia, Argentina",Remoto,No especificado,No especificado,,,,Git / Control de Versiones,https://torre.ai/jobs/arionkoder-sr-machine-learning-engineer-remote-latam-based
Torre.ai,Mercado Internacional (Remoto - USD),CAD,qdP9DRbr,Senior Machine Learning Engineer (Remote - LATAM Based),Arionkoder,"Colombia, Argentina",Remoto,No especificado,No especificado,,,,MLOps,https://torre.ai/jobs/arionkoder-sr-machine-learning-engineer-remote-latam-based
Torre.ai,Mercado Internacional (Remoto - USD),USD,ed8pp3ed,"Research Staff, Data Science",Deepgram,United States,Remoto,No especificado,No especificado,,61666666.666666664,61.666666666666664,Python,https://torre.ai/jobs/deepgram-research-staff-data-science-1
Torre.ai,Mercado Internacional (Remoto - USD),USD,ed8pp3ed,"Research Staff, Data Science",Deepgram,United States,Remoto,No especificado,No especificado,,61666666.666666664,61.666666666666664,Deep Learning,https://torre.ai/jobs/deepgram-research-staff-data-science-1
Torre.ai,Mercado Internacional (Remoto - USD),USD,ed8pp3ed,"Research Staff, Data Science",Deepgram,United States,Remoto,No especificado,No especificado,,61666666.666666664,61.666666666666664,PyTorch,https://torre.ai/jobs/deepgram-research-staff-data-science-1
Torre.ai,Mercado Internacional (Remoto - USD),USD,NrJOOxYW,"Director, Client Data Science",Foodsmart,United States,Remoto,No especificado,No especificado,,68333333.33333333,68.33333333333333,Python,https://torre.ai/jobs/foodsmart-director-client-data-science
Torre.ai,Mercado Internacional (Remoto - USD),USD,NrJOOxYW,"Director, Client Data Science",Foodsmart,United States,Remoto,No especificado,No especificado,,68333333.33333333,68.33333333333333,SQL,https://torre.ai/jobs/foodsmart-director-client-data-science
Torre.ai,Mercado Internacional (Remoto - USD),USD,NrJOOxYW,"Director, Client Data Science",Foodsmart,United States,Remoto,No especificado,No especificado,,68333333.33333333,68.33333333333333,ETL / Pipelines de Datos,https://torre.ai/jobs/foodsmart-director-client-data-science
Torre.ai,Mercado Internacional (Remoto - USD),CAD,VWMqMEBW,Machine Learning Engineer (Remote),StackAdapt,United Kingdom,Remoto,No especificado,No especificado,,,,Python,https://torre.ai/jobs/stackadapt-machine-learning-engineer-remote
Torre.ai,Mercado Internacional (Remoto - USD),CAD,VWMqMEBW,Machine Learning Engineer (Remote),StackAdapt,United Kingdom,Remoto,No especificado,No especificado,,,,Machine Learning General,https://torre.ai/jobs/stackadapt-machine-learning-engineer-remote
Torre.ai,Mercado Internacional (Remoto - USD),CAD,VWMqMEBW,Machine Learning Engineer (Remote),StackAdapt,United Kingdom,Remoto,No especificado,No especificado,,,,ETL / Pipelines de Datos,https://torre.ai/jobs/stackadapt-machine-learning-engineer-remote
Torre.ai,Mercado Internacional (Remoto - USD),USD,JWO8VZ6w,Machine Learning Engineer,AI Talent Hunt,"Canadá, USA",Remoto,No especificado,No especificado,,65833333.33333333,65.83333333333333,Python,https://torre.ai/jobs/ai-talent-hunt-machine-learning-engineer
Torre.ai,Mercado Internacional (Remoto - USD),USD,JWO8VZ6w,Machine Learning Engineer,AI Talent Hunt,"Canadá, USA",Remoto,No especificado,No especificado,,65833333.33333333,65.83333333333333,SQL,https://torre.ai/jobs/ai-talent-hunt-machine-learning-engineer
Torre.ai,Mercado Internacional (Remoto - USD),USD,JWO8VZ6w,Machine Learning Engineer,AI Talent Hunt,"Canadá, USA",Remoto,No especificado,No especificado,,65833333.33333333,65.83333333333333,Machine Learning General,https://torre.ai/jobs/ai-talent-hunt-machine-learning-engineer
Torre.ai,Mercado Internacional (Remoto - USD),USD,JWO8VZ6w,Machine Learning Engineer,AI Talent Hunt,"Canadá, USA",Remoto,No especificado,No especificado,,65833333.33333333,65.83333333333333,ETL / Pipelines de Datos,https://torre.ai/jobs/ai-talent-hunt-machine-learning-engineer
Torre.ai,Mercado Internacional (Remoto - USD),USD,JWO8VZ6w,Machine Learning Engineer,AI Talent Hunt,"Canadá, USA",Remoto,No especificado,No especificado,,65833333.33333333,65.83333333333333,MLOps,https://torre.ai/jobs/ai-talent-hunt-machine-learning-engineer
Torre.ai,Mercado Internacional (Remoto - USD),CAD,Qwe1BDYw,Staff Machine Learning Engineer,SurveyMonkey,Italy,Remoto,No especificado,No especificado,,,,Kafka,https://torre.ai/jobs/surveymonkey-staff-machine-learning-engineer
Torre.ai,Mercado Internacional (Remoto - USD),CAD,Qwe1BDYw,Staff Machine Learning Engineer,SurveyMonkey,Italy,Remoto,No especificado,No especificado,,,,AWS,https://torre.ai/jobs/surveymonkey-staff-machine-learning-engineer
Torre.ai,Mercado Internacional (Remoto - USD),CAD,Qwe1BDYw,Staff Machine Learning Engineer,SurveyMonkey,Italy,Remoto,No especificado,No especificado,,,,Machine Learning General,https://torre.ai/jobs/surveymonkey-staff-machine-learning-engineer
Torre.ai,Mercado Internacional (Remoto - USD),CAD,Qwe1BDYw,Staff Machine Learning Engineer,SurveyMonkey,Italy,Remoto,No especificado,No especificado,,,,NLP / LLMs,https://torre.ai/jobs/surveymonkey-staff-machine-learning-engineer
Torre.ai,Mercado Internacional (Remoto - USD),CAD,Qwe1BDYw,Staff Machine Learning Engineer,SurveyMonkey,Italy,Remoto,No especificado,No especificado,,,,Docker / Kubernetes,https://torre.ai/jobs/surveymonkey-staff-machine-learning-engineer
Torre.ai,Mercado Internacional (Remoto - USD),USD,kWRgx57w,"Staff, Analytics Engineer, GTM Data Science & Analytics",Twilio,United States,Remoto,No especificado,No especificado,,58320000.0,58.32,SQL,https://torre.ai/jobs/twilio-staff-analytics-engineer-gtm-data-science-analytics
Torre.ai,Mercado Internacional (Remoto - USD),USD,kWRgx57w,"Staff, Analytics Engineer, GTM Data Science & Analytics",Twilio,United States,Remoto,No especificado,No especificado,,58320000.0,58.32,ETL / Pipelines de Datos,https://torre.ai/jobs/twilio-staff-analytics-engineer-gtm-data-science-analytics
Torre.ai,Mercado Internacional (Remoto - USD),USD,ZWXzxx1d,"Research Engineer, Machine Learning Systems",Deepgram,United States,Remoto,No especificado,No especificado,,66666666.66666667,66.66666666666667,Machine Learning General,https://torre.ai/jobs/deepgram-research-engineer-machine-learning-systems
Torre.ai,Mercado Internacional (Remoto - USD),USD,ZWXzxx1d,"Research Engineer, Machine Learning Systems",Deepgram,United States,Remoto,No especificado,No especificado,,66666666.66666667,66.66666666666667,Docker / Kubernetes,https://torre.ai/jobs/deepgram-research-engineer-machine-learning-systems
Torre.ai,Mercado Internacional (Remoto - USD),USD,ZWXzxx1d,"Research Engineer, Machine Learning Systems",Deepgram,United States,Remoto,No especificado,No especificado,,66666666.66666667,66.66666666666667,MLOps,https://torre.ai/jobs/deepgram-research-engineer-machine-learning-systems
Torre.ai,Mercado Internacional (Remoto - USD),CAD,lWgD7ayw,AI / Machine Learning Engineer,DevUps,Global / Remoto,Remoto,No especificado,No especificado,,,,Python,https://torre.ai/jobs/devups-ai-machine-learning-engineer
Torre.ai,Mercado Internacional (Remoto - USD),CAD,lWgD7ayw,AI / Machine Learning Engineer,DevUps,Global / Remoto,Remoto,No especificado,No especificado,,,,SQL,https://torre.ai/jobs/devups-ai-machine-learning-engineer
Torre.ai,Mercado Internacional (Remoto - USD),CAD,lWgD7ayw,AI / Machine Learning Engineer,DevUps,Global / Remoto,Remoto,No especificado,No especificado,,,,Spark / PySpark,https://torre.ai/jobs/devups-ai-machine-learning-engineer
Torre.ai,Mercado Internacional (Remoto - USD),CAD,lWgD7ayw,AI / Machine Learning Engineer,DevUps,Global / Remoto,Remoto,No especificado,No especificado,,,,Azure,https://torre.ai/jobs/devups-ai-machine-learning-engineer
Torre.ai,Mercado Internacional (Remoto - USD),CAD,lWgD7ayw,AI / Machine Learning Engineer,DevUps,Global / Remoto,Remoto,No especificado,No especificado,,,,Google Cloud (GCP),https://torre.ai/jobs/devups-ai-machine-learning-engineer
Torre.ai,Mercado Internacional (Remoto - USD),CAD,lWgD7ayw,AI / Machine Learning Engineer,DevUps,Global / Remoto,Remoto,No especificado,No especificado,,,,Machine Learning General,https://torre.ai/jobs/devups-ai-machine-learning-engineer
Torre.ai,Mercado Internacional (Remoto - USD),CAD,lWgD7ayw,AI / Machine Learning Engineer,DevUps,Global / Remoto,Remoto,No especificado,No especificado,,,,TensorFlow / Keras,https://torre.ai/jobs/devups-ai-machine-learning-engineer
Torre.ai,Mercado Internacional (Remoto - USD),CAD,lWgD7ayw,AI / Machine Learning Engineer,DevUps,Global / Remoto,Remoto,No especificado,No especificado,,,,PyTorch,https://torre.ai/jobs/devups-ai-machine-learning-engineer
Torre.ai,Mercado Internacional (Remoto - USD),CAD,lWgD7ayw,AI / Machine Learning Engineer,DevUps,Global / Remoto,Remoto,No especificado,No especificado,,,,ETL / Pipelines de Datos,https://torre.ai/jobs/devups-ai-machine-learning-engineer
Torre.ai,Mercado Internacional (Remoto - USD),CAD,lWgD7ayw,AI / Machine Learning Engineer,DevUps,Global / Remoto,Remoto,No especificado,No especificado,,,,Docker / Kubernetes,https://torre.ai/jobs/devups-ai-machine-learning-engineer
Torre.ai,Mercado Internacional (Remoto - USD),CAD,lWgD7ayw,AI / Machine Learning Engineer,DevUps,Global / Remoto,Remoto,No especificado,No especificado,,,,MLOps,https://torre.ai/jobs/devups-ai-machine-learning-engineer
Torre.ai,Mercado Internacional (Remoto - USD),CAD,ZW57GXpd,Machine Learning Engineer (GCP Certified),DevUps,Global / Remoto,Remoto,No especificado,No especificado,,,,Python,https://torre.ai/jobs/devups-machine-learning-engineer-gcp-certified
Torre.ai,Mercado Internacional (Remoto - USD),CAD,ZW57GXpd,Machine Learning Engineer (GCP Certified),DevUps,Global / Remoto,Remoto,No especificado,No especificado,,,,SQL,https://torre.ai/jobs/devups-machine-learning-engineer-gcp-certified
Torre.ai,Mercado Internacional (Remoto - USD),CAD,ZW57GXpd,Machine Learning Engineer (GCP Certified),DevUps,Global / Remoto,Remoto,No especificado,No especificado,,,,Google Cloud (GCP),https://torre.ai/jobs/devups-machine-learning-engineer-gcp-certified
Torre.ai,Mercado Internacional (Remoto - USD),CAD,ZW57GXpd,Machine Learning Engineer (GCP Certified),DevUps,Global / Remoto,Remoto,No especificado,No especificado,,,,Machine Learning General,https://torre.ai/jobs/devups-machine-learning-engineer-gcp-certified
Torre.ai,Mercado Internacional (Remoto - USD),CAD,ZW57GXpd,Machine Learning Engineer (GCP Certified),DevUps,Global / Remoto,Remoto,No especificado,No especificado,,,,NLP / LLMs,https://torre.ai/jobs/devups-machine-learning-engineer-gcp-certified
Torre.ai,Mercado Internacional (Remoto - USD),CAD,ZW57GXpd,Machine Learning Engineer (GCP Certified),DevUps,Global / Remoto,Remoto,No especificado,No especificado,,,,Computer Vision,https://torre.ai/jobs/devups-machine-learning-engineer-gcp-certified
Torre.ai,Mercado Internacional (Remoto - USD),CAD,ZW57GXpd,Machine Learning Engineer (GCP Certified),DevUps,Global / Remoto,Remoto,No especificado,No especificado,,,,Scikit-Learn,https://torre.ai/jobs/devups-machine-learning-engineer-gcp-certified
Torre.ai,Mercado Internacional (Remoto - USD),CAD,ZW57GXpd,Machine Learning Engineer (GCP Certified),DevUps,Global / Remoto,Remoto,No especificado,No especificado,,,,TensorFlow / Keras,https://torre.ai/jobs/devups-machine-learning-engineer-gcp-certified
Torre.ai,Mercado Internacional (Remoto - USD),CAD,ZW57GXpd,Machine Learning Engineer (GCP Certified),DevUps,Global / Remoto,Remoto,No especificado,No especificado,,,,PyTorch,https://torre.ai/jobs/devups-machine-learning-engineer-gcp-certified
Torre.ai,Mercado Internacional (Remoto - USD),CAD,ZW57GXpd,Machine Learning Engineer (GCP Certified),DevUps,Global / Remoto,Remoto,No especificado,No especificado,,,,ETL / Pipelines de Datos,https://torre.ai/jobs/devups-machine-learning-engineer-gcp-certified
Torre.ai,Mercado Internacional (Remoto - USD),CAD,ZW57GXpd,Machine Learning Engineer (GCP Certified),DevUps,Global / Remoto,Remoto,No especificado,No especificado,,,,Docker / Kubernetes,https://torre.ai/jobs/devups-machine-learning-engineer-gcp-certified
Torre.ai,Mercado Internacional (Remoto - USD),CAD,ZW57GXpd,Machine Learning Engineer (GCP Certified),DevUps,Global / Remoto,Remoto,No especificado,No especificado,,,,Bases de Datos NoSQL,https://torre.ai/jobs/devups-machine-learning-engineer-gcp-certified
Torre.ai,Mercado Internacional (Remoto - USD),CAD,ZW57GXpd,Machine Learning Engineer (GCP Certified),DevUps,Global / Remoto,Remoto,No especificado,No especificado,,,,MLOps,https://torre.ai/jobs/devups-machine-learning-engineer-gcp-certified
Torre.ai,Mercado Internacional (Remoto - USD),CAD,OwGo7A6w,"Senior Machine Learning Engineer, Ads",Quora,Global / Remoto,Remoto,No especificado,No especificado,,,,Python,https://torre.ai/jobs/quora-senior-machine-learning-engineer-ads
Torre.ai,Mercado Internacional (Remoto - USD),CAD,OwGo7A6w,"Senior Machine Learning Engineer, Ads",Quora,Global / Remoto,Remoto,No especificado,No especificado,,,,Machine Learning General,https://torre.ai/jobs/quora-senior-machine-learning-engineer-ads
Torre.ai,Mercado Internacional (Remoto - USD),CAD,OwGo7A6w,"Senior Machine Learning Engineer, Ads",Quora,Global / Remoto,Remoto,No especificado,No especificado,,,,TensorFlow / Keras,https://torre.ai/jobs/quora-senior-machine-learning-engineer-ads
Torre.ai,Mercado Internacional (Remoto - USD),CAD,OwGo7A6w,"Senior Machine Learning Engineer, Ads",Quora,Global / Remoto,Remoto,No especificado,No especificado,,,,PyTorch,https://torre.ai/jobs/quora-senior-machine-learning-engineer-ads
Torre.ai,Mercado Internacional (Remoto - USD),CAD,KWN18x8r,Senior Data Science Evaluation Specialist (5+ Yrs Exp),Mercor,Global / Remoto,Remoto,No especificado,No especificado,,,,Python,https://torre.ai/jobs/mercor-senior-data-science-evaluation-specialist-5-yrs-exp
Torre.ai,Mercado Internacional (Remoto - USD),CAD,KWN18x8r,Senior Data Science Evaluation Specialist (5+ Yrs Exp),Mercor,Global / Remoto,Remoto,No especificado,No especificado,,,,SQL,https://torre.ai/jobs/mercor-senior-data-science-evaluation-specialist-5-yrs-exp
Torre.ai,Mercado Internacional (Remoto - USD),CAD,qdPDK3Ad,"Staff Machine Learning Research Scientist (NLP, Clinical AI)",Rad AI,United States,Remoto,No especificado,No especificado,,,,Machine Learning General,https://torre.ai/jobs/rad-ai-staff-machine-learning-research-scientist-nlp-clinical-ai
Torre.ai,Mercado Internacional (Remoto - USD),CAD,qdPDK3Ad,"Staff Machine Learning Research Scientist (NLP, Clinical AI)",Rad AI,United States,Remoto,No especificado,No especificado,,,,NLP / LLMs,https://torre.ai/jobs/rad-ai-staff-machine-learning-research-scientist-nlp-clinical-ai
Torre.ai,Mercado Internacional (Remoto - USD),CAD,qdPDK3Ad,"Staff Machine Learning Research Scientist (NLP, Clinical AI)",Rad AI,United States,Remoto,No especificado,No especificado,,,,Computer Vision,https://torre.ai/jobs/rad-ai-staff-machine-learning-research-scientist-nlp-clinical-ai
Torre.ai,Mercado Internacional (Remoto - USD),CAD,qdPDK3Ad,"Staff Machine Learning Research Scientist (NLP, Clinical AI)",Rad AI,United States,Remoto,No especificado,No especificado,,,,PyTorch,https://torre.ai/jobs/rad-ai-staff-machine-learning-research-scientist-nlp-clinical-ai
Torre.ai,Mercado Internacional (Remoto - USD),CAD,VdLOxJ5w,Senior Machine Learning Engineer (ASR) - Voice Experience,Cresta,Global / Remoto,Remoto,No especificado,No especificado,,,,Machine Learning General,https://torre.ai/jobs/cresta-senior-machine-learning-engineer-asr-voice-experience
Torre.ai,Mercado Internacional (Remoto - USD),CAD,VdLOxJ5w,Senior Machine Learning Engineer (ASR) - Voice Experience,Cresta,Global / Remoto,Remoto,No especificado,No especificado,,,,NLP / LLMs,https://torre.ai/jobs/cresta-senior-machine-learning-engineer-asr-voice-experience
Torre.ai,Mercado Internacional (Remoto - USD),CAD,VdLOxJ5w,Senior Machine Learning Engineer (ASR) - Voice Experience,Cresta,Global / Remoto,Remoto,No especificado,No especificado,,,,TensorFlow / Keras,https://torre.ai/jobs/cresta-senior-machine-learning-engineer-asr-voice-experience
Torre.ai,Mercado Internacional (Remoto - USD),CAD,VdLOxJ5w,Senior Machine Learning Engineer (ASR) - Voice Experience,Cresta,Global / Remoto,Remoto,No especificado,No especificado,,,,PyTorch,https://torre.ai/jobs/cresta-senior-machine-learning-engineer-asr-voice-experience
Torre.ai,Mercado Internacional (Remoto - USD),CAD,VdLOxJ5w,Senior Machine Learning Engineer (ASR) - Voice Experience,Cresta,Global / Remoto,Remoto,No especificado,No especificado,,,,ETL / Pipelines de Datos,https://torre.ai/jobs/cresta-senior-machine-learning-engineer-asr-voice-experience
Torre.ai,Mercado Internacional (Remoto - USD),CAD,lr418D3W,Senior Machine Learning Engineer,Solidgate,Ukraine,Remoto,No especificado,No especificado,,,,Python,https://torre.ai/jobs/solidgate-senior-machine-learning-engineer
Torre.ai,Mercado Internacional (Remoto - USD),CAD,lr418D3W,Senior Machine Learning Engineer,Solidgate,Ukraine,Remoto,No especificado,No especificado,,,,Machine Learning General,https://torre.ai/jobs/solidgate-senior-machine-learning-engineer
Torre.ai,Mercado Internacional (Remoto - USD),CAD,VdLOPLBw,Head of Machine Learning,Solidgate,Ukraine,Remoto,No especificado,No especificado,,,,Machine Learning General,https://torre.ai/jobs/solidgate-head-of-machine-learning
Torre.ai,Mercado Internacional (Remoto - USD),CAD,VdLOPLBw,Head of Machine Learning,Solidgate,Ukraine,Remoto,No especificado,No especificado,,,,MLOps,https://torre.ai/jobs/solidgate-head-of-machine-learning
Torre.ai,Mercado Internacional (Remoto - USD),CAD,Yd6pl4OW,"Senior Technical Program Manager, Machine Learning Infrastructure",Cohere,Canada,Remoto,No especificado,No especificado,,,,Machine Learning General,https://torre.ai/jobs/cohere-senior-technical-program-manager-machine-learning-infrastructure
Torre.ai,Mercado Internacional (Remoto - USD),CAD,lr4p0ZLr,Machine Learning Intern/Co-Op (Winter 2027),Cohere,"Canada, United States",Remoto,No especificado,No especificado,,,,Python,https://torre.ai/jobs/cohere-machine-learning-internco-op-winter-2027
Torre.ai,Mercado Internacional (Remoto - USD),CAD,lr4p0ZLr,Machine Learning Intern/Co-Op (Winter 2027),Cohere,"Canada, United States",Remoto,No especificado,No especificado,,,,Machine Learning General,https://torre.ai/jobs/cohere-machine-learning-internco-op-winter-2027
Torre.ai,Mercado Internacional (Remoto - USD),CAD,lr4p0ZLr,Machine Learning Intern/Co-Op (Winter 2027),Cohere,"Canada, United States",Remoto,No especificado,No especificado,,,,TensorFlow / Keras,https://torre.ai/jobs/cohere-machine-learning-internco-op-winter-2027
Torre.ai,Mercado Internacional (Remoto - USD),CAD,2W1pN3nr,"Data Annotation Specialist, Data Science",Cohere,Canada,Remoto,No especificado,No especificado,,18560000.0,18.56,Python,https://torre.ai/jobs/cohere-data-annotation-specialist-data-science
Torre.ai,Mercado Internacional (Remoto - USD),CAD,2W1pN3nr,"Data Annotation Specialist, Data Science",Cohere,Canada,Remoto,No especificado,No especificado,,18560000.0,18.56,SQL,https://torre.ai/jobs/cohere-data-annotation-specialist-data-science
Torre.ai,Mercado Internacional (Remoto - USD),CAD,arQjp34W,"Staff Machine Learning Engineer, Gen AI | Voice & Speech",Weave,United States,Remoto,No especificado,No especificado,,,,SQL,https://torre.ai/jobs/weave-staff-machine-learning-engineer-gen-ai-voice-speech
Torre.ai,Mercado Internacional (Remoto - USD),CAD,arQjp34W,"Staff Machine Learning Engineer, Gen AI | Voice & Speech",Weave,United States,Remoto,No especificado,No especificado,,,,AWS,https://torre.ai/jobs/weave-staff-machine-learning-engineer-gen-ai-voice-speech
Torre.ai,Mercado Internacional (Remoto - USD),CAD,arQjp34W,"Staff Machine Learning Engineer, Gen AI | Voice & Speech",Weave,United States,Remoto,No especificado,No especificado,,,,Google Cloud (GCP),https://torre.ai/jobs/weave-staff-machine-learning-engineer-gen-ai-voice-speech
Torre.ai,Mercado Internacional (Remoto - USD),CAD,arQjp34W,"Staff Machine Learning Engineer, Gen AI | Voice & Speech",Weave,United States,Remoto,No especificado,No especificado,,,,Machine Learning General,https://torre.ai/jobs/weave-staff-machine-learning-engineer-gen-ai-voice-speech
Torre.ai,Mercado Internacional (Remoto - USD),CAD,arQjp34W,"Staff Machine Learning Engineer, Gen AI | Voice & Speech",Weave,United States,Remoto,No especificado,No especificado,,,,NLP / LLMs,https://torre.ai/jobs/weave-staff-machine-learning-engineer-gen-ai-voice-speech
Torre.ai,Mercado Internacional (Remoto - USD),CAD,arQjp34W,"Staff Machine Learning Engineer, Gen AI | Voice & Speech",Weave,United States,Remoto,No especificado,No especificado,,,,Docker / Kubernetes,https://torre.ai/jobs/weave-staff-machine-learning-engineer-gen-ai-voice-speech
Torre.ai,Mercado Internacional (Remoto - USD),CAD,arQjp34W,"Staff Machine Learning Engineer, Gen AI | Voice & Speech",Weave,United States,Remoto,No especificado,No especificado,,,,Bases de Datos NoSQL,https://torre.ai/jobs/weave-staff-machine-learning-engineer-gen-ai-voice-speech
Torre.ai,Mercado Internacional (Remoto - USD),CAD,arQjp34W,"Staff Machine Learning Engineer, Gen AI | Voice & Speech",Weave,United States,Remoto,No especificado,No especificado,,,,MLOps,https://torre.ai/jobs/weave-staff-machine-learning-engineer-gen-ai-voice-speech
Torre.ai,Mercado Internacional (Remoto - USD),CAD,qdP9DRbr,Senior Machine Learning Engineer (Remote - LATAM Based),Arionkoder,"Colombia, Argentina",Remoto,No especificado,No especificado,,,,Python,https://torre.ai/jobs/arionkoder-sr-machine-learning-engineer-remote-latam-based
Torre.ai,Mercado Internacional (Remoto - USD),CAD,qdP9DRbr,Senior Machine Learning Engineer (Remote - LATAM Based),Arionkoder,"Colombia, Argentina",Remoto,No especificado,No especificado,,,,AWS,https://torre.ai/jobs/arionkoder-sr-machine-learning-engineer-remote-latam-based
Torre.ai,Mercado Internacional (Remoto - USD),CAD,qdP9DRbr,Senior Machine Learning Engineer (Remote - LATAM Based),Arionkoder,"Colombia, Argentina",Remoto,No especificado,No especificado,,,,Machine Learning General,https://torre.ai/jobs/arionkoder-sr-machine-learning-engineer-remote-latam-based
Torre.ai,Mercado Internacional (Remoto - USD),CAD,qdP9DRbr,Senior Machine Learning Engineer (Remote - LATAM Based),Arionkoder,"Colombia, Argentina",Remoto,No especificado,No especificado,,,,Deep Learning,https://torre.ai/jobs/arionkoder-sr-machine-learning-engineer-remote-latam-based
Torre.ai,Mercado Internacional (Remoto - USD),CAD,qdP9DRbr,Senior Machine Learning Engineer (Remote - LATAM Based),Arionkoder,"Colombia, Argentina",Remoto,No especificado,No especificado,,,,Computer Vision,https://torre.ai/jobs/arionkoder-sr-machine-learning-engineer-remote-latam-based
Torre.ai,Mercado Internacional (Remoto - USD),CAD,qdP9DRbr,Senior Machine Learning Engineer (Remote - LATAM Based),Arionkoder,"Colombia, Argentina",Remoto,No especificado,No especificado,,,,Git / Control de Versiones,https://torre.ai/jobs/arionkoder-sr-machine-learning-engineer-remote-latam-based
Torre.ai,Mercado Internacional (Remoto - USD),CAD,qdP9DRbr,Senior Machine Learning Engineer (Remote - LATAM Based),Arionkoder,"Colombia, Argentina",Remoto,No especificado,No especificado,,,,MLOps,https://torre.ai/jobs/arionkoder-sr-machine-learning-engineer-remote-latam-based
Torre.ai,Mercado Internacional (Remoto - USD),USD,ed8pp3ed,"Research Staff, Data Science",Deepgram,United States,Remoto,No especificado,No especificado,,61666666.666666664,61.666666666666664,Python,https://torre.ai/jobs/deepgram-research-staff-data-science-1
Torre.ai,Mercado Internacional (Remoto - USD),USD,ed8pp3ed,"Research Staff, Data Science",Deepgram,United States,Remoto,No especificado,No especificado,,61666666.666666664,61.666666666666664,Deep Learning,https://torre.ai/jobs/deepgram-research-staff-data-science-1
Torre.ai,Mercado Internacional (Remoto - USD),USD,ed8pp3ed,"Research Staff, Data Science",Deepgram,United States,Remoto,No especificado,No especificado,,61666666.666666664,61.666666666666664,PyTorch,https://torre.ai/jobs/deepgram-research-staff-data-science-1
Torre.ai,Mercado Internacional (Remoto - USD),USD,NrJOOxYW,"Director, Client Data Science",Foodsmart,United States,Remoto,No especificado,No especificado,,68333333.33333333,68.33333333333333,Python,https://torre.ai/jobs/foodsmart-director-client-data-science
Torre.ai,Mercado Internacional (Remoto - USD),USD,NrJOOxYW,"Director, Client Data Science",Foodsmart,United States,Remoto,No especificado,No especificado,,68333333.33333333,68.33333333333333,SQL,https://torre.ai/jobs/foodsmart-director-client-data-science
Torre.ai,Mercado Internacional (Remoto - USD),USD,NrJOOxYW,"Director, Client Data Science",Foodsmart,United States,Remoto,No especificado,No especificado,,68333333.33333333,68.33333333333333,ETL / Pipelines de Datos,https://torre.ai/jobs/foodsmart-director-client-data-science
Torre.ai,Mercado Internacional (Remoto - USD),CAD,VWMqMEBW,Machine Learning Engineer (Remote),StackAdapt,United Kingdom,Remoto,No especificado,No especificado,,,,Python,https://torre.ai/jobs/stackadapt-machine-learning-engineer-remote
Torre.ai,Mercado Internacional (Remoto - USD),CAD,VWMqMEBW,Machine Learning Engineer (Remote),StackAdapt,United Kingdom,Remoto,No especificado,No especificado,,,,Machine Learning General,https://torre.ai/jobs/stackadapt-machine-learning-engineer-remote
Torre.ai,Mercado Internacional (Remoto - USD),CAD,VWMqMEBW,Machine Learning Engineer (Remote),StackAdapt,United Kingdom,Remoto,No especificado,No especificado,,,,ETL / Pipelines de Datos,https://torre.ai/jobs/stackadapt-machine-learning-engineer-remote
Torre.ai,Mercado Internacional (Remoto - USD),USD,JWO8VZ6w,Machine Learning Engineer,AI Talent Hunt,"Canadá, USA",Remoto,No especificado,No especificado,,65833333.33333333,65.83333333333333,Python,https://torre.ai/jobs/ai-talent-hunt-machine-learning-engineer
Torre.ai,Mercado Internacional (Remoto - USD),USD,JWO8VZ6w,Machine Learning Engineer,AI Talent Hunt,"Canadá, USA",Remoto,No especificado,No especificado,,65833333.33333333,65.83333333333333,SQL,https://torre.ai/jobs/ai-talent-hunt-machine-learning-engineer
Torre.ai,Mercado Internacional (Remoto - USD),USD,JWO8VZ6w,Machine Learning Engineer,AI Talent Hunt,"Canadá, USA",Remoto,No especificado,No especificado,,65833333.33333333,65.83333333333333,Machine Learning General,https://torre.ai/jobs/ai-talent-hunt-machine-learning-engineer
Torre.ai,Mercado Internacional (Remoto - USD),USD,JWO8VZ6w,Machine Learning Engineer,AI Talent Hunt,"Canadá, USA",Remoto,No especificado,No especificado,,65833333.33333333,65.83333333333333,ETL / Pipelines de Datos,https://torre.ai/jobs/ai-talent-hunt-machine-learning-engineer
Torre.ai,Mercado Internacional (Remoto - USD),USD,JWO8VZ6w,Machine Learning Engineer,AI Talent Hunt,"Canadá, USA",Remoto,No especificado,No especificado,,65833333.33333333,65.83333333333333,MLOps,https://torre.ai/jobs/ai-talent-hunt-machine-learning-engineer
Torre.ai,Mercado Internacional (Remoto - USD),CAD,Qwe1BDYw,Staff Machine Learning Engineer,SurveyMonkey,Italy,Remoto,No especificado,No especificado,,,,Kafka,https://torre.ai/jobs/surveymonkey-staff-machine-learning-engineer
Torre.ai,Mercado Internacional (Remoto - USD),CAD,Qwe1BDYw,Staff Machine Learning Engineer,SurveyMonkey,Italy,Remoto,No especificado,No especificado,,,,AWS,https://torre.ai/jobs/surveymonkey-staff-machine-learning-engineer
Torre.ai,Mercado Internacional (Remoto - USD),CAD,Qwe1BDYw,Staff Machine Learning Engineer,SurveyMonkey,Italy,Remoto,No especificado,No especificado,,,,Machine Learning General,https://torre.ai/jobs/surveymonkey-staff-machine-learning-engineer
Torre.ai,Mercado Internacional (Remoto - USD),CAD,Qwe1BDYw,Staff Machine Learning Engineer,SurveyMonkey,Italy,Remoto,No especificado,No especificado,,,,NLP / LLMs,https://torre.ai/jobs/surveymonkey-staff-machine-learning-engineer
Torre.ai,Mercado Internacional (Remoto - USD),CAD,Qwe1BDYw,Staff Machine Learning Engineer,SurveyMonkey,Italy,Remoto,No especificado,No especificado,,,,Docker / Kubernetes,https://torre.ai/jobs/surveymonkey-staff-machine-learning-engineer
Torre.ai,Mercado Internacional (Remoto - USD),USD,kWRgx57w,"Staff, Analytics Engineer, GTM Data Science & Analytics",Twilio,United States,Remoto,No especificado,No especificado,,58320000.0,58.32,SQL,https://torre.ai/jobs/twilio-staff-analytics-engineer-gtm-data-science-analytics
Torre.ai,Mercado Internacional (Remoto - USD),USD,kWRgx57w,"Staff, Analytics Engineer, GTM Data Science & Analytics",Twilio,United States,Remoto,No especificado,No especificado,,58320000.0,58.32,ETL / Pipelines de Datos,https://torre.ai/jobs/twilio-staff-analytics-engineer-gtm-data-science-analytics
Torre.ai,Mercado Internacional (Remoto - USD),USD,ZWXzxx1d,"Research Engineer, Machine Learning Systems",Deepgram,United States,Remoto,No especificado,No especificado,,66666666.66666667,66.66666666666667,Machine Learning General,https://torre.ai/jobs/deepgram-research-engineer-machine-learning-systems
Torre.ai,Mercado Internacional (Remoto - USD),USD,ZWXzxx1d,"Research Engineer, Machine Learning Systems",Deepgram,United States,Remoto,No especificado,No especificado,,66666666.66666667,66.66666666666667,Docker / Kubernetes,https://torre.ai/jobs/deepgram-research-engineer-machine-learning-systems
Torre.ai,Mercado Internacional (Remoto - USD),USD,ZWXzxx1d,"Research Engineer, Machine Learning Systems",Deepgram,United States,Remoto,No especificado,No especificado,,66666666.66666667,66.66666666666667,MLOps,https://torre.ai/jobs/deepgram-research-engineer-machine-learning-systems
Torre.ai,Mercado Internacional (Remoto - USD),CAD,lWgD7ayw,AI / Machine Learning Engineer,DevUps,Global / Remoto,Remoto,No especificado,No especificado,,,,Python,https://torre.ai/jobs/devups-ai-machine-learning-engineer
Torre.ai,Mercado Internacional (Remoto - USD),CAD,lWgD7ayw,AI / Machine Learning Engineer,DevUps,Global / Remoto,Remoto,No especificado,No especificado,,,,SQL,https://torre.ai/jobs/devups-ai-machine-learning-engineer
Torre.ai,Mercado Internacional (Remoto - USD),CAD,lWgD7ayw,AI / Machine Learning Engineer,DevUps,Global / Remoto,Remoto,No especificado,No especificado,,,,Spark / PySpark,https://torre.ai/jobs/devups-ai-machine-learning-engineer
Torre.ai,Mercado Internacional (Remoto - USD),CAD,lWgD7ayw,AI / Machine Learning Engineer,DevUps,Global / Remoto,Remoto,No especificado,No especificado,,,,Azure,https://torre.ai/jobs/devups-ai-machine-learning-engineer
Torre.ai,Mercado Internacional (Remoto - USD),CAD,lWgD7ayw,AI / Machine Learning Engineer,DevUps,Global / Remoto,Remoto,No especificado,No especificado,,,,Google Cloud (GCP),https://torre.ai/jobs/devups-ai-machine-learning-engineer
Torre.ai,Mercado Internacional (Remoto - USD),CAD,lWgD7ayw,AI / Machine Learning Engineer,DevUps,Global / Remoto,Remoto,No especificado,No especificado,,,,Machine Learning General,https://torre.ai/jobs/devups-ai-machine-learning-engineer
Torre.ai,Mercado Internacional (Remoto - USD),CAD,lWgD7ayw,AI / Machine Learning Engineer,DevUps,Global / Remoto,Remoto,No especificado,No especificado,,,,TensorFlow / Keras,https://torre.ai/jobs/devups-ai-machine-learning-engineer
Torre.ai,Mercado Internacional (Remoto - USD),CAD,lWgD7ayw,AI / Machine Learning Engineer,DevUps,Global / Remoto,Remoto,No especificado,No especificado,,,,PyTorch,https://torre.ai/jobs/devups-ai-machine-learning-engineer
Torre.ai,Mercado Internacional (Remoto - USD),CAD,lWgD7ayw,AI / Machine Learning Engineer,DevUps,Global / Remoto,Remoto,No especificado,No especificado,,,,ETL / Pipelines de Datos,https://torre.ai/jobs/devups-ai-machine-learning-engineer
Torre.ai,Mercado Internacional (Remoto - USD),CAD,lWgD7ayw,AI / Machine Learning Engineer,DevUps,Global / Remoto,Remoto,No especificado,No especificado,,,,Docker / Kubernetes,https://torre.ai/jobs/devups-ai-machine-learning-engineer
Torre.ai,Mercado Internacional (Remoto - USD),CAD,lWgD7ayw,AI / Machine Learning Engineer,DevUps,Global / Remoto,Remoto,No especificado,No especificado,,,,MLOps,https://torre.ai/jobs/devups-ai-machine-learning-engineer
Torre.ai,Mercado Internacional (Remoto - USD),CAD,ZW57GXpd,Machine Learning Engineer (GCP Certified),DevUps,Global / Remoto,Remoto,No especificado,No especificado,,,,Python,https://torre.ai/jobs/devups-machine-learning-engineer-gcp-certified
Torre.ai,Mercado Internacional (Remoto - USD),CAD,ZW57GXpd,Machine Learning Engineer (GCP Certified),DevUps,Global / Remoto,Remoto,No especificado,No especificado,,,,SQL,https://torre.ai/jobs/devups-machine-learning-engineer-gcp-certified
Torre.ai,Mercado Internacional (Remoto - USD),CAD,ZW57GXpd,Machine Learning Engineer (GCP Certified),DevUps,Global / Remoto,Remoto,No especificado,No especificado,,,,Google Cloud (GCP),https://torre.ai/jobs/devups-machine-learning-engineer-gcp-certified
Torre.ai,Mercado Internacional (Remoto - USD),CAD,ZW57GXpd,Machine Learning Engineer (GCP Certified),DevUps,Global / Remoto,Remoto,No especificado,No especificado,,,,Machine Learning General,https://torre.ai/jobs/devups-machine-learning-engineer-gcp-certified
Torre.ai,Mercado Internacional (Remoto - USD),CAD,ZW57GXpd,Machine Learning Engineer (GCP Certified),DevUps,Global / Remoto,Remoto,No especificado,No especificado,,,,NLP / LLMs,https://torre.ai/jobs/devups-machine-learning-engineer-gcp-certified
Torre.ai,Mercado Internacional (Remoto - USD),CAD,ZW57GXpd,Machine Learning Engineer (GCP Certified),DevUps,Global / Remoto,Remoto,No especificado,No especificado,,,,Computer Vision,https://torre.ai/jobs/devups-machine-learning-engineer-gcp-certified
Torre.ai,Mercado Internacional (Remoto - USD),CAD,ZW57GXpd,Machine Learning Engineer (GCP Certified),DevUps,Global / Remoto,Remoto,No especificado,No especificado,,,,Scikit-Learn,https://torre.ai/jobs/devups-machine-learning-engineer-gcp-certified
Torre.ai,Mercado Internacional (Remoto - USD),CAD,ZW57GXpd,Machine Learning Engineer (GCP Certified),DevUps,Global / Remoto,Remoto,No especificado,No especificado,,,,TensorFlow / Keras,https://torre.ai/jobs/devups-machine-learning-engineer-gcp-certified
Torre.ai,Mercado Internacional (Remoto - USD),CAD,ZW57GXpd,Machine Learning Engineer (GCP Certified),DevUps,Global / Remoto,Remoto,No especificado,No especificado,,,,PyTorch,https://torre.ai/jobs/devups-machine-learning-engineer-gcp-certified
Torre.ai,Mercado Internacional (Remoto - USD),CAD,ZW57GXpd,Machine Learning Engineer (GCP Certified),DevUps,Global / Remoto,Remoto,No especificado,No especificado,,,,ETL / Pipelines de Datos,https://torre.ai/jobs/devups-machine-learning-engineer-gcp-certified
Torre.ai,Mercado Internacional (Remoto - USD),CAD,ZW57GXpd,Machine Learning Engineer (GCP Certified),DevUps,Global / Remoto,Remoto,No especificado,No especificado,,,,Docker / Kubernetes,https://torre.ai/jobs/devups-machine-learning-engineer-gcp-certified
Torre.ai,Mercado Internacional (Remoto - USD),CAD,ZW57GXpd,Machine Learning Engineer (GCP Certified),DevUps,Global / Remoto,Remoto,No especificado,No especificado,,,,Bases de Datos NoSQL,https://torre.ai/jobs/devups-machine-learning-engineer-gcp-certified
Torre.ai,Mercado Internacional (Remoto - USD),CAD,ZW57GXpd,Machine Learning Engineer (GCP Certified),DevUps,Global / Remoto,Remoto,No especificado,No especificado,,,,MLOps,https://torre.ai/jobs/devups-machine-learning-engineer-gcp-certified
Torre.ai,Mercado Internacional (Remoto - USD),CAD,OwGo7A6w,"Senior Machine Learning Engineer, Ads",Quora,Global / Remoto,Remoto,No especificado,No especificado,,,,Python,https://torre.ai/jobs/quora-senior-machine-learning-engineer-ads
Torre.ai,Mercado Internacional (Remoto - USD),CAD,OwGo7A6w,"Senior Machine Learning Engineer, Ads",Quora,Global / Remoto,Remoto,No especificado,No especificado,,,,Machine Learning General,https://torre.ai/jobs/quora-senior-machine-learning-engineer-ads
Torre.ai,Mercado Internacional (Remoto - USD),CAD,OwGo7A6w,"Senior Machine Learning Engineer, Ads",Quora,Global / Remoto,Remoto,No especificado,No especificado,,,,TensorFlow / Keras,https://torre.ai/jobs/quora-senior-machine-learning-engineer-ads
Torre.ai,Mercado Internacional (Remoto - USD),CAD,OwGo7A6w,"Senior Machine Learning Engineer, Ads",Quora,Global / Remoto,Remoto,No especificado,No especificado,,,,PyTorch,https://torre.ai/jobs/quora-senior-machine-learning-engineer-ads
Torre.ai,Mercado Internacional (Remoto - USD),CAD,KWN18x8r,Senior Data Science Evaluation Specialist (5+ Yrs Exp),Mercor,Global / Remoto,Remoto,No especificado,No especificado,,,,Python,https://torre.ai/jobs/mercor-senior-data-science-evaluation-specialist-5-yrs-exp
Torre.ai,Mercado Internacional (Remoto - USD),CAD,KWN18x8r,Senior Data Science Evaluation Specialist (5+ Yrs Exp),Mercor,Global / Remoto,Remoto,No especificado,No especificado,,,,SQL,https://torre.ai/jobs/mercor-senior-data-science-evaluation-specialist-5-yrs-exp
Torre.ai,Mercado Internacional (Remoto - USD),CAD,qdPDK3Ad,"Staff Machine Learning Research Scientist (NLP, Clinical AI)",Rad AI,United States,Remoto,No especificado,No especificado,,,,Machine Learning General,https://torre.ai/jobs/rad-ai-staff-machine-learning-research-scientist-nlp-clinical-ai
Torre.ai,Mercado Internacional (Remoto - USD),CAD,qdPDK3Ad,"Staff Machine Learning Research Scientist (NLP, Clinical AI)",Rad AI,United States,Remoto,No especificado,No especificado,,,,NLP / LLMs,https://torre.ai/jobs/rad-ai-staff-machine-learning-research-scientist-nlp-clinical-ai
Torre.ai,Mercado Internacional (Remoto - USD),CAD,qdPDK3Ad,"Staff Machine Learning Research Scientist (NLP, Clinical AI)",Rad AI,United States,Remoto,No especificado,No especificado,,,,Computer Vision,https://torre.ai/jobs/rad-ai-staff-machine-learning-research-scientist-nlp-clinical-ai
Torre.ai,Mercado Internacional (Remoto - USD),CAD,qdPDK3Ad,"Staff Machine Learning Research Scientist (NLP, Clinical AI)",Rad AI,United States,Remoto,No especificado,No especificado,,,,PyTorch,https://torre.ai/jobs/rad-ai-staff-machine-learning-research-scientist-nlp-clinical-ai
Torre.ai,Mercado Internacional (Remoto - USD),CAD,VdLOxJ5w,Senior Machine Learning Engineer (ASR) - Voice Experience,Cresta,Global / Remoto,Remoto,No especificado,No especificado,,,,Machine Learning General,https://torre.ai/jobs/cresta-senior-machine-learning-engineer-asr-voice-experience
Torre.ai,Mercado Internacional (Remoto - USD),CAD,VdLOxJ5w,Senior Machine Learning Engineer (ASR) - Voice Experience,Cresta,Global / Remoto,Remoto,No especificado,No especificado,,,,NLP / LLMs,https://torre.ai/jobs/cresta-senior-machine-learning-engineer-asr-voice-experience
Torre.ai,Mercado Internacional (Remoto - USD),CAD,VdLOxJ5w,Senior Machine Learning Engineer (ASR) - Voice Experience,Cresta,Global / Remoto,Remoto,No especificado,No especificado,,,,TensorFlow / Keras,https://torre.ai/jobs/cresta-senior-machine-learning-engineer-asr-voice-experience
Torre.ai,Mercado Internacional (Remoto - USD),CAD,VdLOxJ5w,Senior Machine Learning Engineer (ASR) - Voice Experience,Cresta,Global / Remoto,Remoto,No especificado,No especificado,,,,PyTorch,https://torre.ai/jobs/cresta-senior-machine-learning-engineer-asr-voice-experience
Torre.ai,Mercado Internacional (Remoto - USD),CAD,VdLOxJ5w,Senior Machine Learning Engineer (ASR) - Voice Experience,Cresta,Global / Remoto,Remoto,No especificado,No especificado,,,,ETL / Pipelines de Datos,https://torre.ai/jobs/cresta-senior-machine-learning-engineer-asr-voice-experience
Torre.ai,Mercado Internacional (Remoto - USD),CAD,lr418D3W,Senior Machine Learning Engineer,Solidgate,Ukraine,Remoto,No especificado,No especificado,,,,Python,https://torre.ai/jobs/solidgate-senior-machine-learning-engineer
Torre.ai,Mercado Internacional (Remoto - USD),CAD,lr418D3W,Senior Machine Learning Engineer,Solidgate,Ukraine,Remoto,No especificado,No especificado,,,,Machine Learning General,https://torre.ai/jobs/solidgate-senior-machine-learning-engineer
Torre.ai,Mercado Internacional (Remoto - USD),CAD,VdLOPLBw,Head of Machine Learning,Solidgate,Ukraine,Remoto,No especificado,No especificado,,,,Machine Learning General,https://torre.ai/jobs/solidgate-head-of-machine-learning
Torre.ai,Mercado Internacional (Remoto - USD),CAD,VdLOPLBw,Head of Machine Learning,Solidgate,Ukraine,Remoto,No especificado,No especificado,,,,MLOps,https://torre.ai/jobs/solidgate-head-of-machine-learning
Torre.ai,Mercado Internacional (Remoto - USD),CAD,Yd6pl4OW,"Senior Technical Program Manager, Machine Learning Infrastructure",Cohere,Canada,Remoto,No especificado,No especificado,,,,Machine Learning General,https://torre.ai/jobs/cohere-senior-technical-program-manager-machine-learning-infrastructure
Torre.ai,Mercado Internacional (Remoto - USD),CAD,lr4p0ZLr,Machine Learning Intern/Co-Op (Winter 2027),Cohere,"Canada, United States",Remoto,No especificado,No especificado,,,,Python,https://torre.ai/jobs/cohere-machine-learning-internco-op-winter-2027
Torre.ai,Mercado Internacional (Remoto - USD),CAD,lr4p0ZLr,Machine Learning Intern/Co-Op (Winter 2027),Cohere,"Canada, United States",Remoto,No especificado,No especificado,,,,Machine Learning General,https://torre.ai/jobs/cohere-machine-learning-internco-op-winter-2027
Torre.ai,Mercado Internacional (Remoto - USD),CAD,lr4p0ZLr,Machine Learning Intern/Co-Op (Winter 2027),Cohere,"Canada, United States",Remoto,No especificado,No especificado,,,,TensorFlow / Keras,https://torre.ai/jobs/cohere-machine-learning-internco-op-winter-2027
Torre.ai,Mercado Internacional (Remoto - USD),CAD,2W1pN3nr,"Data Annotation Specialist, Data Science",Cohere,Canada,Remoto,No especificado,No especificado,,18560000.0,18.56,Python,https://torre.ai/jobs/cohere-data-annotation-specialist-data-science
Torre.ai,Mercado Internacional (Remoto - USD),CAD,2W1pN3nr,"Data Annotation Specialist, Data Science",Cohere,Canada,Remoto,No especificado,No especificado,,18560000.0,18.56,SQL,https://torre.ai/jobs/cohere-data-annotation-specialist-data-science
Torre.ai,Mercado Internacional (Remoto - USD),CAD,arQjp34W,"Staff Machine Learning Engineer, Gen AI | Voice & Speech",Weave,United States,Remoto,No especificado,No especificado,,,,SQL,https://torre.ai/jobs/weave-staff-machine-learning-engineer-gen-ai-voice-speech
Torre.ai,Mercado Internacional (Remoto - USD),CAD,arQjp34W,"Staff Machine Learning Engineer, Gen AI | Voice & Speech",Weave,United States,Remoto,No especificado,No especificado,,,,AWS,https://torre.ai/jobs/weave-staff-machine-learning-engineer-gen-ai-voice-speech
Torre.ai,Mercado Internacional (Remoto - USD),CAD,arQjp34W,"Staff Machine Learning Engineer, Gen AI | Voice & Speech",Weave,United States,Remoto,No especificado,No especificado,,,,Google Cloud (GCP),https://torre.ai/jobs/weave-staff-machine-learning-engineer-gen-ai-voice-speech
Torre.ai,Mercado Internacional (Remoto - USD),CAD,arQjp34W,"Staff Machine Learning Engineer, Gen AI | Voice & Speech",Weave,United States,Remoto,No especificado,No especificado,,,,Machine Learning General,https://torre.ai/jobs/weave-staff-machine-learning-engineer-gen-ai-voice-speech
Torre.ai,Mercado Internacional (Remoto - USD),CAD,arQjp34W,"Staff Machine Learning Engineer, Gen AI | Voice & Speech",Weave,United States,Remoto,No especificado,No especificado,,,,NLP / LLMs,https://torre.ai/jobs/weave-staff-machine-learning-engineer-gen-ai-voice-speech
Torre.ai,Mercado Internacional (Remoto - USD),CAD,arQjp34W,"Staff Machine Learning Engineer, Gen AI | Voice & Speech",Weave,United States,Remoto,No especificado,No especificado,,,,Docker / Kubernetes,https://torre.ai/jobs/weave-staff-machine-learning-engineer-gen-ai-voice-speech
Torre.ai,Mercado Internacional (Remoto - USD),CAD,arQjp34W,"Staff Machine Learning Engineer, Gen AI | Voice & Speech",Weave,United States,Remoto,No especificado,No especificado,,,,Bases de Datos NoSQL,https://torre.ai/jobs/weave-staff-machine-learning-engineer-gen-ai-voice-speech
Torre.ai,Mercado Internacional (Remoto - USD),CAD,arQjp34W,"Staff Machine Learning Engineer, Gen AI | Voice & Speech",Weave,United States,Remoto,No especificado,No especificado,,,,MLOps,https://torre.ai/jobs/weave-staff-machine-learning-engineer-gen-ai-voice-speech
Torre.ai,Mercado Internacional (Remoto - USD),CAD,qdP9DRbr,Senior Machine Learning Engineer (Remote - LATAM Based),Arionkoder,"Colombia, Argentina",Remoto,No especificado,No especificado,,,,Python,https://torre.ai/jobs/arionkoder-sr-machine-learning-engineer-remote-latam-based
Torre.ai,Mercado Internacional (Remoto - USD),CAD,qdP9DRbr,Senior Machine Learning Engineer (Remote - LATAM Based),Arionkoder,"Colombia, Argentina",Remoto,No especificado,No especificado,,,,AWS,https://torre.ai/jobs/arionkoder-sr-machine-learning-engineer-remote-latam-based
Torre.ai,Mercado Internacional (Remoto - USD),CAD,qdP9DRbr,Senior Machine Learning Engineer (Remote - LATAM Based),Arionkoder,"Colombia, Argentina",Remoto,No especificado,No especificado,,,,Machine Learning General,https://torre.ai/jobs/arionkoder-sr-machine-learning-engineer-remote-latam-based
Torre.ai,Mercado Internacional (Remoto - USD),CAD,qdP9DRbr,Senior Machine Learning Engineer (Remote - LATAM Based),Arionkoder,"Colombia, Argentina",Remoto,No especificado,No especificado,,,,Deep Learning,https://torre.ai/jobs/arionkoder-sr-machine-learning-engineer-remote-latam-based
Torre.ai,Mercado Internacional (Remoto - USD),CAD,qdP9DRbr,Senior Machine Learning Engineer (Remote - LATAM Based),Arionkoder,"Colombia, Argentina",Remoto,No especificado,No especificado,,,,Computer Vision,https://torre.ai/jobs/arionkoder-sr-machine-learning-engineer-remote-latam-based
Torre.ai,Mercado Internacional (Remoto - USD),CAD,qdP9DRbr,Senior Machine Learning Engineer (Remote - LATAM Based),Arionkoder,"Colombia, Argentina",Remoto,No especificado,No especificado,,,,Git / Control de Versiones,https://torre.ai/jobs/arionkoder-sr-machine-learning-engineer-remote-latam-based
Torre.ai,Mercado Internacional (Remoto - USD),CAD,qdP9DRbr,Senior Machine Learning Engineer (Remote - LATAM Based),Arionkoder,"Colombia, Argentina",Remoto,No especificado,No especificado,,,,MLOps,https://torre.ai/jobs/arionkoder-sr-machine-learning-engineer-remote-latam-based
Torre.ai,Mercado Internacional (Remoto - USD),USD,ed8pp3ed,"Research Staff, Data Science",Deepgram,United States,Remoto,No especificado,No especificado,,61666666.666666664,61.666666666666664,Python,https://torre.ai/jobs/deepgram-research-staff-data-science-1
Torre.ai,Mercado Internacional (Remoto - USD),USD,ed8pp3ed,"Research Staff, Data Science",Deepgram,United States,Remoto,No especificado,No especificado,,61666666.666666664,61.666666666666664,Deep Learning,https://torre.ai/jobs/deepgram-research-staff-data-science-1
Torre.ai,Mercado Internacional (Remoto - USD),USD,ed8pp3ed,"Research Staff, Data Science",Deepgram,United States,Remoto,No especificado,No especificado,,61666666.666666664,61.666666666666664,PyTorch,https://torre.ai/jobs/deepgram-research-staff-data-science-1
Torre.ai,Mercado Internacional (Remoto - USD),USD,NrJOOxYW,"Director, Client Data Science",Foodsmart,United States,Remoto,No especificado,No especificado,,68333333.33333333,68.33333333333333,Python,https://torre.ai/jobs/foodsmart-director-client-data-science
Torre.ai,Mercado Internacional (Remoto - USD),USD,NrJOOxYW,"Director, Client Data Science",Foodsmart,United States,Remoto,No especificado,No especificado,,68333333.33333333,68.33333333333333,SQL,https://torre.ai/jobs/foodsmart-director-client-data-science
Torre.ai,Mercado Internacional (Remoto - USD),USD,NrJOOxYW,"Director, Client Data Science",Foodsmart,United States,Remoto,No especificado,No especificado,,68333333.33333333,68.33333333333333,ETL / Pipelines de Datos,https://torre.ai/jobs/foodsmart-director-client-data-science
Torre.ai,Mercado Internacional (Remoto - USD),CAD,VWMqMEBW,Machine Learning Engineer (Remote),StackAdapt,United Kingdom,Remoto,No especificado,No especificado,,,,Python,https://torre.ai/jobs/stackadapt-machine-learning-engineer-remote
Torre.ai,Mercado Internacional (Remoto - USD),CAD,VWMqMEBW,Machine Learning Engineer (Remote),StackAdapt,United Kingdom,Remoto,No especificado,No especificado,,,,Machine Learning General,https://torre.ai/jobs/stackadapt-machine-learning-engineer-remote
Torre.ai,Mercado Internacional (Remoto - USD),CAD,VWMqMEBW,Machine Learning Engineer (Remote),StackAdapt,United Kingdom,Remoto,No especificado,No especificado,,,,ETL / Pipelines de Datos,https://torre.ai/jobs/stackadapt-machine-learning-engineer-remote
Torre.ai,Mercado Internacional (Remoto - USD),USD,JWO8VZ6w,Machine Learning Engineer,AI Talent Hunt,"Canadá, USA",Remoto,No especificado,No especificado,,65833333.33333333,65.83333333333333,Python,https://torre.ai/jobs/ai-talent-hunt-machine-learning-engineer
Torre.ai,Mercado Internacional (Remoto - USD),USD,JWO8VZ6w,Machine Learning Engineer,AI Talent Hunt,"Canadá, USA",Remoto,No especificado,No especificado,,65833333.33333333,65.83333333333333,SQL,https://torre.ai/jobs/ai-talent-hunt-machine-learning-engineer
Torre.ai,Mercado Internacional (Remoto - USD),USD,JWO8VZ6w,Machine Learning Engineer,AI Talent Hunt,"Canadá, USA",Remoto,No especificado,No especificado,,65833333.33333333,65.83333333333333,Machine Learning General,https://torre.ai/jobs/ai-talent-hunt-machine-learning-engineer
Torre.ai,Mercado Internacional (Remoto - USD),USD,JWO8VZ6w,Machine Learning Engineer,AI Talent Hunt,"Canadá, USA",Remoto,No especificado,No especificado,,65833333.33333333,65.83333333333333,ETL / Pipelines de Datos,https://torre.ai/jobs/ai-talent-hunt-machine-learning-engineer
Torre.ai,Mercado Internacional (Remoto - USD),USD,JWO8VZ6w,Machine Learning Engineer,AI Talent Hunt,"Canadá, USA",Remoto,No especificado,No especificado,,65833333.33333333,65.83333333333333,MLOps,https://torre.ai/jobs/ai-talent-hunt-machine-learning-engineer
Torre.ai,Mercado Internacional (Remoto - USD),CAD,Qwe1BDYw,Staff Machine Learning Engineer,SurveyMonkey,Italy,Remoto,No especificado,No especificado,,,,Kafka,https://torre.ai/jobs/surveymonkey-staff-machine-learning-engineer
Torre.ai,Mercado Internacional (Remoto - USD),CAD,Qwe1BDYw,Staff Machine Learning Engineer,SurveyMonkey,Italy,Remoto,No especificado,No especificado,,,,AWS,https://torre.ai/jobs/surveymonkey-staff-machine-learning-engineer
Torre.ai,Mercado Internacional (Remoto - USD),CAD,Qwe1BDYw,Staff Machine Learning Engineer,SurveyMonkey,Italy,Remoto,No especificado,No especificado,,,,Machine Learning General,https://torre.ai/jobs/surveymonkey-staff-machine-learning-engineer
Torre.ai,Mercado Internacional (Remoto - USD),CAD,Qwe1BDYw,Staff Machine Learning Engineer,SurveyMonkey,Italy,Remoto,No especificado,No especificado,,,,NLP / LLMs,https://torre.ai/jobs/surveymonkey-staff-machine-learning-engineer
Torre.ai,Mercado Internacional (Remoto - USD),CAD,Qwe1BDYw,Staff Machine Learning Engineer,SurveyMonkey,Italy,Remoto,No especificado,No especificado,,,,Docker / Kubernetes,https://torre.ai/jobs/surveymonkey-staff-machine-learning-engineer
Torre.ai,Mercado Internacional (Remoto - USD),USD,kWRgx57w,"Staff, Analytics Engineer, GTM Data Science & Analytics",Twilio,United States,Remoto,No especificado,No especificado,,58320000.0,58.32,SQL,https://torre.ai/jobs/twilio-staff-analytics-engineer-gtm-data-science-analytics
Torre.ai,Mercado Internacional (Remoto - USD),USD,kWRgx57w,"Staff, Analytics Engineer, GTM Data Science & Analytics",Twilio,United States,Remoto,No especificado,No especificado,,58320000.0,58.32,ETL / Pipelines de Datos,https://torre.ai/jobs/twilio-staff-analytics-engineer-gtm-data-science-analytics
Torre.ai,Mercado Internacional (Remoto - USD),USD,ZWXzxx1d,"Research Engineer, Machine Learning Systems",Deepgram,United States,Remoto,No especificado,No especificado,,66666666.66666667,66.66666666666667,Machine Learning General,https://torre.ai/jobs/deepgram-research-engineer-machine-learning-systems
Torre.ai,Mercado Internacional (Remoto - USD),USD,ZWXzxx1d,"Research Engineer, Machine Learning Systems",Deepgram,United States,Remoto,No especificado,No especificado,,66666666.66666667,66.66666666666667,Docker / Kubernetes,https://torre.ai/jobs/deepgram-research-engineer-machine-learning-systems
Torre.ai,Mercado Internacional (Remoto - USD),USD,ZWXzxx1d,"Research Engineer, Machine Learning Systems",Deepgram,United States,Remoto,No especificado,No especificado,,66666666.66666667,66.66666666666667,MLOps,https://torre.ai/jobs/deepgram-research-engineer-machine-learning-systems
Torre.ai,Mercado Internacional (Remoto - USD),CAD,lWgD7ayw,AI / Machine Learning Engineer,DevUps,Global / Remoto,Remoto,No especificado,No especificado,,,,Python,https://torre.ai/jobs/devups-ai-machine-learning-engineer
Torre.ai,Mercado Internacional (Remoto - USD),CAD,lWgD7ayw,AI / Machine Learning Engineer,DevUps,Global / Remoto,Remoto,No especificado,No especificado,,,,SQL,https://torre.ai/jobs/devups-ai-machine-learning-engineer
Torre.ai,Mercado Internacional (Remoto - USD),CAD,lWgD7ayw,AI / Machine Learning Engineer,DevUps,Global / Remoto,Remoto,No especificado,No especificado,,,,Spark / PySpark,https://torre.ai/jobs/devups-ai-machine-learning-engineer
Torre.ai,Mercado Internacional (Remoto - USD),CAD,lWgD7ayw,AI / Machine Learning Engineer,DevUps,Global / Remoto,Remoto,No especificado,No especificado,,,,Azure,https://torre.ai/jobs/devups-ai-machine-learning-engineer
Torre.ai,Mercado Internacional (Remoto - USD),CAD,lWgD7ayw,AI / Machine Learning Engineer,DevUps,Global / Remoto,Remoto,No especificado,No especificado,,,,Google Cloud (GCP),https://torre.ai/jobs/devups-ai-machine-learning-engineer
Torre.ai,Mercado Internacional (Remoto - USD),CAD,lWgD7ayw,AI / Machine Learning Engineer,DevUps,Global / Remoto,Remoto,No especificado,No especificado,,,,Machine Learning General,https://torre.ai/jobs/devups-ai-machine-learning-engineer
Torre.ai,Mercado Internacional (Remoto - USD),CAD,lWgD7ayw,AI / Machine Learning Engineer,DevUps,Global / Remoto,Remoto,No especificado,No especificado,,,,TensorFlow / Keras,https://torre.ai/jobs/devups-ai-machine-learning-engineer
Torre.ai,Mercado Internacional (Remoto - USD),CAD,lWgD7ayw,AI / Machine Learning Engineer,DevUps,Global / Remoto,Remoto,No especificado,No especificado,,,,PyTorch,https://torre.ai/jobs/devups-ai-machine-learning-engineer
Torre.ai,Mercado Internacional (Remoto - USD),CAD,lWgD7ayw,AI / Machine Learning Engineer,DevUps,Global / Remoto,Remoto,No especificado,No especificado,,,,ETL / Pipelines de Datos,https://torre.ai/jobs/devups-ai-machine-learning-engineer
Torre.ai,Mercado Internacional (Remoto - USD),CAD,lWgD7ayw,AI / Machine Learning Engineer,DevUps,Global / Remoto,Remoto,No especificado,No especificado,,,,Docker / Kubernetes,https://torre.ai/jobs/devups-ai-machine-learning-engineer
Torre.ai,Mercado Internacional (Remoto - USD),CAD,lWgD7ayw,AI / Machine Learning Engineer,DevUps,Global / Remoto,Remoto,No especificado,No especificado,,,,MLOps,https://torre.ai/jobs/devups-ai-machine-learning-engineer
Torre.ai,Mercado Internacional (Remoto - USD),CAD,ZW57GXpd,Machine Learning Engineer (GCP Certified),DevUps,Global / Remoto,Remoto,No especificado,No especificado,,,,Python,https://torre.ai/jobs/devups-machine-learning-engineer-gcp-certified
Torre.ai,Mercado Internacional (Remoto - USD),CAD,ZW57GXpd,Machine Learning Engineer (GCP Certified),DevUps,Global / Remoto,Remoto,No especificado,No especificado,,,,SQL,https://torre.ai/jobs/devups-machine-learning-engineer-gcp-certified
Torre.ai,Mercado Internacional (Remoto - USD),CAD,ZW57GXpd,Machine Learning Engineer (GCP Certified),DevUps,Global / Remoto,Remoto,No especificado,No especificado,,,,Google Cloud (GCP),https://torre.ai/jobs/devups-machine-learning-engineer-gcp-certified
Torre.ai,Mercado Internacional (Remoto - USD),CAD,ZW57GXpd,Machine Learning Engineer (GCP Certified),DevUps,Global / Remoto,Remoto,No especificado,No especificado,,,,Machine Learning General,https://torre.ai/jobs/devups-machine-learning-engineer-gcp-certified
Torre.ai,Mercado Internacional (Remoto - USD),CAD,ZW57GXpd,Machine Learning Engineer (GCP Certified),DevUps,Global / Remoto,Remoto,No especificado,No especificado,,,,NLP / LLMs,https://torre.ai/jobs/devups-machine-learning-engineer-gcp-certified
Torre.ai,Mercado Internacional (Remoto - USD),CAD,ZW57GXpd,Machine Learning Engineer (GCP Certified),DevUps,Global / Remoto,Remoto,No especificado,No especificado,,,,Computer Vision,https://torre.ai/jobs/devups-machine-learning-engineer-gcp-certified
Torre.ai,Mercado Internacional (Remoto - USD),CAD,ZW57GXpd,Machine Learning Engineer (GCP Certified),DevUps,Global / Remoto,Remoto,No especificado,No especificado,,,,Scikit-Learn,https://torre.ai/jobs/devups-machine-learning-engineer-gcp-certified
Torre.ai,Mercado Internacional (Remoto - USD),CAD,ZW57GXpd,Machine Learning Engineer (GCP Certified),DevUps,Global / Remoto,Remoto,No especificado,No especificado,,,,TensorFlow / Keras,https://torre.ai/jobs/devups-machine-learning-engineer-gcp-certified
Torre.ai,Mercado Internacional (Remoto - USD),CAD,ZW57GXpd,Machine Learning Engineer (GCP Certified),DevUps,Global / Remoto,Remoto,No especificado,No especificado,,,,PyTorch,https://torre.ai/jobs/devups-machine-learning-engineer-gcp-certified
Torre.ai,Mercado Internacional (Remoto - USD),CAD,ZW57GXpd,Machine Learning Engineer (GCP Certified),DevUps,Global / Remoto,Remoto,No especificado,No especificado,,,,ETL / Pipelines de Datos,https://torre.ai/jobs/devups-machine-learning-engineer-gcp-certified
Torre.ai,Mercado Internacional (Remoto - USD),CAD,ZW57GXpd,Machine Learning Engineer (GCP Certified),DevUps,Global / Remoto,Remoto,No especificado,No especificado,,,,Docker / Kubernetes,https://torre.ai/jobs/devups-machine-learning-engineer-gcp-certified
Torre.ai,Mercado Internacional (Remoto - USD),CAD,ZW57GXpd,Machine Learning Engineer (GCP Certified),DevUps,Global / Remoto,Remoto,No especificado,No especificado,,,,Bases de Datos NoSQL,https://torre.ai/jobs/devups-machine-learning-engineer-gcp-certified
Torre.ai,Mercado Internacional (Remoto - USD),CAD,ZW57GXpd,Machine Learning Engineer (GCP Certified),DevUps,Global / Remoto,Remoto,No especificado,No especificado,,,,MLOps,https://torre.ai/jobs/devups-machine-learning-engineer-gcp-certified
Torre.ai,Mercado Internacional (Remoto - USD),CAD,OwGo7A6w,"Senior Machine Learning Engineer, Ads",Quora,Global / Remoto,Remoto,No especificado,No especificado,,,,Python,https://torre.ai/jobs/quora-senior-machine-learning-engineer-ads
Torre.ai,Mercado Internacional (Remoto - USD),CAD,OwGo7A6w,"Senior Machine Learning Engineer, Ads",Quora,Global / Remoto,Remoto,No especificado,No especificado,,,,Machine Learning General,https://torre.ai/jobs/quora-senior-machine-learning-engineer-ads
Torre.ai,Mercado Internacional (Remoto - USD),CAD,OwGo7A6w,"Senior Machine Learning Engineer, Ads",Quora,Global / Remoto,Remoto,No especificado,No especificado,,,,TensorFlow / Keras,https://torre.ai/jobs/quora-senior-machine-learning-engineer-ads
Torre.ai,Mercado Internacional (Remoto - USD),CAD,OwGo7A6w,"Senior Machine Learning Engineer, Ads",Quora,Global / Remoto,Remoto,No especificado,No especificado,,,,PyTorch,https://torre.ai/jobs/quora-senior-machine-learning-engineer-ads
Torre.ai,Mercado Internacional (Remoto - USD),CAD,KWN18x8r,Senior Data Science Evaluation Specialist (5+ Yrs Exp),Mercor,Global / Remoto,Remoto,No especificado,No especificado,,,,Python,https://torre.ai/jobs/mercor-senior-data-science-evaluation-specialist-5-yrs-exp
Torre.ai,Mercado Internacional (Remoto - USD),CAD,KWN18x8r,Senior Data Science Evaluation Specialist (5+ Yrs Exp),Mercor,Global / Remoto,Remoto,No especificado,No especificado,,,,SQL,https://torre.ai/jobs/mercor-senior-data-science-evaluation-specialist-5-yrs-exp
Torre.ai,Mercado Internacional (Remoto - USD),CAD,qdPDK3Ad,"Staff Machine Learning Research Scientist (NLP, Clinical AI)",Rad AI,United States,Remoto,No especificado,No especificado,,,,Machine Learning General,https://torre.ai/jobs/rad-ai-staff-machine-learning-research-scientist-nlp-clinical-ai
Torre.ai,Mercado Internacional (Remoto - USD),CAD,qdPDK3Ad,"Staff Machine Learning Research Scientist (NLP, Clinical AI)",Rad AI,United States,Remoto,No especificado,No especificado,,,,NLP / LLMs,https://torre.ai/jobs/rad-ai-staff-machine-learning-research-scientist-nlp-clinical-ai
Torre.ai,Mercado Internacional (Remoto - USD),CAD,qdPDK3Ad,"Staff Machine Learning Research Scientist (NLP, Clinical AI)",Rad AI,United States,Remoto,No especificado,No especificado,,,,Computer Vision,https://torre.ai/jobs/rad-ai-staff-machine-learning-research-scientist-nlp-clinical-ai
Torre.ai,Mercado Internacional (Remoto - USD),CAD,qdPDK3Ad,"Staff Machine Learning Research Scientist (NLP, Clinical AI)",Rad AI,United States,Remoto,No especificado,No especificado,,,,PyTorch,https://torre.ai/jobs/rad-ai-staff-machine-learning-research-scientist-nlp-clinical-ai
Torre.ai,Mercado Internacional (Remoto - USD),CAD,VdLOxJ5w,Senior Machine Learning Engineer (ASR) - Voice Experience,Cresta,Global / Remoto,Remoto,No especificado,No especificado,,,,Machine Learning General,https://torre.ai/jobs/cresta-senior-machine-learning-engineer-asr-voice-experience
Torre.ai,Mercado Internacional (Remoto - USD),CAD,VdLOxJ5w,Senior Machine Learning Engineer (ASR) - Voice Experience,Cresta,Global / Remoto,Remoto,No especificado,No especificado,,,,NLP / LLMs,https://torre.ai/jobs/cresta-senior-machine-learning-engineer-asr-voice-experience
Torre.ai,Mercado Internacional (Remoto - USD),CAD,VdLOxJ5w,Senior Machine Learning Engineer (ASR) - Voice Experience,Cresta,Global / Remoto,Remoto,No especificado,No especificado,,,,TensorFlow / Keras,https://torre.ai/jobs/cresta-senior-machine-learning-engineer-asr-voice-experience
Torre.ai,Mercado Internacional (Remoto - USD),CAD,VdLOxJ5w,Senior Machine Learning Engineer (ASR) - Voice Experience,Cresta,Global / Remoto,Remoto,No especificado,No especificado,,,,PyTorch,https://torre.ai/jobs/cresta-senior-machine-learning-engineer-asr-voice-experience
Torre.ai,Mercado Internacional (Remoto - USD),CAD,VdLOxJ5w,Senior Machine Learning Engineer (ASR) - Voice Experience,Cresta,Global / Remoto,Remoto,No especificado,No especificado,,,,ETL / Pipelines de Datos,https://torre.ai/jobs/cresta-senior-machine-learning-engineer-asr-voice-experience
Torre.ai,Mercado Internacional (Remoto - USD),CAD,lr418D3W,Senior Machine Learning Engineer,Solidgate,Ukraine,Remoto,No especificado,No especificado,,,,Python,https://torre.ai/jobs/solidgate-senior-machine-learning-engineer
Torre.ai,Mercado Internacional (Remoto - USD),CAD,lr418D3W,Senior Machine Learning Engineer,Solidgate,Ukraine,Remoto,No especificado,No especificado,,,,Machine Learning General,https://torre.ai/jobs/solidgate-senior-machine-learning-engineer
Torre.ai,Mercado Internacional (Remoto - USD),CAD,VdLOPLBw,Head of Machine Learning,Solidgate,Ukraine,Remoto,No especificado,No especificado,,,,Machine Learning General,https://torre.ai/jobs/solidgate-head-of-machine-learning
Torre.ai,Mercado Internacional (Remoto - USD),CAD,VdLOPLBw,Head of Machine Learning,Solidgate,Ukraine,Remoto,No especificado,No especificado,,,,MLOps,https://torre.ai/jobs/solidgate-head-of-machine-learning
Torre.ai,Mercado Internacional (Remoto - USD),CAD,Yd6pl4OW,"Senior Technical Program Manager, Machine Learning Infrastructure",Cohere,Canada,Remoto,No especificado,No especificado,,,,Machine Learning General,https://torre.ai/jobs/cohere-senior-technical-program-manager-machine-learning-infrastructure
Torre.ai,Mercado Internacional (Remoto - USD),CAD,lr4p0ZLr,Machine Learning Intern/Co-Op (Winter 2027),Cohere,"Canada, United States",Remoto,No especificado,No especificado,,,,Python,https://torre.ai/jobs/cohere-machine-learning-internco-op-winter-2027
Torre.ai,Mercado Internacional (Remoto - USD),CAD,lr4p0ZLr,Machine Learning Intern/Co-Op (Winter 2027),Cohere,"Canada, United States",Remoto,No especificado,No especificado,,,,Machine Learning General,https://torre.ai/jobs/cohere-machine-learning-internco-op-winter-2027
Torre.ai,Mercado Internacional (Remoto - USD),CAD,lr4p0ZLr,Machine Learning Intern/Co-Op (Winter 2027),Cohere,"Canada, United States",Remoto,No especificado,No especificado,,,,TensorFlow / Keras,https://torre.ai/jobs/cohere-machine-learning-internco-op-winter-2027
Torre.ai,Mercado Internacional (Remoto - USD),CAD,2W1pN3nr,"Data Annotation Specialist, Data Science",Cohere,Canada,Remoto,No especificado,No especificado,,18560000.0,18.56,Python,https://torre.ai/jobs/cohere-data-annotation-specialist-data-science
Torre.ai,Mercado Internacional (Remoto - USD),CAD,2W1pN3nr,"Data Annotation Specialist, Data Science",Cohere,Canada,Remoto,No especificado,No especificado,,18560000.0,18.56,SQL,https://torre.ai/jobs/cohere-data-annotation-specialist-data-science
Torre.ai,Mercado Internacional (Remoto - USD),CAD,arQjp34W,"Staff Machine Learning Engineer, Gen AI | Voice & Speech",Weave,United States,Remoto,No especificado,No especificado,,,,SQL,https://torre.ai/jobs/weave-staff-machine-learning-engineer-gen-ai-voice-speech
Torre.ai,Mercado Internacional (Remoto - USD),CAD,arQjp34W,"Staff Machine Learning Engineer, Gen AI | Voice & Speech",Weave,United States,Remoto,No especificado,No especificado,,,,AWS,https://torre.ai/jobs/weave-staff-machine-learning-engineer-gen-ai-voice-speech
Torre.ai,Mercado Internacional (Remoto - USD),CAD,arQjp34W,"Staff Machine Learning Engineer, Gen AI | Voice & Speech",Weave,United States,Remoto,No especificado,No especificado,,,,Google Cloud (GCP),https://torre.ai/jobs/weave-staff-machine-learning-engineer-gen-ai-voice-speech
Torre.ai,Mercado Internacional (Remoto - USD),CAD,arQjp34W,"Staff Machine Learning Engineer, Gen AI | Voice & Speech",Weave,United States,Remoto,No especificado,No especificado,,,,Machine Learning General,https://torre.ai/jobs/weave-staff-machine-learning-engineer-gen-ai-voice-speech
Torre.ai,Mercado Internacional (Remoto - USD),CAD,arQjp34W,"Staff Machine Learning Engineer, Gen AI | Voice & Speech",Weave,United States,Remoto,No especificado,No especificado,,,,NLP / LLMs,https://torre.ai/jobs/weave-staff-machine-learning-engineer-gen-ai-voice-speech
Torre.ai,Mercado Internacional (Remoto - USD),CAD,arQjp34W,"Staff Machine Learning Engineer, Gen AI | Voice & Speech",Weave,United States,Remoto,No especificado,No especificado,,,,Docker / Kubernetes,https://torre.ai/jobs/weave-staff-machine-learning-engineer-gen-ai-voice-speech
Torre.ai,Mercado Internacional (Remoto - USD),CAD,arQjp34W,"Staff Machine Learning Engineer, Gen AI | Voice & Speech",Weave,United States,Remoto,No especificado,No especificado,,,,Bases de Datos NoSQL,https://torre.ai/jobs/weave-staff-machine-learning-engineer-gen-ai-voice-speech
Torre.ai,Mercado Internacional (Remoto - USD),CAD,arQjp34W,"Staff Machine Learning Engineer, Gen AI | Voice & Speech",Weave,United States,Remoto,No especificado,No especificado,,,,MLOps,https://torre.ai/jobs/weave-staff-machine-learning-engineer-gen-ai-voice-speech
Torre.ai,Mercado Internacional (Remoto - USD),CAD,qdP9DRbr,Senior Machine Learning Engineer (Remote - LATAM Based),Arionkoder,"Colombia, Argentina",Remoto,No especificado,No especificado,,,,Python,https://torre.ai/jobs/arionkoder-sr-machine-learning-engineer-remote-latam-based
Torre.ai,Mercado Internacional (Remoto - USD),CAD,qdP9DRbr,Senior Machine Learning Engineer (Remote - LATAM Based),Arionkoder,"Colombia, Argentina",Remoto,No especificado,No especificado,,,,AWS,https://torre.ai/jobs/arionkoder-sr-machine-learning-engineer-remote-latam-based
Torre.ai,Mercado Internacional (Remoto - USD),CAD,qdP9DRbr,Senior Machine Learning Engineer (Remote - LATAM Based),Arionkoder,"Colombia, Argentina",Remoto,No especificado,No especificado,,,,Machine Learning General,https://torre.ai/jobs/arionkoder-sr-machine-learning-engineer-remote-latam-based
Torre.ai,Mercado Internacional (Remoto - USD),CAD,qdP9DRbr,Senior Machine Learning Engineer (Remote - LATAM Based),Arionkoder,"Colombia, Argentina",Remoto,No especificado,No especificado,,,,Deep Learning,https://torre.ai/jobs/arionkoder-sr-machine-learning-engineer-remote-latam-based
Torre.ai,Mercado Internacional (Remoto - USD),CAD,qdP9DRbr,Senior Machine Learning Engineer (Remote - LATAM Based),Arionkoder,"Colombia, Argentina",Remoto,No especificado,No especificado,,,,Computer Vision,https://torre.ai/jobs/arionkoder-sr-machine-learning-engineer-remote-latam-based
Torre.ai,Mercado Internacional (Remoto - USD),CAD,qdP9DRbr,Senior Machine Learning Engineer (Remote - LATAM Based),Arionkoder,"Colombia, Argentina",Remoto,No especificado,No especificado,,,,Git / Control de Versiones,https://torre.ai/jobs/arionkoder-sr-machine-learning-engineer-remote-latam-based
Torre.ai,Mercado Internacional (Remoto - USD),CAD,qdP9DRbr,Senior Machine Learning Engineer (Remote - LATAM Based),Arionkoder,"Colombia, Argentina",Remoto,No especificado,No especificado,,,,MLOps,https://torre.ai/jobs/arionkoder-sr-machine-learning-engineer-remote-latam-based
Torre.ai,Mercado Internacional (Remoto - USD),USD,ed8pp3ed,"Research Staff, Data Science",Deepgram,United States,Remoto,No especificado,No especificado,,61666666.666666664,61.666666666666664,Python,https://torre.ai/jobs/deepgram-research-staff-data-science-1
Torre.ai,Mercado Internacional (Remoto - USD),USD,ed8pp3ed,"Research Staff, Data Science",Deepgram,United States,Remoto,No especificado,No especificado,,61666666.666666664,61.666666666666664,Deep Learning,https://torre.ai/jobs/deepgram-research-staff-data-science-1
Torre.ai,Mercado Internacional (Remoto - USD),USD,ed8pp3ed,"Research Staff, Data Science",Deepgram,United States,Remoto,No especificado,No especificado,,61666666.666666664,61.666666666666664,PyTorch,https://torre.ai/jobs/deepgram-research-staff-data-science-1
Torre.ai,Mercado Internacional (Remoto - USD),USD,NrJOOxYW,"Director, Client Data Science",Foodsmart,United States,Remoto,No especificado,No especificado,,68333333.33333333,68.33333333333333,Python,https://torre.ai/jobs/foodsmart-director-client-data-science
Torre.ai,Mercado Internacional (Remoto - USD),USD,NrJOOxYW,"Director, Client Data Science",Foodsmart,United States,Remoto,No especificado,No especificado,,68333333.33333333,68.33333333333333,SQL,https://torre.ai/jobs/foodsmart-director-client-data-science
Torre.ai,Mercado Internacional (Remoto - USD),USD,NrJOOxYW,"Director, Client Data Science",Foodsmart,United States,Remoto,No especificado,No especificado,,68333333.33333333,68.33333333333333,ETL / Pipelines de Datos,https://torre.ai/jobs/foodsmart-director-client-data-science
Torre.ai,Mercado Internacional (Remoto - USD),CAD,VWMqMEBW,Machine Learning Engineer (Remote),StackAdapt,United Kingdom,Remoto,No especificado,No especificado,,,,Python,https://torre.ai/jobs/stackadapt-machine-learning-engineer-remote
Torre.ai,Mercado Internacional (Remoto - USD),CAD,VWMqMEBW,Machine Learning Engineer (Remote),StackAdapt,United Kingdom,Remoto,No especificado,No especificado,,,,Machine Learning General,https://torre.ai/jobs/stackadapt-machine-learning-engineer-remote
Torre.ai,Mercado Internacional (Remoto - USD),CAD,VWMqMEBW,Machine Learning Engineer (Remote),StackAdapt,United Kingdom,Remoto,No especificado,No especificado,,,,ETL / Pipelines de Datos,https://torre.ai/jobs/stackadapt-machine-learning-engineer-remote
Torre.ai,Mercado Internacional (Remoto - USD),USD,JWO8VZ6w,Machine Learning Engineer,AI Talent Hunt,"Canadá, USA",Remoto,No especificado,No especificado,,65833333.33333333,65.83333333333333,Python,https://torre.ai/jobs/ai-talent-hunt-machine-learning-engineer
Torre.ai,Mercado Internacional (Remoto - USD),USD,JWO8VZ6w,Machine Learning Engineer,AI Talent Hunt,"Canadá, USA",Remoto,No especificado,No especificado,,65833333.33333333,65.83333333333333,SQL,https://torre.ai/jobs/ai-talent-hunt-machine-learning-engineer
Torre.ai,Mercado Internacional (Remoto - USD),USD,JWO8VZ6w,Machine Learning Engineer,AI Talent Hunt,"Canadá, USA",Remoto,No especificado,No especificado,,65833333.33333333,65.83333333333333,Machine Learning General,https://torre.ai/jobs/ai-talent-hunt-machine-learning-engineer
Torre.ai,Mercado Internacional (Remoto - USD),USD,JWO8VZ6w,Machine Learning Engineer,AI Talent Hunt,"Canadá, USA",Remoto,No especificado,No especificado,,65833333.33333333,65.83333333333333,ETL / Pipelines de Datos,https://torre.ai/jobs/ai-talent-hunt-machine-learning-engineer
Torre.ai,Mercado Internacional (Remoto - USD),USD,JWO8VZ6w,Machine Learning Engineer,AI Talent Hunt,"Canadá, USA",Remoto,No especificado,No especificado,,65833333.33333333,65.83333333333333,MLOps,https://torre.ai/jobs/ai-talent-hunt-machine-learning-engineer
Torre.ai,Mercado Internacional (Remoto - USD),CAD,Qwe1BDYw,Staff Machine Learning Engineer,SurveyMonkey,Italy,Remoto,No especificado,No especificado,,,,Kafka,https://torre.ai/jobs/surveymonkey-staff-machine-learning-engineer
Torre.ai,Mercado Internacional (Remoto - USD),CAD,Qwe1BDYw,Staff Machine Learning Engineer,SurveyMonkey,Italy,Remoto,No especificado,No especificado,,,,AWS,https://torre.ai/jobs/surveymonkey-staff-machine-learning-engineer
Torre.ai,Mercado Internacional (Remoto - USD),CAD,Qwe1BDYw,Staff Machine Learning Engineer,SurveyMonkey,Italy,Remoto,No especificado,No especificado,,,,Machine Learning General,https://torre.ai/jobs/surveymonkey-staff-machine-learning-engineer
Torre.ai,Mercado Internacional (Remoto - USD),CAD,Qwe1BDYw,Staff Machine Learning Engineer,SurveyMonkey,Italy,Remoto,No especificado,No especificado,,,,NLP / LLMs,https://torre.ai/jobs/surveymonkey-staff-machine-learning-engineer
Torre.ai,Mercado Internacional (Remoto - USD),CAD,Qwe1BDYw,Staff Machine Learning Engineer,SurveyMonkey,Italy,Remoto,No especificado,No especificado,,,,Docker / Kubernetes,https://torre.ai/jobs/surveymonkey-staff-machine-learning-engineer
Torre.ai,Mercado Internacional (Remoto - USD),USD,kWRgx57w,"Staff, Analytics Engineer, GTM Data Science & Analytics",Twilio,United States,Remoto,No especificado,No especificado,,58320000.0,58.32,SQL,https://torre.ai/jobs/twilio-staff-analytics-engineer-gtm-data-science-analytics
Torre.ai,Mercado Internacional (Remoto - USD),USD,kWRgx57w,"Staff, Analytics Engineer, GTM Data Science & Analytics",Twilio,United States,Remoto,No especificado,No especificado,,58320000.0,58.32,ETL / Pipelines de Datos,https://torre.ai/jobs/twilio-staff-analytics-engineer-gtm-data-science-analytics
Torre.ai,Mercado Internacional (Remoto - USD),USD,ZWXzxx1d,"Research Engineer, Machine Learning Systems",Deepgram,United States,Remoto,No especificado,No especificado,,66666666.66666667,66.66666666666667,Machine Learning General,https://torre.ai/jobs/deepgram-research-engineer-machine-learning-systems
Torre.ai,Mercado Internacional (Remoto - USD),USD,ZWXzxx1d,"Research Engineer, Machine Learning Systems",Deepgram,United States,Remoto,No especificado,No especificado,,66666666.66666667,66.66666666666667,Docker / Kubernetes,https://torre.ai/jobs/deepgram-research-engineer-machine-learning-systems
Torre.ai,Mercado Internacional (Remoto - USD),USD,ZWXzxx1d,"Research Engineer, Machine Learning Systems",Deepgram,United States,Remoto,No especificado,No especificado,,66666666.66666667,66.66666666666667,MLOps,https://torre.ai/jobs/deepgram-research-engineer-machine-learning-systems
Torre.ai,Mercado Internacional (Remoto - USD),CAD,lWgD7ayw,AI / Machine Learning Engineer,DevUps,Global / Remoto,Remoto,No especificado,No especificado,,,,Python,https://torre.ai/jobs/devups-ai-machine-learning-engineer
Torre.ai,Mercado Internacional (Remoto - USD),CAD,lWgD7ayw,AI / Machine Learning Engineer,DevUps,Global / Remoto,Remoto,No especificado,No especificado,,,,SQL,https://torre.ai/jobs/devups-ai-machine-learning-engineer
Torre.ai,Mercado Internacional (Remoto - USD),CAD,lWgD7ayw,AI / Machine Learning Engineer,DevUps,Global / Remoto,Remoto,No especificado,No especificado,,,,Spark / PySpark,https://torre.ai/jobs/devups-ai-machine-learning-engineer
Torre.ai,Mercado Internacional (Remoto - USD),CAD,lWgD7ayw,AI / Machine Learning Engineer,DevUps,Global / Remoto,Remoto,No especificado,No especificado,,,,Azure,https://torre.ai/jobs/devups-ai-machine-learning-engineer
Torre.ai,Mercado Internacional (Remoto - USD),CAD,lWgD7ayw,AI / Machine Learning Engineer,DevUps,Global / Remoto,Remoto,No especificado,No especificado,,,,Google Cloud (GCP),https://torre.ai/jobs/devups-ai-machine-learning-engineer
Torre.ai,Mercado Internacional (Remoto - USD),CAD,lWgD7ayw,AI / Machine Learning Engineer,DevUps,Global / Remoto,Remoto,No especificado,No especificado,,,,Machine Learning General,https://torre.ai/jobs/devups-ai-machine-learning-engineer
Torre.ai,Mercado Internacional (Remoto - USD),CAD,lWgD7ayw,AI / Machine Learning Engineer,DevUps,Global / Remoto,Remoto,No especificado,No especificado,,,,TensorFlow / Keras,https://torre.ai/jobs/devups-ai-machine-learning-engineer
Torre.ai,Mercado Internacional (Remoto - USD),CAD,lWgD7ayw,AI / Machine Learning Engineer,DevUps,Global / Remoto,Remoto,No especificado,No especificado,,,,PyTorch,https://torre.ai/jobs/devups-ai-machine-learning-engineer
Torre.ai,Mercado Internacional (Remoto - USD),CAD,lWgD7ayw,AI / Machine Learning Engineer,DevUps,Global / Remoto,Remoto,No especificado,No especificado,,,,ETL / Pipelines de Datos,https://torre.ai/jobs/devups-ai-machine-learning-engineer
Torre.ai,Mercado Internacional (Remoto - USD),CAD,lWgD7ayw,AI / Machine Learning Engineer,DevUps,Global / Remoto,Remoto,No especificado,No especificado,,,,Docker / Kubernetes,https://torre.ai/jobs/devups-ai-machine-learning-engineer
Torre.ai,Mercado Internacional (Remoto - USD),CAD,lWgD7ayw,AI / Machine Learning Engineer,DevUps,Global / Remoto,Remoto,No especificado,No especificado,,,,MLOps,https://torre.ai/jobs/devups-ai-machine-learning-engineer
Torre.ai,Mercado Internacional (Remoto - USD),CAD,ZW57GXpd,Machine Learning Engineer (GCP Certified),DevUps,Global / Remoto,Remoto,No especificado,No especificado,,,,Python,https://torre.ai/jobs/devups-machine-learning-engineer-gcp-certified
Torre.ai,Mercado Internacional (Remoto - USD),CAD,ZW57GXpd,Machine Learning Engineer (GCP Certified),DevUps,Global / Remoto,Remoto,No especificado,No especificado,,,,SQL,https://torre.ai/jobs/devups-machine-learning-engineer-gcp-certified
Torre.ai,Mercado Internacional (Remoto - USD),CAD,ZW57GXpd,Machine Learning Engineer (GCP Certified),DevUps,Global / Remoto,Remoto,No especificado,No especificado,,,,Google Cloud (GCP),https://torre.ai/jobs/devups-machine-learning-engineer-gcp-certified
Torre.ai,Mercado Internacional (Remoto - USD),CAD,ZW57GXpd,Machine Learning Engineer (GCP Certified),DevUps,Global / Remoto,Remoto,No especificado,No especificado,,,,Machine Learning General,https://torre.ai/jobs/devups-machine-learning-engineer-gcp-certified
Torre.ai,Mercado Internacional (Remoto - USD),CAD,ZW57GXpd,Machine Learning Engineer (GCP Certified),DevUps,Global / Remoto,Remoto,No especificado,No especificado,,,,NLP / LLMs,https://torre.ai/jobs/devups-machine-learning-engineer-gcp-certified
Torre.ai,Mercado Internacional (Remoto - USD),CAD,ZW57GXpd,Machine Learning Engineer (GCP Certified),DevUps,Global / Remoto,Remoto,No especificado,No especificado,,,,Computer Vision,https://torre.ai/jobs/devups-machine-learning-engineer-gcp-certified
Torre.ai,Mercado Internacional (Remoto - USD),CAD,ZW57GXpd,Machine Learning Engineer (GCP Certified),DevUps,Global / Remoto,Remoto,No especificado,No especificado,,,,Scikit-Learn,https://torre.ai/jobs/devups-machine-learning-engineer-gcp-certified
Torre.ai,Mercado Internacional (Remoto - USD),CAD,ZW57GXpd,Machine Learning Engineer (GCP Certified),DevUps,Global / Remoto,Remoto,No especificado,No especificado,,,,TensorFlow / Keras,https://torre.ai/jobs/devups-machine-learning-engineer-gcp-certified
Torre.ai,Mercado Internacional (Remoto - USD),CAD,ZW57GXpd,Machine Learning Engineer (GCP Certified),DevUps,Global / Remoto,Remoto,No especificado,No especificado,,,,PyTorch,https://torre.ai/jobs/devups-machine-learning-engineer-gcp-certified
Torre.ai,Mercado Internacional (Remoto - USD),CAD,ZW57GXpd,Machine Learning Engineer (GCP Certified),DevUps,Global / Remoto,Remoto,No especificado,No especificado,,,,ETL / Pipelines de Datos,https://torre.ai/jobs/devups-machine-learning-engineer-gcp-certified
Torre.ai,Mercado Internacional (Remoto - USD),CAD,ZW57GXpd,Machine Learning Engineer (GCP Certified),DevUps,Global / Remoto,Remoto,No especificado,No especificado,,,,Docker / Kubernetes,https://torre.ai/jobs/devups-machine-learning-engineer-gcp-certified
Torre.ai,Mercado Internacional (Remoto - USD),CAD,ZW57GXpd,Machine Learning Engineer (GCP Certified),DevUps,Global / Remoto,Remoto,No especificado,No especificado,,,,Bases de Datos NoSQL,https://torre.ai/jobs/devups-machine-learning-engineer-gcp-certified
Torre.ai,Mercado Internacional (Remoto - USD),CAD,ZW57GXpd,Machine Learning Engineer (GCP Certified),DevUps,Global / Remoto,Remoto,No especificado,No especificado,,,,MLOps,https://torre.ai/jobs/devups-machine-learning-engineer-gcp-certified
Torre.ai,Mercado Internacional (Remoto - USD),CAD,OwGo7A6w,"Senior Machine Learning Engineer, Ads",Quora,Global / Remoto,Remoto,No especificado,No especificado,,,,Python,https://torre.ai/jobs/quora-senior-machine-learning-engineer-ads
Torre.ai,Mercado Internacional (Remoto - USD),CAD,OwGo7A6w,"Senior Machine Learning Engineer, Ads",Quora,Global / Remoto,Remoto,No especificado,No especificado,,,,Machine Learning General,https://torre.ai/jobs/quora-senior-machine-learning-engineer-ads
Torre.ai,Mercado Internacional (Remoto - USD),CAD,OwGo7A6w,"Senior Machine Learning Engineer, Ads",Quora,Global / Remoto,Remoto,No especificado,No especificado,,,,TensorFlow / Keras,https://torre.ai/jobs/quora-senior-machine-learning-engineer-ads
Torre.ai,Mercado Internacional (Remoto - USD),CAD,OwGo7A6w,"Senior Machine Learning Engineer, Ads",Quora,Global / Remoto,Remoto,No especificado,No especificado,,,,PyTorch,https://torre.ai/jobs/quora-senior-machine-learning-engineer-ads
Torre.ai,Mercado Internacional (Remoto - USD),CAD,KWN18x8r,Senior Data Science Evaluation Specialist (5+ Yrs Exp),Mercor,Global / Remoto,Remoto,No especificado,No especificado,,,,Python,https://torre.ai/jobs/mercor-senior-data-science-evaluation-specialist-5-yrs-exp
Torre.ai,Mercado Internacional (Remoto - USD),CAD,KWN18x8r,Senior Data Science Evaluation Specialist (5+ Yrs Exp),Mercor,Global / Remoto,Remoto,No especificado,No especificado,,,,SQL,https://torre.ai/jobs/mercor-senior-data-science-evaluation-specialist-5-yrs-exp
Torre.ai,Mercado Internacional (Remoto - USD),CAD,qdPDK3Ad,"Staff Machine Learning Research Scientist (NLP, Clinical AI)",Rad AI,United States,Remoto,No especificado,No especificado,,,,Machine Learning General,https://torre.ai/jobs/rad-ai-staff-machine-learning-research-scientist-nlp-clinical-ai
Torre.ai,Mercado Internacional (Remoto - USD),CAD,qdPDK3Ad,"Staff Machine Learning Research Scientist (NLP, Clinical AI)",Rad AI,United States,Remoto,No especificado,No especificado,,,,NLP / LLMs,https://torre.ai/jobs/rad-ai-staff-machine-learning-research-scientist-nlp-clinical-ai
Torre.ai,Mercado Internacional (Remoto - USD),CAD,qdPDK3Ad,"Staff Machine Learning Research Scientist (NLP, Clinical AI)",Rad AI,United States,Remoto,No especificado,No especificado,,,,Computer Vision,https://torre.ai/jobs/rad-ai-staff-machine-learning-research-scientist-nlp-clinical-ai
Torre.ai,Mercado Internacional (Remoto - USD),CAD,qdPDK3Ad,"Staff Machine Learning Research Scientist (NLP, Clinical AI)",Rad AI,United States,Remoto,No especificado,No especificado,,,,PyTorch,https://torre.ai/jobs/rad-ai-staff-machine-learning-research-scientist-nlp-clinical-ai
Torre.ai,Mercado Internacional (Remoto - USD),CAD,VdLOxJ5w,Senior Machine Learning Engineer (ASR) - Voice Experience,Cresta,Global / Remoto,Remoto,No especificado,No especificado,,,,Machine Learning General,https://torre.ai/jobs/cresta-senior-machine-learning-engineer-asr-voice-experience
Torre.ai,Mercado Internacional (Remoto - USD),CAD,VdLOxJ5w,Senior Machine Learning Engineer (ASR) - Voice Experience,Cresta,Global / Remoto,Remoto,No especificado,No especificado,,,,NLP / LLMs,https://torre.ai/jobs/cresta-senior-machine-learning-engineer-asr-voice-experience
Torre.ai,Mercado Internacional (Remoto - USD),CAD,VdLOxJ5w,Senior Machine Learning Engineer (ASR) - Voice Experience,Cresta,Global / Remoto,Remoto,No especificado,No especificado,,,,TensorFlow / Keras,https://torre.ai/jobs/cresta-senior-machine-learning-engineer-asr-voice-experience
Torre.ai,Mercado Internacional (Remoto - USD),CAD,VdLOxJ5w,Senior Machine Learning Engineer (ASR) - Voice Experience,Cresta,Global / Remoto,Remoto,No especificado,No especificado,,,,PyTorch,https://torre.ai/jobs/cresta-senior-machine-learning-engineer-asr-voice-experience
Torre.ai,Mercado Internacional (Remoto - USD),CAD,VdLOxJ5w,Senior Machine Learning Engineer (ASR) - Voice Experience,Cresta,Global / Remoto,Remoto,No especificado,No especificado,,,,ETL / Pipelines de Datos,https://torre.ai/jobs/cresta-senior-machine-learning-engineer-asr-voice-experience
Torre.ai,Mercado Internacional (Remoto - USD),CAD,lr418D3W,Senior Machine Learning Engineer,Solidgate,Ukraine,Remoto,No especificado,No especificado,,,,Python,https://torre.ai/jobs/solidgate-senior-machine-learning-engineer
Torre.ai,Mercado Internacional (Remoto - USD),CAD,lr418D3W,Senior Machine Learning Engineer,Solidgate,Ukraine,Remoto,No especificado,No especificado,,,,Machine Learning General,https://torre.ai/jobs/solidgate-senior-machine-learning-engineer
Torre.ai,Mercado Internacional (Remoto - USD),CAD,VdLOPLBw,Head of Machine Learning,Solidgate,Ukraine,Remoto,No especificado,No especificado,,,,Machine Learning General,https://torre.ai/jobs/solidgate-head-of-machine-learning
Torre.ai,Mercado Internacional (Remoto - USD),CAD,VdLOPLBw,Head of Machine Learning,Solidgate,Ukraine,Remoto,No especificado,No especificado,,,,MLOps,https://torre.ai/jobs/solidgate-head-of-machine-learning
Torre.ai,Mercado Internacional (Remoto - USD),CAD,Yd6pl4OW,"Senior Technical Program Manager, Machine Learning Infrastructure",Cohere,Canada,Remoto,No especificado,No especificado,,,,Machine Learning General,https://torre.ai/jobs/cohere-senior-technical-program-manager-machine-learning-infrastructure
Torre.ai,Mercado Internacional (Remoto - USD),CAD,lr4p0ZLr,Machine Learning Intern/Co-Op (Winter 2027),Cohere,"Canada, United States",Remoto,No especificado,No especificado,,,,Python,https://torre.ai/jobs/cohere-machine-learning-internco-op-winter-2027
Torre.ai,Mercado Internacional (Remoto - USD),CAD,lr4p0ZLr,Machine Learning Intern/Co-Op (Winter 2027),Cohere,"Canada, United States",Remoto,No especificado,No especificado,,,,Machine Learning General,https://torre.ai/jobs/cohere-machine-learning-internco-op-winter-2027
Torre.ai,Mercado Internacional (Remoto - USD),CAD,lr4p0ZLr,Machine Learning Intern/Co-Op (Winter 2027),Cohere,"Canada, United States",Remoto,No especificado,No especificado,,,,TensorFlow / Keras,https://torre.ai/jobs/cohere-machine-learning-internco-op-winter-2027
Torre.ai,Mercado Internacional (Remoto - USD),CAD,2W1pN3nr,"Data Annotation Specialist, Data Science",Cohere,Canada,Remoto,No especificado,No especificado,,18560000.0,18.56,Python,https://torre.ai/jobs/cohere-data-annotation-specialist-data-science
Torre.ai,Mercado Internacional (Remoto - USD),CAD,2W1pN3nr,"Data Annotation Specialist, Data Science",Cohere,Canada,Remoto,No especificado,No especificado,,18560000.0,18.56,SQL,https://torre.ai/jobs/cohere-data-annotation-specialist-data-science
Torre.ai,Mercado Internacional (Remoto - USD),CAD,arQjp34W,"Staff Machine Learning Engineer, Gen AI | Voice & Speech",Weave,United States,Remoto,No especificado,No especificado,,,,SQL,https://torre.ai/jobs/weave-staff-machine-learning-engineer-gen-ai-voice-speech
Torre.ai,Mercado Internacional (Remoto - USD),CAD,arQjp34W,"Staff Machine Learning Engineer, Gen AI | Voice & Speech",Weave,United States,Remoto,No especificado,No especificado,,,,AWS,https://torre.ai/jobs/weave-staff-machine-learning-engineer-gen-ai-voice-speech
Torre.ai,Mercado Internacional (Remoto - USD),CAD,arQjp34W,"Staff Machine Learning Engineer, Gen AI | Voice & Speech",Weave,United States,Remoto,No especificado,No especificado,,,,Google Cloud (GCP),https://torre.ai/jobs/weave-staff-machine-learning-engineer-gen-ai-voice-speech
Torre.ai,Mercado Internacional (Remoto - USD),CAD,arQjp34W,"Staff Machine Learning Engineer, Gen AI | Voice & Speech",Weave,United States,Remoto,No especificado,No especificado,,,,Machine Learning General,https://torre.ai/jobs/weave-staff-machine-learning-engineer-gen-ai-voice-speech
Torre.ai,Mercado Internacional (Remoto - USD),CAD,arQjp34W,"Staff Machine Learning Engineer, Gen AI | Voice & Speech",Weave,United States,Remoto,No especificado,No especificado,,,,NLP / LLMs,https://torre.ai/jobs/weave-staff-machine-learning-engineer-gen-ai-voice-speech
Torre.ai,Mercado Internacional (Remoto - USD),CAD,arQjp34W,"Staff Machine Learning Engineer, Gen AI | Voice & Speech",Weave,United States,Remoto,No especificado,No especificado,,,,Docker / Kubernetes,https://torre.ai/jobs/weave-staff-machine-learning-engineer-gen-ai-voice-speech
Torre.ai,Mercado Internacional (Remoto - USD),CAD,arQjp34W,"Staff Machine Learning Engineer, Gen AI | Voice & Speech",Weave,United States,Remoto,No especificado,No especificado,,,,Bases de Datos NoSQL,https://torre.ai/jobs/weave-staff-machine-learning-engineer-gen-ai-voice-speech
Torre.ai,Mercado Internacional (Remoto - USD),CAD,arQjp34W,"Staff Machine Learning Engineer, Gen AI | Voice & Speech",Weave,United States,Remoto,No especificado,No especificado,,,,MLOps,https://torre.ai/jobs/weave-staff-machine-learning-engineer-gen-ai-voice-speech
Torre.ai,Mercado Internacional (Remoto - USD),CAD,qdP9DRbr,Senior Machine Learning Engineer (Remote - LATAM Based),Arionkoder,"Colombia, Argentina",Remoto,No especificado,No especificado,,,,Python,https://torre.ai/jobs/arionkoder-sr-machine-learning-engineer-remote-latam-based
Torre.ai,Mercado Internacional (Remoto - USD),CAD,qdP9DRbr,Senior Machine Learning Engineer (Remote - LATAM Based),Arionkoder,"Colombia, Argentina",Remoto,No especificado,No especificado,,,,AWS,https://torre.ai/jobs/arionkoder-sr-machine-learning-engineer-remote-latam-based
Torre.ai,Mercado Internacional (Remoto - USD),CAD,qdP9DRbr,Senior Machine Learning Engineer (Remote - LATAM Based),Arionkoder,"Colombia, Argentina",Remoto,No especificado,No especificado,,,,Machine Learning General,https://torre.ai/jobs/arionkoder-sr-machine-learning-engineer-remote-latam-based
Torre.ai,Mercado Internacional (Remoto - USD),CAD,qdP9DRbr,Senior Machine Learning Engineer (Remote - LATAM Based),Arionkoder,"Colombia, Argentina",Remoto,No especificado,No especificado,,,,Deep Learning,https://torre.ai/jobs/arionkoder-sr-machine-learning-engineer-remote-latam-based
Torre.ai,Mercado Internacional (Remoto - USD),CAD,qdP9DRbr,Senior Machine Learning Engineer (Remote - LATAM Based),Arionkoder,"Colombia, Argentina",Remoto,No especificado,No especificado,,,,Computer Vision,https://torre.ai/jobs/arionkoder-sr-machine-learning-engineer-remote-latam-based
Torre.ai,Mercado Internacional (Remoto - USD),CAD,qdP9DRbr,Senior Machine Learning Engineer (Remote - LATAM Based),Arionkoder,"Colombia, Argentina",Remoto,No especificado,No especificado,,,,Git / Control de Versiones,https://torre.ai/jobs/arionkoder-sr-machine-learning-engineer-remote-latam-based
Torre.ai,Mercado Internacional (Remoto - USD),CAD,qdP9DRbr,Senior Machine Learning Engineer (Remote - LATAM Based),Arionkoder,"Colombia, Argentina",Remoto,No especificado,No especificado,,,,MLOps,https://torre.ai/jobs/arionkoder-sr-machine-learning-engineer-remote-latam-based
Torre.ai,Mercado Internacional (Remoto - USD),USD,ed8pp3ed,"Research Staff, Data Science",Deepgram,United States,Remoto,No especificado,No especificado,,61666666.666666664,61.666666666666664,Python,https://torre.ai/jobs/deepgram-research-staff-data-science-1
Torre.ai,Mercado Internacional (Remoto - USD),USD,ed8pp3ed,"Research Staff, Data Science",Deepgram,United States,Remoto,No especificado,No especificado,,61666666.666666664,61.666666666666664,Deep Learning,https://torre.ai/jobs/deepgram-research-staff-data-science-1
Torre.ai,Mercado Internacional (Remoto - USD),USD,ed8pp3ed,"Research Staff, Data Science",Deepgram,United States,Remoto,No especificado,No especificado,,61666666.666666664,61.666666666666664,PyTorch,https://torre.ai/jobs/deepgram-research-staff-data-science-1
Torre.ai,Mercado Internacional (Remoto - USD),USD,NrJOOxYW,"Director, Client Data Science",Foodsmart,United States,Remoto,No especificado,No especificado,,68333333.33333333,68.33333333333333,Python,https://torre.ai/jobs/foodsmart-director-client-data-science
Torre.ai,Mercado Internacional (Remoto - USD),USD,NrJOOxYW,"Director, Client Data Science",Foodsmart,United States,Remoto,No especificado,No especificado,,68333333.33333333,68.33333333333333,SQL,https://torre.ai/jobs/foodsmart-director-client-data-science
Torre.ai,Mercado Internacional (Remoto - USD),USD,NrJOOxYW,"Director, Client Data Science",Foodsmart,United States,Remoto,No especificado,No especificado,,68333333.33333333,68.33333333333333,ETL / Pipelines de Datos,https://torre.ai/jobs/foodsmart-director-client-data-science
Torre.ai,Mercado Internacional (Remoto - USD),CAD,VWMqMEBW,Machine Learning Engineer (Remote),StackAdapt,United Kingdom,Remoto,No especificado,No especificado,,,,Python,https://torre.ai/jobs/stackadapt-machine-learning-engineer-remote
Torre.ai,Mercado Internacional (Remoto - USD),CAD,VWMqMEBW,Machine Learning Engineer (Remote),StackAdapt,United Kingdom,Remoto,No especificado,No especificado,,,,Machine Learning General,https://torre.ai/jobs/stackadapt-machine-learning-engineer-remote
Torre.ai,Mercado Internacional (Remoto - USD),CAD,VWMqMEBW,Machine Learning Engineer (Remote),StackAdapt,United Kingdom,Remoto,No especificado,No especificado,,,,ETL / Pipelines de Datos,https://torre.ai/jobs/stackadapt-machine-learning-engineer-remote
Torre.ai,Mercado Internacional (Remoto - USD),USD,JWO8VZ6w,Machine Learning Engineer,AI Talent Hunt,"Canadá, USA",Remoto,No especificado,No especificado,,65833333.33333333,65.83333333333333,Python,https://torre.ai/jobs/ai-talent-hunt-machine-learning-engineer
Torre.ai,Mercado Internacional (Remoto - USD),USD,JWO8VZ6w,Machine Learning Engineer,AI Talent Hunt,"Canadá, USA",Remoto,No especificado,No especificado,,65833333.33333333,65.83333333333333,SQL,https://torre.ai/jobs/ai-talent-hunt-machine-learning-engineer
Torre.ai,Mercado Internacional (Remoto - USD),USD,JWO8VZ6w,Machine Learning Engineer,AI Talent Hunt,"Canadá, USA",Remoto,No especificado,No especificado,,65833333.33333333,65.83333333333333,Machine Learning General,https://torre.ai/jobs/ai-talent-hunt-machine-learning-engineer
Torre.ai,Mercado Internacional (Remoto - USD),USD,JWO8VZ6w,Machine Learning Engineer,AI Talent Hunt,"Canadá, USA",Remoto,No especificado,No especificado,,65833333.33333333,65.83333333333333,ETL / Pipelines de Datos,https://torre.ai/jobs/ai-talent-hunt-machine-learning-engineer
Torre.ai,Mercado Internacional (Remoto - USD),USD,JWO8VZ6w,Machine Learning Engineer,AI Talent Hunt,"Canadá, USA",Remoto,No especificado,No especificado,,65833333.33333333,65.83333333333333,MLOps,https://torre.ai/jobs/ai-talent-hunt-machine-learning-engineer
Torre.ai,Mercado Internacional (Remoto - USD),CAD,Qwe1BDYw,Staff Machine Learning Engineer,SurveyMonkey,Italy,Remoto,No especificado,No especificado,,,,Kafka,https://torre.ai/jobs/surveymonkey-staff-machine-learning-engineer
Torre.ai,Mercado Internacional (Remoto - USD),CAD,Qwe1BDYw,Staff Machine Learning Engineer,SurveyMonkey,Italy,Remoto,No especificado,No especificado,,,,AWS,https://torre.ai/jobs/surveymonkey-staff-machine-learning-engineer
Torre.ai,Mercado Internacional (Remoto - USD),CAD,Qwe1BDYw,Staff Machine Learning Engineer,SurveyMonkey,Italy,Remoto,No especificado,No especificado,,,,Machine Learning General,https://torre.ai/jobs/surveymonkey-staff-machine-learning-engineer
Torre.ai,Mercado Internacional (Remoto - USD),CAD,Qwe1BDYw,Staff Machine Learning Engineer,SurveyMonkey,Italy,Remoto,No especificado,No especificado,,,,NLP / LLMs,https://torre.ai/jobs/surveymonkey-staff-machine-learning-engineer
Torre.ai,Mercado Internacional (Remoto - USD),CAD,Qwe1BDYw,Staff Machine Learning Engineer,SurveyMonkey,Italy,Remoto,No especificado,No especificado,,,,Docker / Kubernetes,https://torre.ai/jobs/surveymonkey-staff-machine-learning-engineer
Torre.ai,Mercado Internacional (Remoto - USD),USD,kWRgx57w,"Staff, Analytics Engineer, GTM Data Science & Analytics",Twilio,United States,Remoto,No especificado,No especificado,,58320000.0,58.32,SQL,https://torre.ai/jobs/twilio-staff-analytics-engineer-gtm-data-science-analytics
Torre.ai,Mercado Internacional (Remoto - USD),USD,kWRgx57w,"Staff, Analytics Engineer, GTM Data Science & Analytics",Twilio,United States,Remoto,No especificado,No especificado,,58320000.0,58.32,ETL / Pipelines de Datos,https://torre.ai/jobs/twilio-staff-analytics-engineer-gtm-data-science-analytics
Torre.ai,Mercado Internacional (Remoto - USD),USD,ZWXzxx1d,"Research Engineer, Machine Learning Systems",Deepgram,United States,Remoto,No especificado,No especificado,,66666666.66666667,66.66666666666667,Machine Learning General,https://torre.ai/jobs/deepgram-research-engineer-machine-learning-systems
Torre.ai,Mercado Internacional (Remoto - USD),USD,ZWXzxx1d,"Research Engineer, Machine Learning Systems",Deepgram,United States,Remoto,No especificado,No especificado,,66666666.66666667,66.66666666666667,Docker / Kubernetes,https://torre.ai/jobs/deepgram-research-engineer-machine-learning-systems
Torre.ai,Mercado Internacional (Remoto - USD),USD,ZWXzxx1d,"Research Engineer, Machine Learning Systems",Deepgram,United States,Remoto,No especificado,No especificado,,66666666.66666667,66.66666666666667,MLOps,https://torre.ai/jobs/deepgram-research-engineer-machine-learning-systems
LinkedIn,Mercado Internacional (Remoto - USD),CAD,4465699978,Sr Data Scientist - GCP,Coderio | Software Company,Área metropolitana de Bucaramanga,Presencial,No especificado,No especificado,,,,Google Cloud (GCP),https://co.linkedin.com/jobs/view/sr-data-scientist-gcp-at-coderio-4465699978
LinkedIn,Mercado Internacional (Remoto - USD),CAD,4463910332,Sr Data Scientist - GCP,Coderio | Software Company,Colombia,Presencial,No especificado,No especificado,,,,Google Cloud (GCP),https://co.linkedin.com/jobs/view/sr-data-scientist-gcp-at-coderio-4463910332
LinkedIn,Mercado Internacional (Remoto - USD),CAD,4466334525,Data Scientist - Python (Remote),Hire Feed,Colombia,Remoto,No especificado,No especificado,,,,Python,https://co.linkedin.com/jobs/view/data-scientist-python-remote-at-hire-feed-4466334525
LinkedIn,Mercado Internacional (Remoto - USD),CAD,4455549641,Machine Learning Engineer,Cuesta Partners,"Barranquilla, Atlántico, Colombia",Presencial,No especificado,No especificado,,,,Machine Learning General,https://co.linkedin.com/jobs/view/machine-learning-engineer-at-cuesta-partners-4455549641
LinkedIn,Mercado Internacional (Remoto - USD),CAD,4441046718,#127006 - Data Scientist - Production Machine Learning,Upwork,"Bogotá, Distrito Capital, Colombia",Presencial,No especificado,No especificado,,,,Machine Learning General,https://co.linkedin.com/jobs/view/%23127006-data-scientist-production-machine-learning-at-upwork-4441046718
LinkedIn,Mercado Internacional (Remoto - USD),CAD,4450408333,Machine Learning Engineer Senior,Apiux Tech,"Bogotá, Distrito Capital, Colombia",Presencial,No especificado,No especificado,,,,Machine Learning General,https://co.linkedin.com/jobs/view/machine-learning-engineer-senior-at-apiux-tech-4450408333
LinkedIn,Mercado Internacional (Remoto - USD),CAD,4460645901,AI / Machine Learning Engineer (Colombia),Slalom,Colombia,Presencial,No especificado,No especificado,,,,Machine Learning General,https://co.linkedin.com/jobs/view/ai-machine-learning-engineer-colombia-at-slalom-4460645901
LinkedIn,Mercado Internacional (Remoto - USD),CAD,4316393979,Machine Learning Engineer,Inetum,"Bogotá, Distrito Capital, Colombia",Presencial,No especificado,No especificado,,,,Machine Learning General,https://co.linkedin.com/jobs/view/machine-learning-engineer-at-inetum-4316393979
LinkedIn,Mercado Internacional (Remoto - USD),CAD,4436445250,Data & Machine Learning Engineer,IDT Corporation,"Bogotá, Distrito Capital, Colombia",Presencial,No especificado,No especificado,,,,Machine Learning General,https://co.linkedin.com/jobs/view/data-machine-learning-engineer-at-idt-corporation-4436445250
LinkedIn,Mercado Internacional (Remoto - USD),CAD,4430108844,Principal AI/ML Engineer,symphony.is,Colombia,Presencial,No especificado,No especificado,,,,Machine Learning General,https://co.linkedin.com/jobs/view/principal-ai-ml-engineer-at-symphony-is-4430108844
LinkedIn,Mercado Internacional (Remoto - USD),CAD,4465699250,Data Scientist AWS - SR,Coderio | Software Company,"Cali, Valle del Cauca, Colombia",Presencial,No especificado,No especificado,,,,AWS,https://co.linkedin.com/jobs/view/data-scientist-aws-sr-at-coderio-4465699250
LinkedIn,Mercado Internacional (Remoto - USD),CAD,4465803211,Data Scientist AWS - SR,Coderio | Software Company,"Bogotá, Distrito Capital, Colombia",Presencial,No especificado,No especificado,,,,AWS,https://co.linkedin.com/jobs/view/data-scientist-aws-sr-at-coderio-4465803211
LinkedIn,Mercado Internacional (Remoto - USD),CAD,4463069256,Machine Learning Engineer,Mercado Libre,"Bogotá, Distrito Capital, Colombia",Presencial,No especificado,No especificado,,,,Machine Learning General,https://co.linkedin.com/jobs/view/machine-learning-engineer-at-mercado-libre-4463069256
LinkedIn,Mercado Internacional (Remoto - USD),CAD,4464513998,Machine Learning Engineer - Remote Work,BairesDev,Colombia,Remoto,No especificado,No especificado,,,,Machine Learning General,https://co.linkedin.com/jobs/view/machine-learning-engineer-remote-work-at-bairesdev-4464513998
LinkedIn,Mercado Internacional (Remoto - USD),CAD,4464694689,Python AI/ML Engineer - Remote Work | REF#303207,BairesDev,"Antioquia, Colombia",Remoto,No especificado,No especificado,,,,Python,https://co.linkedin.com/jobs/view/python-ai-ml-engineer-remote-work-ref%23303207-at-bairesdev-4464694689
LinkedIn,Mercado Internacional (Remoto - USD),CAD,4464694689,Python AI/ML Engineer - Remote Work | REF#303207,BairesDev,"Antioquia, Colombia",Remoto,No especificado,No especificado,,,,Machine Learning General,https://co.linkedin.com/jobs/view/python-ai-ml-engineer-remote-work-ref%23303207-at-bairesdev-4464694689
LinkedIn,Mercado Internacional (Remoto - USD),CAD,4410938237,(Data & AI/ML) Solutions Architect | Latam,Cuesta Partners,"Barranquilla, Atlántico, Colombia",Presencial,No especificado,No especificado,,,,Machine Learning General,https://co.linkedin.com/jobs/view/data-ai-ml-solutions-architect-latam-at-cuesta-partners-4410938237
LinkedIn,Mercado Internacional (Remoto - USD),CAD,4410941243,(Data & AI/ML) Solutions Architect | Latam,Cuesta Partners,"Cali, Valle del Cauca, Colombia",Presencial,No especificado,No especificado,,,,Machine Learning General,https://co.linkedin.com/jobs/view/data-ai-ml-solutions-architect-latam-at-cuesta-partners-4410941243
LinkedIn,Mercado Internacional (Remoto - USD),CAD,4370878299,AI Computer Vision Engineer - Remote - Colombia,FullStack,"Santa Marta, Magdalena, Colombia",Remoto,No especificado,No especificado,,,,Computer Vision,https://co.linkedin.com/jobs/view/ai-computer-vision-engineer-remote-colombia-at-fullstack-4370878299
LinkedIn,Mercado Internacional (Remoto - USD),CAD,4370868366,AI Computer Vision Engineer - Remote - Colombia,FullStack,"Barranquilla, Atlántico, Colombia",Remoto,No especificado,No especificado,,,,Computer Vision,https://co.linkedin.com/jobs/view/ai-computer-vision-engineer-remote-colombia-at-fullstack-4370868366
LinkedIn,Mercado Internacional (Remoto - USD),CAD,4465696645,Lead Data Scientist (AWS) – Advanced English – 100% Remote LATAM - Colombia,Sapindex,"Bogotá, Distrito Capital, Colombia",Remoto,No especificado,No especificado,,,,AWS,https://co.linkedin.com/jobs/view/lead-data-scientist-aws-%E2%80%93-advanced-english-%E2%80%93-100%25-remote-latam-colombia-at-sapindex-4465696645
LinkedIn,Mercado Internacional (Remoto - USD),CAD,4455310676,"Analista Junior de automatización (Python, Power Query, Power Platform)",Marsh Risk,"Bogotá, Distrito Capital, Colombia",Presencial,No especificado,No especificado,,,,Python,https://co.linkedin.com/jobs/view/analista-junior-de-automatizaci%C3%B3n-python-power-query-power-platform-at-marsh-risk-4455310676
LinkedIn,Mercado Internacional (Remoto - USD),CAD,4456032081,Data Engineer - Databricks & Snowflake,Slalom,"Bogotá, Distrito Capital, Colombia",Presencial,No especificado,No especificado,,,,Databricks,https://co.linkedin.com/jobs/view/data-engineer-databricks-snowflake-at-slalom-4456032081
LinkedIn,Mercado Internacional (Remoto - USD),CAD,4456039022,Data Engineer - Databricks & Snowflake,Slalom,Colombia,Presencial,No especificado,No especificado,,,,Databricks,https://co.linkedin.com/jobs/view/data-engineer-databricks-snowflake-at-slalom-4456039022
LinkedIn,Mercado Internacional (Remoto - USD),CAD,4418150537,Senior Data Engineer - Power BI,Perficient,Colombia,Presencial,No especificado,No especificado,,,,Power BI,https://co.linkedin.com/jobs/view/senior-data-engineer-power-bi-at-perficient-4418150537
LinkedIn,Mercado Internacional (Remoto - USD),CAD,4448929809,Power BI Developer,Expandia,Colombia,Presencial,No especificado,No especificado,,,,Power BI,https://co.linkedin.com/jobs/view/power-bi-developer-at-expandia-4448929809
LinkedIn,Mercado Internacional (Remoto - USD),CAD,4460076083,Senior Databricks Data Engineer ID86297,AgileEngine,"Pereira, Risaralda, Colombia",Presencial,No especificado,No especificado,,,,Databricks,https://co.linkedin.com/jobs/view/senior-databricks-data-engineer-id86297-at-agileengine-4460076083
LinkedIn,Mercado Internacional (Remoto - USD),CAD,4460206944,Ingeniero(a) de IA — Azure / LLM / RAG,NTT DATA Europe & Latam,Colombia,Presencial,No especificado,No especificado,,,,Azure,https://co.linkedin.com/jobs/view/ingeniero-a-de-ia-%E2%80%94-azure-llm-rag-at-ntt-data-europe-latam-4460206944
LinkedIn,Mercado Internacional (Remoto - USD),CAD,4460206944,Ingeniero(a) de IA — Azure / LLM / RAG,NTT DATA Europe & Latam,Colombia,Presencial,No especificado,No especificado,,,,NLP / LLMs,https://co.linkedin.com/jobs/view/ingeniero-a-de-ia-%E2%80%94-azure-llm-rag-at-ntt-data-europe-latam-4460206944
LinkedIn,Mercado Internacional (Remoto - USD),CAD,4410944223,(Data & AI/ML) Solutions Architect | Latam,Cuesta Partners,"Medellín, Antioquia, Colombia",Presencial,No especificado,No especificado,,,,Machine Learning General,https://co.linkedin.com/jobs/view/data-ai-ml-solutions-architect-latam-at-cuesta-partners-4410944223
LinkedIn,Mercado Internacional (Remoto - USD),CAD,4464695751,"Senior Data Engineer (Azure Databricks, Python) - Remote Work | REF#303671",BairesDev,"CAUCA, Sucre, Colombia",Remoto,No especificado,No especificado,,,,Python,https://co.linkedin.com/jobs/view/senior-data-engineer-azure-databricks-python-remote-work-ref%23303671-at-bairesdev-4464695751
LinkedIn,Mercado Internacional (Remoto - USD),CAD,4464695751,"Senior Data Engineer (Azure Databricks, Python) - Remote Work | REF#303671",BairesDev,"CAUCA, Sucre, Colombia",Remoto,No especificado,No especificado,,,,Databricks,https://co.linkedin.com/jobs/view/senior-data-engineer-azure-databricks-python-remote-work-ref%23303671-at-bairesdev-4464695751
LinkedIn,Mercado Internacional (Remoto - USD),CAD,4464695751,"Senior Data Engineer (Azure Databricks, Python) - Remote Work | REF#303671",BairesDev,"CAUCA, Sucre, Colombia",Remoto,No especificado,No especificado,,,,Azure,https://co.linkedin.com/jobs/view/senior-data-engineer-azure-databricks-python-remote-work-ref%23303671-at-bairesdev-4464695751
LinkedIn,Mercado Internacional (Remoto - USD),CAD,4370869693,AI Computer Vision Engineer - Remote - Colombia,FullStack,"Medellin, Antioquia, Colombia",Remoto,No especificado,No especificado,,,,Computer Vision,https://co.linkedin.com/jobs/view/ai-computer-vision-engineer-remote-colombia-at-fullstack-4370869693
LinkedIn,Mercado Internacional (Remoto - USD),CAD,4370889259,AI Computer Vision Engineer - Remote - Colombia,FullStack,Colombia,Remoto,No especificado,No especificado,,,,Computer Vision,https://co.linkedin.com/jobs/view/ai-computer-vision-engineer-remote-colombia-at-fullstack-4370889259
LinkedIn,Mercado Internacional (Remoto - USD),CAD,4370868351,AI Computer Vision Engineer - Remote - Colombia,FullStack,"Manizales, Caldas, Colombia",Remoto,No especificado,No especificado,,,,Computer Vision,https://co.linkedin.com/jobs/view/ai-computer-vision-engineer-remote-colombia-at-fullstack-4370868351
LinkedIn,Mercado Internacional (Remoto - USD),CAD,4370881319,AI Computer Vision Engineer - Remote - Colombia,FullStack,"Bogotá, Distrito Capital, Colombia",Remoto,No especificado,No especificado,,,,Computer Vision,https://co.linkedin.com/jobs/view/ai-computer-vision-engineer-remote-colombia-at-fullstack-4370881319
LinkedIn,Mercado Internacional (Remoto - USD),CAD,4370865355,AI Computer Vision Engineer - Remote - Colombia,FullStack,"Palmira, Valle del Cauca, Colombia",Remoto,No especificado,No especificado,,,,Computer Vision,https://co.linkedin.com/jobs/view/ai-computer-vision-engineer-remote-colombia-at-fullstack-4370865355
LinkedIn,Mercado Internacional (Remoto - USD),CAD,4370865351,AI Computer Vision Engineer - Remote - Colombia,FullStack,"Cartagena de Indias, Bolívar, Colombia",Remoto,No especificado,No especificado,,,,Computer Vision,https://co.linkedin.com/jobs/view/ai-computer-vision-engineer-remote-colombia-at-fullstack-4370865351
LinkedIn,Mercado Internacional (Remoto - USD),CAD,4370887288,AI Computer Vision Engineer - Remote - Colombia,FullStack,"San Jose de Cucuta, Norte de Santander, Colombia",Remoto,No especificado,No especificado,,,,Computer Vision,https://co.linkedin.com/jobs/view/ai-computer-vision-engineer-remote-colombia-at-fullstack-4370887288
LinkedIn,Mercado Internacional (Remoto - USD),CAD,4370865353,AI Computer Vision Engineer - Remote - Colombia,FullStack,"Bucaramanga, Santander, Colombia",Remoto,No especificado,No especificado,,,,Computer Vision,https://co.linkedin.com/jobs/view/ai-computer-vision-engineer-remote-colombia-at-fullstack-4370865353
Talent.com,Mercado Internacional (Remoto - USD),CAD,TAL_1_11,Sr Data Scientist - GCP,Coderio,"Colombia, Huila, Colombia, 411080",Presencial,No especificado,No especificado,,,,Google Cloud (GCP),
Talent.com,Mercado Internacional (Remoto - USD),CAD,TAL_1_13,Data Scientist Senior – AWS - Advanced English – 100% Remote LATAM - Colombia,SAPINDEX,"Bogotá, CO",Remoto,No especificado,No especificado,,,,AWS,
